temp,resp,group
43,-28.73198847,respiration
37.81572482,-25.27218206,respiration
42.98771499,-25.01430301,photosynthesis
37.81572482,-23.3269371,photosynthesis