paper_unit,paper_id,study_id,source,org_level,genus,species,temp,temp_units,response_def,response_value,response_units,gas_units,response_correction,time,error,error_type,sample_size,realm,exp_design,time_point,time_units,add_trt,add_value,ppfd,avg_ppfd,ppfd_units,elevation_metre,latitude,latitude_broad,elevation_broad,lichen_type,inv_T,mol,gram,min,mol_grammin,abs_molco2_g_min,log,centre_temp,centre_celsius,npp_value,r_value,npp_error,r__error,n
1,aubert_2007,aubert_2007,figure 1,pop,xanthoria,elegans,2,C,net photosynthesis,410.5516387,nmol CO2 * min^-1 *g^-1 dry wt,nmol_co2,g,min,15.66852368,SD,5,T,lab,NA,NA,NA,NA,500,500,umol *m^-2 *s^-1,2800,44.6008723,temperate,high,green algae,42.17524303670842,4.1055163870000004e-7,1,1,4.1055163870000004e-7,4.1055163870000004e-7,-14.70576412,2.087971206,-14.74899165,410.5516387,10.1379763,15.66852368,13.9275766,5
1,aubert_2007,aubert_2007,figure 1,pop,xanthoria,elegans,5,C,net photosynthesis,643.6552891,nmol CO2 * min^-1 *g^-1 dry wt,nmol_co2,g,min,20.89240614,SD,5,T,lab,NA,NA,NA,NA,500,500,umol *m^-2 *s^-1,2800,44.6008723,temperate,high,green algae,41.720359955241136,6.436552891000001e-7,1,1,6.436552891000001e-7,6.436552891000001e-7,-14.25610252,1.633088124,-11.74899165,643.6552891,44.76949528,20.89240614,20.89240614,5
1,aubert_2007,aubert_2007,figure 1,pop,xanthoria,elegans,10,C,net photosynthesis,782.6207667,nmol CO2 * min^-1 *g^-1 dry wt,nmol_co2,g,min,48.74755934,SD,5,T,lab,NA,NA,NA,NA,500,500,umol *m^-2 *s^-1,2800,44.6008723,temperate,high,green algae,40.98364161,7.826207667000001e-7,1,1,7.826207667000001e-7,7.826207667000001e-7,-14.06061759,0.896369778,-6.748991648,782.6207667,148.9181138,48.74755934,47.87604457,5
1,aubert_2007,aubert_2007,figure 1,pop,xanthoria,elegans,15,C,net photosynthesis,679.5925184,nmol CO2 * min^-1 *g^-1 dry wt,nmol_co2,g,min,54.83983287,SD,5,T,lab,NA,NA,NA,NA,500,500,umol *m^-2 *s^-1,2800,44.6008723,temperate,high,green algae,40.27249044438772,6.795925184000001e-7,1,1,6.795925184000001e-7,6.795925184000001e-7,-14.20177246,0.185218613,-1.748991648,679.5925184,329.6642388,54.83983287,55.71030641,5
1,aubert_2007,aubert_2007,figure 1,pop,xanthoria,elegans,20,C,net photosynthesis,499.9646813,nmol CO2 * min^-1 *g^-1 dry wt,nmol_co2,g,min,74.86072423,SD,5,T,lab,NA,NA,NA,NA,500,500,umol *m^-2 *s^-1,2800,44.6008723,temperate,high,green algae,39.58559823145258,4.999646813e-7,1,1,4.999646813e-7,4.999646813e-7,-14.50872838,-0.5016736,3.251008352,499.9646813,597.4577175,74.86072423,73.11977716,5
1,aubert_2007,aubert_2007,figure 1,pop,xanthoria,elegans,25,C,net photosynthesis,233.2915728,nmol CO2 * min^-1 *g^-1 dry wt,nmol_co2,g,min,81.82451253,SD,5,T,lab,NA,NA,NA,NA,500,500,umol *m^-2 *s^-1,2800,44.6008723,temperate,high,green algae,38.92174449622782,2.3329157280000002e-7,1,1,2.3329157280000002e-7,2.3329157280000002e-7,-15.27097678,-1.165527335,8.251008352,233.2915728,875.7010436,81.82451253,81.82451253,5
1,aubert_2007,aubert_2007,figure 1,pop,xanthoria,elegans,30,C,net photosynthesis,-64.72691288,nmol CO2 * min^-1 *g^-1 dry wt,nmol_co2,g,min,92.27019499,SD,5,T,lab,NA,NA,NA,NA,500,500,umol *m^-2 *s^-1,2800,44.6008723,temperate,high,green algae,38.27978928434875,-6.47E-08,1,1,-6.47E-08,6.472691288e-8,-16.55308876,-1.807482547,13.25100835,-64.72691288,1124.342022,92.27019499,90.53028915,5
1,colesie2018,colesie2018,figure 3,pop,stereocaulon,alpinum,5,C,net photosynthesis,1.91304348,umol CO2 *g^-1 *s^-1,umol_co2,g,sec,0.52173913,SD,3,T,lab,1,week,NA,NA,500,500,umol *m^-2 *s^-1,NA,-62,antarctic,neutral,cyanobacteria,41.720359955241136,1.91304348e-6,1,0.016666666666666666,1.147826088e-4,1.147826088e-4,-9.072470577,1.633088124,-11.74899165,1.91304348,-0.7859425,0.52173913,0.2971246,3
1,colesie2018,colesie2018,figure 3,pop,stereocaulon,alpinum,15,C,net photosynthesis,2.14492754,umol CO2 *g^-1 *s^-1,umol_co2,g,sec,0.2173913,SD,3,T,lab,1,week,NA,NA,500,500,umol *m^-2 *s^-1,NA,-62,antarctic,neutral,cyanobacteria,40.27249044438772,2.14492754e-6,1,0.016666666666666666,1.286956524e-4,1.286956524e-4,-8.958060225,0.185218613,-1.748991648,2.14492754,-1.9361022,0.2173913,0.1341853,3
1,colesie2018,colesie2018,figure 3,pop,stereocaulon,alpinum,23,C,net photosynthesis,1.91304348,umol CO2 *g^-1 *s^-1,umol_co2,g,sec,1.02898551,SD,3,T,lab,1,week,NA,NA,500,500,umol *m^-2 *s^-1,NA,-62,antarctic,neutral,cyanobacteria,39.18459605453426,1.91304348e-6,1,0.016666666666666666,1.147826088e-4,1.147826088e-4,-9.072470577,-0.902675777,6.251008352,1.91304348,-2.4728435,1.02898551,0.84345048,3
2,colesie2018,colesie2018,figure 3,pop,usnea,aurantiaco-atra,5,C,net photosynthesis,0.75362319,umol CO2 *g^-1 *s^-1,umol_co2,g,sec,0.31884058,SD,3,T,lab,1,week,NA,NA,500,500,umol *m^-2 *s^-1,NA,-62,antarctic,neutral,green algae,41.720359955241136,7.536231899999999e-7,1,0.016666666666666666,4.5217391399999993e-5,4.5217391399999993e-5,-10.00402878,1.633088124,-11.74899165,0.75362319,-0.4025559,0.31884058,0.14376997,3
2,colesie2018,colesie2018,figure 3,pop,usnea,aurantiaco-atra,15,C,net photosynthesis,0.92753623,umol CO2 *g^-1 *s^-1,umol_co2,g,sec,0.92753623,SD,3,T,lab,1,week,NA,NA,500,500,umol *m^-2 *s^-1,NA,-62,antarctic,neutral,green algae,40.27249044438772,9.275362299999999e-7,1,0.016666666666666666,5.5652173799999994e-5,5.5652173799999994e-5,-9.796389419,0.185218613,-1.748991648,0.92753623,-0.9776358,0.92753623,0.32587859,3
2,colesie2018,colesie2018,figure 3,pop,usnea,aurantiaco-atra,23,C,net photosynthesis,-0.8115942,umol CO2 *g^-1 *s^-1,umol_co2,g,sec,0.39130435,SD,3,T,lab,1,week,NA,NA,500,500,umol *m^-2 *s^-1,NA,-62,antarctic,neutral,green algae,39.18459605453426,-8.12E-07,1,0.016666666666666666,-4.87E-05,4.8695652000000004e-5,-9.929920813,-0.902675777,6.251008352,-0.8115942,-3.1054313,0.39130435,1.53354633,3
3,colesie2018,colesie2018,figure 3,pop,placopsis,contortuplicata,5,C,net photosynthesis,1.27536232,umol CO2 *g^-1 *s^-1,umol_co2,g,sec,0.23188406,SD,3,T,lab,1,week,NA,NA,500,500,umol *m^-2 *s^-1,NA,-62,antarctic,neutral,cyanobacteria,41.720359955241136,1.2753623199999998e-6,1,0.016666666666666666,7.652173919999999e-5,7.652173919999999e-5,-9.477935685,1.633088124,-11.74899165,1.27536232,-0.8626198,0.23188406,0.23961661,3
3,colesie2018,colesie2018,figure 3,pop,placopsis,contortuplicata,15,C,net photosynthesis,1.56521739,umol CO2 *g^-1 *s^-1,umol_co2,g,sec,0.53623188,SD,3,T,lab,1,week,NA,NA,500,500,umol *m^-2 *s^-1,NA,-62,antarctic,neutral,cyanobacteria,40.27249044438772,1.5652173899999998e-6,1,0.016666666666666666,9.391304339999999e-5,9.391304339999999e-5,-9.273141274,0.185218613,-1.748991648,1.56521739,-3.4696486,0.53623188,0.11501597,3
3,colesie2018,colesie2018,figure 3,pop,placopsis,contortuplicata,23,C,net photosynthesis,0.08695652,umol CO2 *g^-1 *s^-1,umol_co2,g,sec,0.66666667,SD,3,T,lab,1,week,NA,NA,500,500,umol *m^-2 *s^-1,NA,-62,antarctic,neutral,cyanobacteria,39.18459605453426,8.695652e-8,1,0.016666666666666666,5.2173912e-6,5.2173912e-6,-12.16351305,-0.902675777,6.251008352,0.08695652,-4.9265176,0.66666667,0.94888179,3
1,delprado_1995,delprado_1995,figure 2,pop,teloschistes,lacunosus,0,C,dark respiration,-0.414784394,umol CO2 *kg dw^-1 *s^-1,umol_co2,kg,sec,NA,NA,NA,T,lab,NA,NA,NA,NA,0,0,umol *m^-2 *s^-1,NA,36.834,temperate,neutral,green algae,42.4840495,-4.15E-07,1000,0.016666666666666666,-2.49E-08,2.4887063639999996e-8,-17.5089177,2.396777671,-16.74899165,3.626283368,-0.414784394,,,
1,delprado_1995,delprado_1995,figure 2,pop,teloschistes,lacunosus,5,C,dark respiration,-0.661190965,umol CO2 *kg dw^-1 *s^-1,umol_co2,kg,sec,NA,NA,NA,T,lab,NA,NA,NA,NA,0,0,umol *m^-2 *s^-1,NA,36.834,temperate,neutral,green algae,41.720359955241136,-6.61E-07,1000,0.016666666666666666,-3.97E-08,3.96714579e-8,-17.04263385,1.633088124,-11.74899165,5.967145791,-0.661190965,,,
1,delprado_1995,delprado_1995,figure 2,pop,teloschistes,lacunosus,10,C,dark respiration,-1.055441478,umol CO2 *kg dw^-1 *s^-1,umol_co2,kg,sec,NA,NA,NA,T,lab,NA,NA,NA,NA,0,0,umol *m^-2 *s^-1,NA,36.834,temperate,neutral,green algae,40.98364161,-1.06E-06,1000,0.016666666666666666,-6.33E-08,6.332648868e-8,-16.57496213,0.896369778,-6.748991648,8.406570842,-1.055441478,,,
1,delprado_1995,delprado_1995,figure 2,pop,teloschistes,lacunosus,15,C,dark respiration,-2.583162218,umol CO2 *kg dw^-1 *s^-1,umol_co2,kg,sec,NA,NA,NA,T,lab,NA,NA,NA,NA,0,0,umol *m^-2 *s^-1,NA,36.834,temperate,neutral,green algae,40.27249044438772,-2.58E-06,1000,0.016666666666666666,-1.55E-07,1.5498973307999998e-7,-15.67990696,0.185218613,-1.748991648,10.27926078,-2.583162218,,,
1,delprado_1995,delprado_1995,figure 2,pop,teloschistes,lacunosus,20,C,dark respiration,-3.618069815,umol CO2 *kg dw^-1 *s^-1,umol_co2,kg,sec,NA,NA,NA,T,lab,NA,NA,NA,NA,0,0,umol *m^-2 *s^-1,NA,36.834,temperate,neutral,green algae,39.58559823145258,-3.62E-06,1000,0.016666666666666666,-2.17E-07,2.170841889e-7,-15.34298059,-0.5016736,3.251008352,11.90554415,-3.618069815,,,
1,delprado_1995,delprado_1995,figure 2,pop,teloschistes,lacunosus,25,C,dark respiration,-4.012320329,umol CO2 *kg dw^-1 *s^-1,umol_co2,kg,sec,NA,NA,NA,T,lab,NA,NA,NA,NA,0,0,umol *m^-2 *s^-1,NA,36.834,temperate,neutral,green algae,38.92174449622782,-4.01E-06,1000,0.016666666666666666,-2.41E-07,2.4073921973999995e-7,-15.23955157,-1.165527335,8.251008352,11.80698152,-4.012320329,,,
1,delprado_1995,delprado_1995,figure 2,pop,teloschistes,lacunosus,30,C,dark respiration,-4.258726899,umol CO2 *kg dw^-1 *s^-1,umol_co2,kg,sec,NA,NA,NA,T,lab,NA,NA,NA,NA,0,0,umol *m^-2 *s^-1,NA,36.834,temperate,neutral,green algae,38.27978928434875,-4.26E-06,1000,0.016666666666666666,-2.56E-07,2.5552361394e-7,-15.17995101,-1.807482547,13.25100835,8.997946612,-4.258726899,,,
9,delprado_1995,delprado_1995,figure 2,pop,ramalina,bourgeana,0,C,dark respiration,-0.468781986,umol CO2 *kg dw^-1 *s^-1,umol_co2,kg,sec,NA,NA,NA,T,lab,NA,NA,NA,NA,0,0,umol *m^-2 *s^-1,NA,36.834,temperate,neutral,green algae,42.4840495,-4.69E-07,1000,0.016666666666666666,-2.81E-08,2.8126919159999996e-8,-17.38653874,2.396777671,-16.74899165,1.668372569,-0.468781986,,,
9,delprado_1995,delprado_1995,figure 2,pop,ramalina,bourgeana,5,C,dark respiration,-0.714431934,umol CO2 *kg dw^-1 *s^-1,umol_co2,kg,sec,NA,NA,NA,T,lab,NA,NA,NA,NA,0,0,umol *m^-2 *s^-1,NA,36.834,temperate,neutral,green algae,41.720359955241136,-7.14E-07,1000,0.016666666666666666,-4.29E-08,4.2865916039999994e-8,-16.96518882,1.633088124,-11.74899165,3.48618219,-0.714431934,,,
9,delprado_1995,delprado_1995,figure 2,pop,ramalina,bourgeana,10,C,dark respiration,-1.303991812,umol CO2 *kg dw^-1 *s^-1,umol_co2,kg,sec,NA,NA,NA,T,lab,NA,NA,NA,NA,0,0,umol *m^-2 *s^-1,NA,36.834,temperate,neutral,green algae,40.98364161,-1.30E-06,1000,0.016666666666666666,-7.82E-08,7.823950871999998e-8,-16.36349109,0.896369778,-6.748991648,8.423746162,-1.303991812,,,
9,delprado_1995,delprado_1995,figure 2,pop,ramalina,bourgeana,15,C,dark respiration,-2.409416581,umol CO2 *kg dw^-1 *s^-1,umol_co2,kg,sec,NA,NA,NA,T,lab,NA,NA,NA,NA,0,0,umol *m^-2 *s^-1,NA,36.834,temperate,neutral,green algae,40.27249044438772,-2.41E-06,1000,0.016666666666666666,-1.45E-07,1.4456499485999997e-7,-15.74953664,0.185218613,-1.748991648,10.11873081,-2.409416581,,,
9,delprado_1995,delprado_1995,figure 2,pop,ramalina,bourgeana,20,C,dark respiration,-3.785056295,umol CO2 *kg dw^-1 *s^-1,umol_co2,kg,sec,NA,NA,NA,T,lab,NA,NA,NA,NA,0,0,umol *m^-2 *s^-1,NA,36.834,temperate,neutral,green algae,39.58559823145258,-3.79E-06,1000,0.016666666666666666,-2.27E-07,2.2710337769999998e-7,-15.29786051,-0.5016736,3.251008352,8.178096213,-3.785056295,,,
9,delprado_1995,delprado_1995,figure 2,pop,ramalina,bourgeana,25,C,dark respiration,-5.357215967,umol CO2 *kg dw^-1 *s^-1,umol_co2,kg,sec,NA,NA,NA,T,lab,NA,NA,NA,NA,0,0,umol *m^-2 *s^-1,NA,36.834,temperate,neutral,green algae,38.92174449622782,-5.36E-06,1000,0.016666666666666666,-3.21E-07,3.2143295802e-7,-14.95047684,-1.165527335,8.251008352,5.74616172,-5.357215967,,,
9,delprado_1995,delprado_1995,figure 2,pop,ramalina,bourgeana,30,C,dark respiration,-7.445240532,umol CO2 *kg dw^-1 *s^-1,umol_co2,kg,sec,NA,NA,NA,T,lab,NA,NA,NA,NA,0,0,umol *m^-2 *s^-1,NA,36.834,temperate,neutral,green algae,38.27978928434875,-7.45E-06,1000,0.016666666666666666,-4.47E-07,4.4671443191999995e-7,-14.6213463,-1.807482547,13.25100835,5.279426817,-7.445240532,,,
1,domaschke_2013,domaschke_2013,figure 1,pop,Cetraria,aculeata,0,C,net photosynthesis,1.01048218,umol CO2 * kg^-1 * dry weight s^-1,umol_co2,kg,sec,NA,NA,NA,T,lab,NA,NA,location,germany,1200,1200,umol *m^-2 *s^-1,NA,49.58,temperate,neutral,green algae,42.4840495,1.0104821799999998e-6,1000,0.016666666666666666,6.062893079999999e-8,6.062893079999999e-8,-16.61849365,2.396777671,-16.74899165,1.01048218,-1.06918239,,,
1,domaschke_2013,domaschke_2013,figure 1,pop,Cetraria,aculeata,5,C,net photosynthesis,3.157232704,umol CO2 * kg^-1 * dry weight s^-1,umol_co2,kg,sec,NA,NA,NA,T,lab,NA,NA,location,germany,1200,1200,umol *m^-2 *s^-1,NA,49.58,temperate,neutral,green algae,41.720359955241136,3.157232704e-6,1000,0.016666666666666666,1.8943396223999998e-7,1.8943396223999998e-7,-15.47922536,1.633088124,-11.74899165,3.157232704,-1.303983229,,,
1,domaschke_2013,domaschke_2013,figure 1,pop,Cetraria,aculeata,10,C,net photosynthesis,6.27672956,umol CO2 * kg^-1 * dry weight s^-1,umol_co2,kg,sec,NA,NA,NA,T,lab,NA,NA,location,germany,1200,1200,umol *m^-2 *s^-1,NA,49.58,temperate,neutral,green algae,40.98364161,6.276729559999999e-6,1000,0.016666666666666666,3.766037735999999e-7,3.766037735999999e-7,-14.7920722,0.896369778,-6.748991648,6.27672956,-2.142557652,,,
1,domaschke_2013,domaschke_2013,figure 1,pop,Cetraria,aculeata,15,C,net photosynthesis,5.438155136,umol CO2 * kg^-1 * dry weight s^-1,umol_co2,kg,sec,NA,NA,NA,T,lab,NA,NA,location,germany,1200,1200,umol *m^-2 *s^-1,NA,49.58,temperate,neutral,green algae,40.27249044438772,5.438155136e-6,1000,0.016666666666666666,3.2628930815999994e-7,3.2628930815999994e-7,-14.9354814,0.185218613,-1.748991648,5.438155136,-2.142557652,,,
1,domaschke_2013,domaschke_2013,figure 1,pop,Cetraria,aculeata,20,C,net photosynthesis,7.819706499,umol CO2 * kg^-1 * dry weight s^-1,umol_co2,kg,sec,NA,NA,NA,T,lab,NA,NA,location,germany,1200,1200,umol *m^-2 *s^-1,NA,49.58,temperate,neutral,green algae,39.58559823145258,7.819706499e-6,1000,0.016666666666666666,4.6918238993999996e-7,4.6918238993999996e-7,-14.57227425,-0.5016736,3.251008352,7.819706499,-3.719077568,,,
1,domaschke_2013,domaschke_2013,figure 1,pop,Cetraria,aculeata,25,C,net photosynthesis,7.215932914,umol CO2 * kg^-1 * dry weight s^-1,umol_co2,kg,sec,NA,NA,NA,T,lab,NA,NA,location,germany,1200,1200,umol *m^-2 *s^-1,NA,49.58,temperate,neutral,green algae,38.92174449622782,7.2159329139999996e-6,1000,0.016666666666666666,4.3295597483999997e-7,4.3295597483999997e-7,-14.65262979,-1.165527335,8.251008352,7.215932914,-4.557651992,,,
1,domaschke_2013,domaschke_2013,figure 1,pop,Cetraria,aculeata,30,C,net photosynthesis,2.050314465,umol CO2 * kg^-1 * dry weight s^-1,umol_co2,kg,sec,NA,NA,NA,T,lab,NA,NA,location,germany,1200,1200,umol *m^-2 *s^-1,NA,49.58,temperate,neutral,green algae,38.27978928434875,2.050314465e-6,1000,0.016666666666666666,1.230188679e-7,1.230188679e-7,-15.9109281,-1.807482547,13.25100835,2.050314465,-4.859538784,,,
2,domaschke_2013,domaschke_2013,figure 1,pop,Cetraria,aculeata,0,C,net photosynthesis,1.278825996,umol CO2 * kg^-1 * dry weight s^-1,umol_co2,kg,sec,NA,NA,NA,T,lab,NA,NA,location,spain,1200,1200,umol *m^-2 *s^-1,NA,41.39,temperate,neutral,green algae,42.4840495,1.2788259959999998e-6,1000,0.016666666666666666,7.672955975999998e-8,7.672955975999998e-8,-16.38297881,2.396777671,-16.74899165,1.278825996,-0.532494759,,,
2,domaschke_2013,domaschke_2013,figure 1,pop,Cetraria,aculeata,5,C,net photosynthesis,2.519916143,umol CO2 * kg^-1 * dry weight s^-1,umol_co2,kg,sec,NA,NA,NA,T,lab,NA,NA,location,spain,1200,1200,umol *m^-2 *s^-1,NA,41.39,temperate,neutral,green algae,41.720359955241136,2.519916143e-6,1000,0.016666666666666666,1.5119496858e-7,1.5119496858e-7,-15.70469565,1.633088124,-11.74899165,2.519916143,-0.733752621,,,
2,domaschke_2013,domaschke_2013,figure 1,pop,Cetraria,aculeata,10,C,net photosynthesis,5.169811321,umol CO2 * kg^-1 * dry weight s^-1,umol_co2,kg,sec,NA,NA,NA,T,lab,NA,NA,location,spain,1200,1200,umol *m^-2 *s^-1,NA,41.39,temperate,neutral,green algae,40.98364161,5.169811321e-6,1000,0.016666666666666666,3.1018867925999997e-7,3.1018867925999997e-7,-14.98608508,0.896369778,-6.748991648,5.169811321,-1.236897275,,,
2,domaschke_2013,domaschke_2013,figure 1,pop,Cetraria,aculeata,15,C,net photosynthesis,4.264150943,umol CO2 * kg^-1 * dry weight s^-1,umol_co2,kg,sec,NA,NA,NA,T,lab,NA,NA,location,spain,1200,1200,umol *m^-2 *s^-1,NA,41.39,temperate,neutral,green algae,40.27249044438772,4.264150942999999e-6,1000,0.016666666666666666,2.5584905657999996e-7,2.5584905657999996e-7,-15.17867819,0.185218613,-1.748991648,4.264150943,-1.303983229,,,
2,domaschke_2013,domaschke_2013,figure 1,pop,Cetraria,aculeata,20,C,net photosynthesis,5.102725367,umol CO2 * kg^-1 * dry weight s^-1,umol_co2,kg,sec,NA,NA,NA,T,lab,NA,NA,location,spain,1200,1200,umol *m^-2 *s^-1,NA,41.39,temperate,neutral,green algae,39.58559823145258,5.102725367e-6,1000,0.016666666666666666,3.0616352202e-7,3.0616352202e-7,-14.99914649,-0.5016736,3.251008352,5.102725367,-2.041928721,,,
2,domaschke_2013,domaschke_2013,figure 1,pop,Cetraria,aculeata,25,C,net photosynthesis,3.693920335,umol CO2 * kg^-1 * dry weight s^-1,umol_co2,kg,sec,NA,NA,NA,T,lab,NA,NA,location,spain,1200,1200,umol *m^-2 *s^-1,NA,41.39,temperate,neutral,green algae,38.92174449622782,3.693920335e-6,1000,0.016666666666666666,2.2163522009999998e-7,2.2163522009999998e-7,-15.32223296,-1.165527335,8.251008352,3.693920335,-3.115303983,,,
2,domaschke_2013,domaschke_2013,figure 1,pop,Cetraria,aculeata,30,C,net photosynthesis,1.178197065,umol CO2 * kg^-1 * dry weight s^-1,umol_co2,kg,sec,NA,NA,NA,T,lab,NA,NA,location,spain,1200,1200,umol *m^-2 *s^-1,NA,41.39,temperate,neutral,green algae,38.27978928434875,1.1781970649999998e-6,1000,0.016666666666666666,7.069182389999998e-8,7.069182389999998e-8,-16.46493592,-1.807482547,13.25100835,1.178197065,-3.719077568,,,
3,domaschke_2013,domaschke_2013,figure 1,pop,Cetraria,aculeata,0,C,net photosynthesis,0.13836478,umol CO2 * kg^-1 * dry weight s^-1,umol_co2,kg,sec,NA,NA,NA,T,lab,NA,NA,location,antarctica,1200,1200,umol *m^-2 *s^-1,NA,-62.24,subantarctic,neutral,green algae,42.4840495,1.3836477999999998e-7,1000,0.016666666666666666,8.301886799999997e-9,8.301886799999997e-9,-18.60678302,2.396777671,-16.74899165,0.13836478,-0.63312369,,,
3,domaschke_2013,domaschke_2013,figure 1,pop,Cetraria,aculeata,5,C,net photosynthesis,0.373165618,umol CO2 * kg^-1 * dry weight s^-1,umol_co2,kg,sec,NA,NA,NA,T,lab,NA,NA,location,antarctica,1200,1200,umol *m^-2 *s^-1,NA,-62.24,subantarctic,neutral,green algae,41.720359955241136,3.73165618e-7,1000,0.016666666666666666,2.238993708e-8,2.238993708e-8,-17.61465422,1.633088124,-11.74899165,0.373165618,-0.800838574,,,
3,domaschke_2013,domaschke_2013,figure 1,pop,Cetraria,aculeata,10,C,net photosynthesis,0.909853249,umol CO2 * kg^-1 * dry weight s^-1,umol_co2,kg,sec,NA,NA,NA,T,lab,NA,NA,location,antarctica,1200,1200,umol *m^-2 *s^-1,NA,-62.24,subantarctic,neutral,green algae,40.98364161,9.098532489999999e-7,1000,0.016666666666666666,5.4591194939999986e-8,5.4591194939999986e-8,-16.72339323,0.896369778,-6.748991648,0.909853249,-1.169811321,,,
3,domaschke_2013,domaschke_2013,figure 1,pop,Cetraria,aculeata,15,C,net photosynthesis,0.809224319,umol CO2 * kg^-1 * dry weight s^-1,umol_co2,kg,sec,NA,NA,NA,T,lab,NA,NA,location,antarctica,1200,1200,umol *m^-2 *s^-1,NA,-62.24,subantarctic,neutral,green algae,40.27249044438772,8.09224319e-7,1000,0.016666666666666666,4.8553459139999997e-8,4.8553459139999997e-8,-16.8406004,0.185218613,-1.748991648,0.809224319,-1.169811321,,,
3,domaschke_2013,domaschke_2013,figure 1,pop,Cetraria,aculeata,20,C,net photosynthesis,0.171907757,umol CO2 * kg^-1 * dry weight s^-1,umol_co2,kg,sec,NA,NA,NA,T,lab,NA,NA,location,antarctica,1200,1200,umol *m^-2 *s^-1,NA,-62.24,subantarctic,neutral,green algae,39.58559823145258,1.71907757e-7,1000,0.016666666666666666,1.031446542e-8,1.031446542e-8,-18.38971852,-0.5016736,3.251008352,0.171907757,-2.310272537,,,
3,domaschke_2013,domaschke_2013,figure 1,pop,Cetraria,aculeata,25,C,net photosynthesis,-0.599580713,umol CO2 * kg^-1 * dry weight s^-1,umol_co2,kg,sec,NA,NA,NA,T,lab,NA,NA,location,antarctica,1200,1200,umol *m^-2 *s^-1,NA,-62.24,subantarctic,neutral,green algae,38.92174449622782,-6.00E-07,1000,0.016666666666666666,-3.60E-08,3.5974842779999996e-8,-17.14044595,-1.165527335,8.251008352,-0.599580713,-2.846960168,,,
3,domaschke_2013,domaschke_2013,figure 1,pop,Cetraria,aculeata,30,C,net photosynthesis,-0.834381551,umol CO2 * kg^-1 * dry weight s^-1,umol_co2,kg,sec,NA,NA,NA,T,lab,NA,NA,location,antarctica,1200,1200,umol *m^-2 *s^-1,NA,-62.24,subantarctic,neutral,green algae,38.27978928434875,-8.34E-07,1000,0.016666666666666666,-5.01E-08,5.0062893059999994e-8,-16.80998576,-1.807482547,13.25100835,-0.834381551,-2.578616352,,,
4,domaschke_2013,domaschke_2013,figure 1,pop,Cetraria,aculeata,0,C,net photosynthesis,0.071278826,umol CO2 * kg^-1 * dry weight s^-1,umol_co2,kg,sec,NA,NA,NA,T,lab,NA,NA,location,svalbard,1200,1200,umol *m^-2 *s^-1,NA,78.1,arctic,neutral,green algae,42.4840495,7.1278826e-8,1000,0.016666666666666666,4.27672956e-9,4.27672956e-9,-19.27007724,2.396777671,-16.74899165,0.071278826,-0.733752621,,,
4,domaschke_2013,domaschke_2013,figure 1,pop,Cetraria,aculeata,5,C,net photosynthesis,0.708595388,umol CO2 * kg^-1 * dry weight s^-1,umol_co2,kg,sec,NA,NA,NA,T,lab,NA,NA,location,svalbard,1200,1200,umol *m^-2 *s^-1,NA,78.1,arctic,neutral,green algae,41.720359955241136,7.08595388e-7,1000,0.016666666666666666,4.251572328e-8,4.251572328e-8,-16.97339187,1.633088124,-11.74899165,0.708595388,-1.002096436,,,
4,domaschke_2013,domaschke_2013,figure 1,pop,Cetraria,aculeata,10,C,net photosynthesis,1.077568134,umol CO2 * kg^-1 * dry weight s^-1,umol_co2,kg,sec,NA,NA,NA,T,lab,NA,NA,location,svalbard,1200,1200,umol *m^-2 *s^-1,NA,78.1,arctic,neutral,green algae,40.98364161,1.077568134e-6,1000,0.016666666666666666,6.465408804e-8,6.465408804e-8,-16.5542145,0.896369778,-6.748991648,1.077568134,-1.002096436,,,
4,domaschke_2013,domaschke_2013,figure 1,pop,Cetraria,aculeata,15,C,net photosynthesis,0.540880503,umol CO2 * kg^-1 * dry weight s^-1,umol_co2,kg,sec,NA,NA,NA,T,lab,NA,NA,location,svalbard,1200,1200,umol *m^-2 *s^-1,NA,78.1,arctic,neutral,green algae,40.27249044438772,5.40880503e-7,1000,0.016666666666666666,3.245283018e-8,3.245283018e-8,-17.24347818,0.185218613,-1.748991648,0.540880503,-1.471698113,,,
4,domaschke_2013,domaschke_2013,figure 1,pop,Cetraria,aculeata,20,C,net photosynthesis,0.507337526,umol CO2 * kg^-1 * dry weight s^-1,umol_co2,kg,sec,NA,NA,NA,T,lab,NA,NA,location,svalbard,1200,1200,umol *m^-2 *s^-1,NA,78.1,arctic,neutral,green algae,39.58559823145258,5.073375260000001e-7,1000,0.016666666666666666,3.044025156e-8,3.044025156e-8,-17.30750004,-0.5016736,3.251008352,0.507337526,-2.209643606,,,
4,domaschke_2013,domaschke_2013,figure 1,pop,Cetraria,aculeata,25,C,net photosynthesis,-0.465408805,umol CO2 * kg^-1 * dry weight s^-1,umol_co2,kg,sec,NA,NA,NA,T,lab,NA,NA,location,svalbard,1200,1200,umol *m^-2 *s^-1,NA,78.1,arctic,neutral,green algae,38.92174449622782,-4.65E-07,1000,0.016666666666666666,-2.79E-08,2.7924528299999994e-8,-17.39376038,-1.165527335,8.251008352,-0.465408805,-2.779874214,,,
4,domaschke_2013,domaschke_2013,figure 1,pop,Cetraria,aculeata,30,C,net photosynthesis,-0.666666667,umol CO2 * kg^-1 * dry weight s^-1,umol_co2,kg,sec,NA,NA,NA,T,lab,NA,NA,location,svalbard,1200,1200,umol *m^-2 *s^-1,NA,78.1,arctic,neutral,green algae,38.27978928434875,-6.67E-07,1000,0.016666666666666666,-4.00E-08,4.000000002e-8,-17.03438638,-1.807482547,13.25100835,-0.666666667,-3.249475891,,,
1,lange2000,lange2000,figure 7,pop,leptogium,phyllocarpum,13,C,net photosynthesis,6.750330251,nmol CO2 * mg^-1 *s^-1,nmol_co2,mg,sec,NA,NA,NA,T,lab,NA,NA,NA,NA,300,300,umol *m^-2 *s^-1,1100,8,tropical,high,cyanobacteria,40.55396862327563,6.7503302510000004e-9,0.001,0.016666666666666666,4.0501981506e-4,4.0501981506e-4,-7.811574566,0.466696792,-3.748991648,6.750330251,-6.06340819,,,
1,lange2000,lange2000,figure 7,pop,leptogium,phyllocarpum,19,C,net photosynthesis,19.03566711,nmol CO2 * mg^-1 *s^-1,nmol_co2,mg,sec,NA,NA,NA,T,lab,NA,NA,NA,NA,300,300,umol *m^-2 *s^-1,1100,8,tropical,high,cyanobacteria,39.72109574,1.903566711e-8,0.001,0.016666666666666666,0.00114214,0.00114214,-6.77485156,-0.366176087,2.251008352,19.03566711,-2.49669749,,,
1,lange2000,lange2000,figure 7,pop,leptogium,phyllocarpum,18,C,net photosynthesis,18.57331572,nmol CO2 * mg^-1 *s^-1,nmol_co2,mg,sec,NA,NA,NA,T,lab,NA,NA,NA,NA,300,300,umol *m^-2 *s^-1,1100,8,tropical,high,cyanobacteria,39.857524030741274,1.857331572e-8,0.001,0.016666666666666666,0.001114399,0.001114399,-6.799440084,-0.2297478,1.251008352,18.57331572,-8.969616909,,,
1,lange2000,lange2000,figure 7,pop,leptogium,phyllocarpum,22,C,net photosynthesis,25.64068692,nmol CO2 * mg^-1 *s^-1,nmol_co2,mg,sec,NA,NA,NA,T,lab,NA,NA,NA,NA,300,300,umol *m^-2 *s^-1,1100,8,tropical,high,cyanobacteria,39.31735768778696,2.5640686920000002e-8,0.001,0.016666666666666666,0.001538441,0.001538441,-6.476985573,-0.769914143,5.251008352,25.64068692,-11.34742404,,,
1,lange2000,lange2000,figure 7,pop,leptogium,phyllocarpum,25,C,net photosynthesis,24.84808454,nmol CO2 * mg^-1 *s^-1,nmol_co2,mg,sec,NA,NA,NA,T,lab,NA,NA,NA,NA,300,300,umol *m^-2 *s^-1,1100,8,tropical,high,cyanobacteria,38.92174449622782,2.484808454e-8,0.001,0.016666666666666666,0.001490885,0.001490885,-6.508385327,-1.165527335,8.251008352,24.84808454,-14.64993395,,,
1,lange2000,lange2000,figure 7,pop,leptogium,phyllocarpum,29,C,net photosynthesis,18.11096433,nmol CO2 * mg^-1 *s^-1,nmol_co2,mg,sec,NA,NA,NA,T,lab,NA,NA,NA,NA,300,300,umol *m^-2 *s^-1,1100,8,tropical,high,cyanobacteria,38.40648062733848,1.8110964330000004e-8,0.001,0.016666666666666666,0.001086658,0.001086658,-6.824648477,-1.680791204,12.25100835,18.11096433,-9.498018494,,,
1,lange2000,lange2000,figure 7,pop,leptogium,phyllocarpum,39,C,net photosynthesis,23.26287979,nmol CO2 * mg^-1 *s^-1,nmol_co2,mg,sec,NA,NA,NA,T,lab,NA,NA,NA,NA,300,300,umol *m^-2 *s^-1,1100,8,tropical,high,cyanobacteria,37.17609521560251,2.326287979e-8,0.001,0.016666666666666666,0.001395773,0.001395773,-6.574307048,-2.911176616,22.25100835,23.26287979,-14.38573316,,,
1,lange2000,lange2000,figure 7,pop,leptogium,phyllocarpum,40,C,net photosynthesis,16.12945839,nmol CO2 * mg^-1 *s^-1,nmol_co2,mg,sec,NA,NA,NA,T,lab,NA,NA,NA,NA,300,300,umol *m^-2 *s^-1,1100,8,tropical,high,cyanobacteria,37.05737864138695,1.612945839e-8,0.001,0.016666666666666666,9.677675034e-4,9.677675034e-4,-6.940518682,-3.02989319,23.25100835,16.12945839,-17.42404227,,,
1,lange2000,lange2000,figure 7,pop,leptogium,phyllocarpum,43,C,net photosynthesis,22.07397622,nmol CO2 * mg^-1 *s^-1,nmol_co2,mg,sec,NA,NA,NA,T,lab,NA,NA,NA,NA,300,300,umol *m^-2 *s^-1,1100,8,tropical,high,cyanobacteria,36.70573500411299,2.2073976220000002e-8,0.001,0.016666666666666666,0.001324439,0.001324439,-6.626766628,-3.381536827,26.25100835,22.07397622,-18.87714663,,,
1,lange2000,lange2000,figure 7,pop,leptogium,phyllocarpum,46,C,net photosynthesis,19.1677675,nmol CO2 * mg^-1 *s^-1,nmol_co2,mg,sec,NA,NA,NA,T,lab,NA,NA,NA,NA,300,300,umol *m^-2 *s^-1,1100,8,tropical,high,cyanobacteria,36.360702245183525,1.91677675e-8,0.001,0.016666666666666666,0.001150066,0.001150066,-6.767935903,-3.726569586,29.25100835,19.1677675,-21.98150594,,,
1,lange2000,lange2000,figure 7,pop,leptogium,phyllocarpum,50,C,net photosynthesis,13.09114927,nmol CO2 * mg^-1 *s^-1,nmol_co2,mg,sec,NA,NA,NA,T,lab,NA,NA,NA,NA,300,300,umol *m^-2 *s^-1,1100,8,tropical,high,cyanobacteria,35.910623925577354,1.3091149270000001e-8,0.001,0.016666666666666666,7.854689562e-4,7.854689562e-4,-7.149229622,-4.176647906,33.25100835,13.09114927,-23.17040951,,,
1,lange2000,lange2000,figure 7,pop,leptogium,phyllocarpum,50,C,net photosynthesis,6.287978864,nmol CO2 * mg^-1 *s^-1,nmol_co2,mg,sec,NA,NA,NA,T,lab,NA,NA,NA,NA,300,300,umol *m^-2 *s^-1,1100,8,tropical,high,cyanobacteria,35.910623925577354,6.287978864000001e-9,0.001,0.016666666666666666,3.7727873184000005e-4,3.7727873184000005e-4,-7.882526302,-4.176647906,33.25100835,6.287978864,-22.04755614,,,
1,lange2004,lange2004,figure 4,pop,pseudocyphellaria,aurata,10,C,net photosynthesis,12.43046358,nmol CO2 * g^-1 *s^-1,nmol_co2,g,sec,NA,NA,NA,T,lab,NA,NA,NA,NA,150,150,umol *m^-2 *s^-1,1100,8,tropical,high,cyanobacteria,40.98364161,1.243046358e-8,1,0.016666666666666666,7.458278148000001e-7,7.458278148000001e-7,-14.10877107,0.896369778,-6.748991648,12.43046358,-3.304635762,,,
1,lange2004,lange2004,figure 4,pop,pseudocyphellaria,aurata,13,C,net photosynthesis,12.07284768,nmol CO2 * g^-1 *s^-1,nmol_co2,g,sec,NA,NA,NA,T,lab,NA,NA,NA,NA,150,150,umol *m^-2 *s^-1,1100,8,tropical,high,cyanobacteria,40.55396862327563,1.2072847680000001e-8,1,0.016666666666666666,7.243708608000001e-7,7.243708608000001e-7,-14.13796234,0.466696792,-3.748991648,12.07284768,-1.993377483,,,
1,lange2004,lange2004,figure 4,pop,pseudocyphellaria,aurata,15,C,net photosynthesis,16.54304636,nmol CO2 * g^-1 *s^-1,nmol_co2,g,sec,NA,NA,NA,T,lab,NA,NA,NA,NA,150,150,umol *m^-2 *s^-1,1100,8,tropical,high,cyanobacteria,40.27249044438772,1.6543046360000003e-8,1,0.016666666666666666,9.925827816000002e-7,9.925827816000002e-7,-13.82295542,0.185218613,-1.748991648,16.54304636,-3.900662252,,,
1,lange2004,lange2004,figure 4,pop,pseudocyphellaria,aurata,16,C,net photosynthesis,17.1986755,nmol CO2 * g^-1 *s^-1,nmol_co2,g,sec,NA,NA,NA,T,lab,NA,NA,NA,NA,150,150,umol *m^-2 *s^-1,1100,8,tropical,high,cyanobacteria,40.13321156,1.71986755e-8,1,0.016666666666666666,1.0319205300000002e-6,1.0319205300000002e-6,-13.7840889,0.045939725,-0.748991648,17.1986755,-2.589403974,,,
1,lange2004,lange2004,figure 4,pop,pseudocyphellaria,aurata,18,C,net photosynthesis,17.55629139,nmol CO2 * g^-1 *s^-1,nmol_co2,g,sec,NA,NA,NA,T,lab,NA,NA,NA,NA,150,150,umol *m^-2 *s^-1,1100,8,tropical,high,cyanobacteria,39.857524030741274,1.755629139e-8,1,0.016666666666666666,1.0533774834e-6,1.0533774834e-6,-13.76350891,-0.2297478,1.251008352,17.55629139,-3.304635762,,,
1,lange2004,lange2004,figure 4,pop,pseudocyphellaria,aurata,18,C,net photosynthesis,20.05960265,nmol CO2 * g^-1 *s^-1,nmol_co2,g,sec,NA,NA,NA,T,lab,NA,NA,NA,NA,150,150,umol *m^-2 *s^-1,1100,8,tropical,high,cyanobacteria,39.857524030741274,2.005960265e-8,1,0.016666666666666666,1.203576159e-6,1.203576159e-6,-13.6302133,-0.2297478,1.251008352,20.05960265,-3.900662252,,,
1,lange2004,lange2004,figure 4,pop,pseudocyphellaria,aurata,19,C,net photosynthesis,19.22516556,nmol CO2 * g^-1 *s^-1,nmol_co2,g,sec,NA,NA,NA,T,lab,NA,NA,NA,NA,150,150,umol *m^-2 *s^-1,1100,8,tropical,high,cyanobacteria,39.72109574,1.9225165560000002e-8,1,0.016666666666666666,1.1535099336000002e-6,1.1535099336000002e-6,-13.67270115,-0.366176087,2.251008352,19.22516556,-7.59602649,,,
1,lange2004,lange2004,figure 4,pop,pseudocyphellaria,aurata,21,C,net photosynthesis,19.34437086,nmol CO2 * g^-1 *s^-1,nmol_co2,g,sec,NA,NA,NA,T,lab,NA,NA,NA,NA,150,150,umol *m^-2 *s^-1,1100,8,tropical,high,cyanobacteria,39.451022,1.9344370860000002e-8,1,0.016666666666666666,1.1606622516000002e-6,1.1606622516000002e-6,-13.66651981,-0.63624983,4.251008352,19.34437086,-3.42384106,,,
1,lange2004,lange2004,figure 4,pop,pseudocyphellaria,aurata,21,C,net photosynthesis,18.39072848,nmol CO2 * g^-1 *s^-1,nmol_co2,g,sec,NA,NA,NA,T,lab,NA,NA,NA,NA,150,150,umol *m^-2 *s^-1,1100,8,tropical,high,cyanobacteria,39.451022,1.839072848e-8,1,0.016666666666666666,1.1034437088e-6,1.1034437088e-6,-13.71707462,-0.63624983,4.251008352,18.39072848,-5.450331126,,,
1,lange2004,lange2004,figure 4,pop,pseudocyphellaria,aurata,22,C,net photosynthesis,19.58278146,nmol CO2 * g^-1 *s^-1,nmol_co2,g,sec,NA,NA,NA,T,lab,NA,NA,NA,NA,150,150,umol *m^-2 *s^-1,1100,8,tropical,high,cyanobacteria,39.31735768778696,1.958278146e-8,1,0.016666666666666666,1.1749668876e-6,1.1749668876e-6,-13.65427059,-0.769914143,5.251008352,19.58278146,-7.834437086,,,
1,lange2004,lange2004,figure 4,pop,pseudocyphellaria,aurata,24,C,net photosynthesis,18.74834437,nmol CO2 * g^-1 *s^-1,nmol_co2,g,sec,NA,NA,NA,T,lab,NA,NA,NA,NA,150,150,umol *m^-2 *s^-1,1100,8,tropical,high,cyanobacteria,39.052727987717724,1.8748344370000003e-8,1,0.016666666666666666,1.1249006622000002e-6,1.1249006622000002e-6,-13.69781583,-1.034543843,7.251008352,18.74834437,-4.973509934,,,
1,lange2004,lange2004,figure 4,pop,pseudocyphellaria,aurata,23,C,net photosynthesis,17.01986755,nmol CO2 * g^-1 *s^-1,nmol_co2,g,sec,NA,NA,NA,T,lab,NA,NA,NA,NA,150,150,umol *m^-2 *s^-1,1100,8,tropical,high,cyanobacteria,39.18459605453426,1.7019867550000003e-8,1,0.016666666666666666,1.0211920530000001e-6,1.0211920530000001e-6,-13.79453993,-0.902675777,6.251008352,17.01986755,-7.953642384,,,
1,lange2004,lange2004,figure 4,pop,pseudocyphellaria,aurata,25,C,net photosynthesis,15.88741722,nmol CO2 * g^-1 *s^-1,nmol_co2,g,sec,NA,NA,NA,T,lab,NA,NA,NA,NA,150,150,umol *m^-2 *s^-1,1100,8,tropical,high,cyanobacteria,38.92174449622782,1.5887417220000002e-8,1,0.016666666666666666,9.532450332000002e-7,9.532450332000002e-7,-13.86339385,-1.165527335,8.251008352,15.88741722,-10.69536424,,,
1,lange2004,lange2004,figure 4,pop,pseudocyphellaria,aurata,26,C,net photosynthesis,15.94701987,nmol CO2 * g^-1 *s^-1,nmol_co2,g,sec,NA,NA,NA,T,lab,NA,NA,NA,NA,150,150,umol *m^-2 *s^-1,1100,8,tropical,high,cyanobacteria,38.79163670917708,1.594701987e-8,1,0.016666666666666666,9.568211922e-7,9.568211922e-7,-13.8596493,-1.295635122,9.251008352,15.94701987,-6.642384106,,,
1,lange2004,lange2004,figure 4,pop,pseudocyphellaria,aurata,27,C,net photosynthesis,14.81456954,nmol CO2 * g^-1 *s^-1,nmol_co2,g,sec,NA,NA,NA,T,lab,NA,NA,NA,NA,150,150,umol *m^-2 *s^-1,1100,8,tropical,high,cyanobacteria,38.66239587389746,1.4814569540000002e-8,1,0.016666666666666666,8.888741724000001e-7,8.888741724000001e-7,-13.93331015,-1.424875957,10.25100835,14.81456954,-9.503311258,,,
1,lange2004,lange2004,figure 4,pop,pseudocyphellaria,aurata,27,C,net photosynthesis,12.96688742,nmol CO2 * g^-1 *s^-1,nmol_co2,g,sec,NA,NA,NA,T,lab,NA,NA,NA,NA,150,150,umol *m^-2 *s^-1,1100,8,tropical,high,cyanobacteria,38.66239587389746,1.2966887420000001e-8,1,0.016666666666666666,7.780132452000001e-7,7.780132452000001e-7,-14.06652229,-1.424875957,10.25100835,12.96688742,-12.12582781,,,
1,lange2004,lange2004,figure 4,pop,pseudocyphellaria,aurata,30,C,net photosynthesis,15.64900662,nmol CO2 * g^-1 *s^-1,nmol_co2,g,sec,NA,NA,NA,T,lab,NA,NA,NA,NA,150,150,umol *m^-2 *s^-1,1100,8,tropical,high,cyanobacteria,38.27978928434875,1.5649006620000002e-8,1,0.016666666666666666,9.389403972000001e-7,9.389403972000001e-7,-13.87851383,-1.807482547,13.25100835,15.64900662,-9.920529801,,,
1,lange2004,lange2004,figure 4,pop,pseudocyphellaria,aurata,33,C,net photosynthesis,13.44370861,nmol CO2 * g^-1 *s^-1,nmol_co2,g,sec,NA,NA,NA,T,lab,NA,NA,NA,NA,150,150,umol *m^-2 *s^-1,1100,8,tropical,high,cyanobacteria,37.90468111,1.344370861e-8,1,0.016666666666666666,8.066225166000001e-7,8.066225166000001e-7,-14.03041004,-2.182590722,16.25100835,13.44370861,-12.42384106,,,
1,lange2004,lange2004,figure 4,pop,pseudocyphellaria,aurata,29,C,net photosynthesis,11.41721854,nmol CO2 * g^-1 *s^-1,nmol_co2,g,sec,NA,NA,NA,T,lab,NA,NA,NA,NA,150,150,umol *m^-2 *s^-1,1100,8,tropical,high,cyanobacteria,38.40648062733848,1.1417218540000002e-8,1,0.016666666666666666,6.850331124000001e-7,6.850331124000001e-7,-14.19379866,-1.680791204,12.25100835,11.41721854,-8.907284768,,,
1,lange2004,lange2004,figure 4,pop,pseudocyphellaria,aurata,30,C,net photosynthesis,9.450331126,nmol CO2 * g^-1 *s^-1,nmol_co2,g,sec,NA,NA,NA,T,lab,NA,NA,NA,NA,150,150,umol *m^-2 *s^-1,1100,8,tropical,high,cyanobacteria,38.27978928434875,9.450331126e-9,1,0.016666666666666666,5.670198675600001e-7,5.670198675600001e-7,-14.38287149,-1.807482547,13.25100835,9.450331126,-13.0794702,,,
1,lange2004,lange2004,figure 4,pop,pseudocyphellaria,aurata,36,C,net photosynthesis,4.682119205,nmol CO2 * g^-1 *s^-1,nmol_co2,g,sec,NA,NA,NA,T,lab,NA,NA,NA,NA,150,150,umol *m^-2 *s^-1,1100,8,tropical,high,cyanobacteria,37.53685305369666,4.682119205000001e-9,1,0.016666666666666666,2.8092715230000007e-7,2.8092715230000007e-7,-15.08517045,-2.550418777,19.25100835,4.682119205,-14.86754967,,,
1,lange2004,lange2004,figure 4,pop,pseudocyphellaria,aurata,41,C,net photosynthesis,0.331125828,nmol CO2 * g^-1 *s^-1,nmol_co2,g,sec,NA,NA,NA,T,lab,NA,NA,NA,NA,150,150,umol *m^-2 *s^-1,1100,8,tropical,high,cyanobacteria,36.93941786264626,3.31125828e-10,1,0.016666666666666666,1.986754968e-8,1.986754968e-8,-17.73417811,-3.147853968,24.25100835,0.331125828,-18.08609272,,,
1,lange2004,lange2004,figure 4,pop,pseudocyphellaria,aurata,42,C,net photosynthesis,-0.801324503,nmol CO2 * g^-1 *s^-1,nmol_co2,g,sec,NA,NA,NA,T,lab,NA,NA,NA,NA,150,150,umol *m^-2 *s^-1,1100,8,tropical,high,cyanobacteria,36.822205684754316,-8.01E-10,1,0.016666666666666666,-4.81E-08,4.807947018000001e-8,-16.85041057,-3.265066146,25.25100835,-0.801324503,-20.35099338,,,
1,reiter2000,reiter2000,figure7,pop,cetraria,islandica,2,C,photosynthesis,0.636461994,umol CO2 * kg^-1 *s^-1,umol_co2,kg,sec,NA,NA,NA,T,lab,NA,NA,max water content,161.1347817,1000,1000,umol *m^-2 *s^-1,2300,47.0004,temperate,high,green algae,42.17524303670842,6.36461994e-7,1000,0.016666666666666666,3.8187719639999994e-8,3.8187719639999994e-8,-17.08075185,2.087971206,-14.74899165,0.636461994,-1.373112607,,,
1,reiter2000,reiter2000,figure7,pop,cetraria,islandica,10,C,photosynthesis,2.239211297,umol CO2 * kg^-1 *s^-1,umol_co2,kg,sec,NA,NA,NA,T,lab,NA,NA,max water content,126.7854088,1000,1000,umol *m^-2 *s^-1,2300,47.0004,temperate,high,green algae,40.98364161,2.2392112970000003e-6,1000,0.016666666666666666,1.3435267782e-7,1.3435267782e-7,-15.82279757,0.896369778,-6.748991648,2.239211297,-2.209473628,,,
1,reiter2000,reiter2000,figure7,pop,cetraria,islandica,20,C,photosynthesis,2.525189626,umol CO2 * kg^-1 *s^-1,umol_co2,kg,sec,NA,NA,NA,T,lab,NA,NA,max water content,124.8641979,1000,1000,umol *m^-2 *s^-1,2300,47.0004,temperate,high,green algae,39.58559823145258,2.525189626e-6,1000,0.016666666666666666,1.5151137755999998e-7,1.5151137755999998e-7,-15.70260512,-0.5016736,3.251008352,2.525189626,-3.541916465,,,
1,reiter2000,reiter2000,figure7,pop,cetraria,islandica,30,C,photosynthesis,-2.011173184,umol CO2 * kg^-1 *s^-1,umol_co2,kg,sec,NA,NA,NA,T,lab,NA,NA,max water content,126.4759777,1000,1000,umol *m^-2 *s^-1,2300,47.0004,temperate,high,green algae,38.27978928434875,-2.01E-06,1000,0.016666666666666666,-1.21E-07,1.2067039104e-7,-15.93020305,-1.807482547,13.25100835,-2.011173184,-6.670391061,,,
3,reiter2000,reiter2000,figure7,pop,flavocetraria,nivalis,2,C,photosynthesis,0.531791908,umol CO2 * kg^-1 *s^-1,umol_co2,kg,sec,NA,NA,NA,T,lab,NA,NA,max water content,228.9959016,1000,1000,umol *m^-2 *s^-1,2300,47.0004,temperate,high,green algae,42.17524303670842,5.317919079999999e-7,1000,0.016666666666666666,3.190751447999999e-8,3.190751447999999e-8,-17.26042429,2.087971206,-14.74899165,0.531791908,-1.687861272,,,
3,reiter2000,reiter2000,figure7,pop,flavocetraria,nivalis,10,C,photosynthesis,0.597701149,umol CO2 * kg^-1 *s^-1,umol_co2,kg,sec,NA,NA,NA,T,lab,NA,NA,max water content,158.8421318,1000,1000,umol *m^-2 *s^-1,2300,47.0004,temperate,high,green algae,40.98364161,5.97701149e-7,1000,0.016666666666666666,3.5862068940000004e-8,3.5862068940000004e-8,-17.14358568,0.896369778,-6.748991648,0.597701149,-4.091954023,,,
3,reiter2000,reiter2000,figure7,pop,flavocetraria,nivalis,20,C,photosynthesis,-1.333333333,umol CO2 * kg^-1 *s^-1,umol_co2,kg,sec,NA,NA,NA,T,lab,NA,NA,max water content,241.1202186,1000,1000,umol *m^-2 *s^-1,2300,47.0004,temperate,high,green algae,39.58559823145258,-1.33E-06,1000,0.016666666666666666,-8.00E-08,7.999999997999999e-8,-16.3412392,-0.5016736,3.251008352,-1.333333333,-6.527536232,,,
3,reiter2000,reiter2000,figure7,pop,flavocetraria,nivalis,30,C,photosynthesis,-5.6,umol CO2 * kg^-1 *s^-1,umol_co2,kg,sec,NA,NA,NA,T,lab,NA,NA,max water content,181.6466552,1000,1000,umol *m^-2 *s^-1,2300,47.0004,temperate,high,green algae,38.27978928434875,-5.60E-06,1000,0.016666666666666666,-3.36E-07,3.3599999999999994e-7,-14.90615468,-1.807482547,13.25100835,-5.6,-10.88695652,,,
1,sancho1997,sancho1997,figure 2,pop,umbilicaria,grisea,0,C,dark respiration,-0.733714286,umol CO2 * kg^-1 *s^-1,umol_co2,kg,sec,NA,NA,2,T,lab,NA,NA,NA,NA,0,0,umol *m^-2 *s^-1,1550,40.8509,temperate,high,green algae,42.4840495,-7.34E-07,1000,0.016666666666666666,-4.40E-08,4.402285716e-8,-16.93855686,2.396777671,-16.74899165,4.093714286,-0.733714286,,,2
1,sancho1997,sancho1997,figure 2,pop,umbilicaria,grisea,7,C,dark respiration,-1.227428571,umol CO2 * kg^-1 *s^-1,umol_co2,kg,sec,NA,NA,2,T,lab,NA,NA,NA,NA,0,0,umol *m^-2 *s^-1,1550,40.8509,temperate,high,green algae,41.42251694288889,-1.23E-06,1000,0.016666666666666666,-7.36E-08,7.364571425999998e-8,-16.42399989,1.335245112,-9.748991648,6.489142857,-1.227428571,,,2
1,sancho1997,sancho1997,figure 2,pop,umbilicaria,grisea,14,C,dark respiration,-1.355428571,umol CO2 * kg^-1 *s^-1,umol_co2,kg,sec,NA,NA,2,T,lab,NA,NA,NA,NA,0,0,umol *m^-2 *s^-1,1550,40.8509,temperate,high,green algae,40.41273940989142,-1.36E-06,1000,0.016666666666666666,-8.13E-08,8.132571426e-8,-16.32480358,0.325467579,-2.748991648,8.994285714,-1.355428571,,,2
1,sancho1997,sancho1997,figure 2,pop,umbilicaria,grisea,21,C,dark respiration,-2.708571429,umol CO2 * kg^-1 *s^-1,umol_co2,kg,sec,NA,NA,2,T,lab,NA,NA,NA,NA,0,0,umol *m^-2 *s^-1,1550,40.8509,temperate,high,green algae,39.451022,-2.71E-06,1000,0.016666666666666666,-1.63E-07,1.6251428573999998e-7,-15.63249993,-0.63624983,4.251008352,7.549714286,-2.708571429,,,2
1,sancho1997,sancho1997,figure 2,pop,umbilicaria,grisea,28,C,dark respiration,-3.677714286,umol CO2 * kg^-1 *s^-1,umol_co2,kg,sec,NA,NA,2,T,lab,NA,NA,NA,NA,0,0,umol *m^-2 *s^-1,1550,40.8509,temperate,high,green algae,38.53401335397749,-3.68E-06,1000,0.016666666666666666,-2.21E-07,2.2066285715999998e-7,-15.32662983,-1.553258477,11.25100835,7.915428571,-3.677714286,,,2
1,sancho1997,sancho1997,figure 2,pop,umbilicaria,grisea,35,C,dark respiration,-4.518857143,umol CO2 * kg^-1 *s^-1,umol_co2,kg,sec,NA,NA,2,T,lab,NA,NA,NA,NA,0,0,umol *m^-2 *s^-1,1550,40.8509,temperate,high,green algae,37.65866662842876,-4.52E-06,1000,0.016666666666666666,-2.71E-07,2.7113142858e-7,-15.12066216,-2.428605203,18.25100835,6.726857143,-4.518857143,,,2
6,sancho1997,sancho1997,figure 2,pop,umbilicaria,grisea,0,C,net photosynthesis,4.093714286,umol CO2 * kg^-1 *s^-1,umol_co2,kg,sec,NA,NA,2,T,lab,NA,NA,NA,NA,610-650,630,umol *m^-2 *s^-1,1550,40.8509,temperate,high,green algae,42.4840495,4.093714286e-6,1000,0.016666666666666666,2.4562285715999996e-7,2.4562285715999996e-7,-15.21946858,2.396777671,-16.74899165,5.930955121,-1.323360184,,,2
6,sancho1997,sancho1997,figure 2,pop,umbilicaria,grisea,7,C,net photosynthesis,6.489142857,umol CO2 * kg^-1 *s^-1,umol_co2,kg,sec,NA,NA,2,T,lab,NA,NA,NA,NA,610-650,630,umol *m^-2 *s^-1,1550,40.8509,temperate,high,green algae,41.42251694288889,6.489142856999999e-6,1000,0.016666666666666666,3.8934857141999994e-7,3.8934857141999994e-7,-14.75879082,1.335245112,-9.748991648,8.950517837,-2.02301496,,,2
6,sancho1997,sancho1997,figure 2,pop,umbilicaria,grisea,14,C,net photosynthesis,8.994285714,umol CO2 * kg^-1 *s^-1,umol_co2,kg,sec,NA,NA,2,T,lab,NA,NA,NA,NA,610-650,630,umol *m^-2 *s^-1,1550,40.8509,temperate,high,green algae,40.41273940989142,8.994285714e-6,1000,0.016666666666666666,5.396571428399999e-7,5.396571428399999e-7,-14.43233182,0.325467579,-2.748991648,9.742232451,-2.243958573,,,2
6,sancho1997,sancho1997,figure 2,pop,umbilicaria,grisea,21,C,net photosynthesis,7.549714286,umol CO2 * kg^-1 *s^-1,umol_co2,kg,sec,NA,NA,2,T,lab,NA,NA,NA,NA,610-650,630,umol *m^-2 *s^-1,1550,40.8509,temperate,high,green algae,39.451022,7.549714286e-6,1000,0.016666666666666666,4.5298285716e-7,4.5298285716e-7,-14.60741156,-0.63624983,4.251008352,10.16570771,-3.367088608,,,2
6,sancho1997,sancho1997,figure 2,pop,umbilicaria,grisea,28,C,net photosynthesis,7.915428571,umol CO2 * kg^-1 *s^-1,umol_co2,kg,sec,NA,NA,2,T,lab,NA,NA,NA,NA,610-650,630,umol *m^-2 *s^-1,1550,40.8509,temperate,high,green algae,38.53401335397749,7.915428571e-6,1000,0.016666666666666666,4.7492571425999993e-7,4.7492571425999993e-7,-14.56010744,-1.553258477,11.25100835,8.84004603,-4.379746835,,,2
6,sancho1997,sancho1997,figure 2,pop,umbilicaria,grisea,35,C,net photosynthesis,6.726857143,umol CO2 * kg^-1 *s^-1,umol_co2,kg,sec,NA,NA,2,T,lab,NA,NA,NA,NA,610-650,630,umol *m^-2 *s^-1,1550,40.8509,temperate,high,green algae,37.65866662842876,6.726857143e-6,1000,0.016666666666666666,4.0361142858e-7,4.0361142858e-7,-14.72281323,-2.428605203,18.25100835,7.403912543,-5.539700806,,,2
1,schroeter1995,schroeter1995,figure 1,pop,umbilicaria,aprina,-8,C,net photosynthesis,0.132890365,umol CO2 *kg^-1 *s^-1,umol_co2,kg,sec,NA,NA,NA,T,lab,NA,NA,NA,NA,200,200,umol *m^-2 *s^-1,NA,-77,antarctic,neutral,green algae,43.765861291911456,1.32890365e-7,1000,0.016666666666666666,7.973421899999998e-9,7.973421899999998e-9,-18.64715209,3.678589461,-24.74899165,0.132890365,-0.066445183,,,
1,schroeter1995,schroeter1995,figure 1,pop,umbilicaria,aprina,-5.9,C,net photosynthesis,0.451827243,umol CO2 *kg^-1 *s^-1,umol_co2,kg,sec,NA,NA,NA,T,lab,NA,NA,NA,NA,200,200,umol *m^-2 *s^-1,NA,-77,antarctic,neutral,green algae,43.42195742394882,4.51827243e-7,1000,0.016666666666666666,2.710963458e-8,2.710963458e-8,-17.42337665,3.334685593,-22.64899165,0.451827243,-0.265780731,,,
1,schroeter1995,schroeter1995,figure 1,pop,umbilicaria,aprina,-4,C,net photosynthesis,1.249169435,umol CO2 *kg^-1 *s^-1,umol_co2,kg,sec,NA,NA,NA,T,lab,NA,NA,NA,NA,200,200,umol *m^-2 *s^-1,NA,-77,antarctic,neutral,green algae,43.11543050919681,1.249169435e-6,1000,0.016666666666666666,7.49501661e-8,7.49501661e-8,-16.4064424,3.028158678,-20.74899165,1.249169435,-0.176079734,,,
1,schroeter1995,schroeter1995,figure 1,pop,umbilicaria,aprina,-2,C,net photosynthesis,1.926910299,umol CO2 *kg^-1 *s^-1,umol_co2,kg,sec,NA,NA,NA,T,lab,NA,NA,NA,NA,200,200,umol *m^-2 *s^-1,NA,-77,antarctic,neutral,green algae,42.79741147538382,1.926910299e-6,1000,0.016666666666666666,1.1561461793999998e-7,1.1561461793999998e-7,-15.97300344,2.710139644,-18.74899165,1.926910299,-0.38538206,,,
1,schroeter1995,schroeter1995,figure 1,pop,umbilicaria,aprina,0,C,net photosynthesis,3.202657807,umol CO2 *kg^-1 *s^-1,umol_co2,kg,sec,NA,NA,NA,T,lab,NA,NA,NA,NA,200,200,umol *m^-2 *s^-1,NA,-77,antarctic,neutral,green algae,42.4840495,3.2026578069999998e-6,1000,0.016666666666666666,1.9215946841999996e-7,1.9215946841999996e-7,-15.46494024,2.396777671,-16.74899165,3.202657807,-0.514950166,,,
1,schroeter1995,schroeter1995,figure 1,pop,umbilicaria,aprina,2,C,net photosynthesis,3.322259136,umol CO2 *kg^-1 *s^-1,umol_co2,kg,sec,NA,NA,NA,T,lab,NA,NA,NA,NA,200,200,umol *m^-2 *s^-1,NA,-77,antarctic,neutral,green algae,42.17524303670842,3.322259136e-6,1000,0.016666666666666666,1.9933554815999998e-7,1.9933554815999998e-7,-15.42827626,2.087971206,-14.74899165,3.322259136,-1.013289037,,,
1,schroeter1995,schroeter1995,figure 1,pop,umbilicaria,aprina,4,C,net photosynthesis,3.441860465,umol CO2 *kg^-1 *s^-1,umol_co2,kg,sec,NA,NA,NA,T,lab,NA,NA,NA,NA,200,200,umol *m^-2 *s^-1,NA,-77,antarctic,neutral,green algae,41.87089345679351,3.4418604649999997e-6,1000,0.016666666666666666,2.0651162789999997e-7,2.0651162789999997e-7,-15.39290912,1.783621626,-12.74899165,3.441860465,-1.50166113,,,
1,smith2001,smith2001,figure 2,pop,turgidiusculum,complicatulum,25,C,dark respiration,-75.84038404,umol CO2 *g^-1 *h^-1,umol_co2,g,hr,NA,NA,NA,I,lab,NA,NA,NA,NA,0,0,umol *m^-2 *s^-1,NA,-46.8964,temperate,neutral,green algae,38.92174449622782,-7.58E-05,1,60,-1.26E-06,1.2640064006666666e-6,-13.5812242,-1.165527335,8.251008352,55.99729973,-75.84038404,,,
1,smith2001,smith2001,figure 2,pop,turgidiusculum,complicatulum,25,C,dark respiration,-71.08790879,umol CO2 *g^-1 *h^-1,umol_co2,g,hr,NA,NA,NA,I,lab,NA,NA,NA,NA,0,0,umol *m^-2 *s^-1,NA,-46.8964,temperate,neutral,green algae,38.92174449622782,-7.11E-05,1,60,-1.18E-06,1.1847984798333332e-6,-13.64593786,-1.165527335,8.251008352,71.73957396,-71.08790879,,,
1,smith2001,smith2001,figure 2,pop,turgidiusculum,complicatulum,20,C,dark respiration,-52.67266727,umol CO2 *g^-1 *h^-1,umol_co2,g,hr,NA,NA,NA,I,lab,NA,NA,NA,NA,0,0,umol *m^-2 *s^-1,NA,-46.8964,temperate,neutral,green algae,39.58559823145258,-5.27E-05,1,60,-8.78E-07,8.778777878333332e-7,-13.94575845,-0.5016736,3.251008352,88.95469547,-52.67266727,,,
1,smith2001,smith2001,figure 2,pop,turgidiusculum,complicatulum,20,C,dark respiration,-46.1380138,umol CO2 *g^-1 *h^-1,umol_co2,g,hr,NA,NA,NA,I,lab,NA,NA,NA,NA,0,0,umol *m^-2 *s^-1,NA,-46.8964,temperate,neutral,green algae,39.58559823145258,-4.61E-05,1,60,-7.69E-07,7.689668966666667e-7,-14.07821792,-0.5016736,3.251008352,85.39033903,-46.1380138,,,
1,smith2001,smith2001,figure 2,pop,turgidiusculum,complicatulum,15,C,dark respiration,-34.85088509,umol CO2 *g^-1 *h^-1,umol_co2,g,hr,NA,NA,NA,I,lab,NA,NA,NA,NA,0,0,umol *m^-2 *s^-1,NA,-46.8964,temperate,neutral,green algae,40.27249044438772,-3.49E-05,1,60,-5.81E-07,5.808480848333333e-7,-14.35877659,0.185218613,-1.748991648,91.93279328,-34.85088509,,,
1,smith2001,smith2001,figure 2,pop,turgidiusculum,complicatulum,15,C,dark respiration,-28.31623162,umol CO2 *g^-1 *h^-1,umol_co2,g,hr,NA,NA,NA,I,lab,NA,NA,NA,NA,0,0,umol *m^-2 *s^-1,NA,-46.8964,temperate,neutral,green algae,40.27249044438772,-2.83E-05,1,60,-4.72E-07,4.7193719366666666e-7,-14.56641992,0.185218613,-1.748991648,84.80408041,-28.31623162,,,
1,smith2001,smith2001,figure 2,pop,turgidiusculum,complicatulum,10,C,dark respiration,-22.3750375,umol CO2 *g^-1 *h^-1,umol_co2,g,hr,NA,NA,NA,I,lab,NA,NA,NA,NA,0,0,umol *m^-2 *s^-1,NA,-46.8964,temperate,neutral,green algae,40.98364161,-2.24E-05,1,60,-3.73E-07,3.729172916666667e-7,-14.80190918,0.896369778,-6.748991648,87.17971797,-22.3750375,,,
1,smith2001,smith2001,figure 2,pop,turgidiusculum,complicatulum,5,C,dark respiration,-8.711671167,umol CO2 *g^-1 *h^-1,umol_co2,g,hr,NA,NA,NA,I,lab,NA,NA,NA,NA,0,0,umol *m^-2 *s^-1,NA,-46.8964,temperate,neutral,green algae,41.720359955241136,-8.71E-06,1,60,-1.45E-07,1.4519451945e-7,-15.74519148,1.633088124,-11.74899165,79.44794479,-8.711671167,,,
1,smith2001,smith2001,figure 2,pop,turgidiusculum,complicatulum,1,C,dark respiration,-0.394839484,umol CO2 *g^-1 *h^-1,umol_co2,g,hr,NA,NA,NA,I,lab,NA,NA,NA,NA,0,0,umol *m^-2 *s^-1,NA,-46.8964,temperate,neutral,green algae,42.329083062375794,-3.95E-07,1,60,-6.58E-09,6.580658066666667e-9,-18.83913109,2.241811231,-15.74899165,80.66186619,-0.394839484,,,
1,uchida2006,uchida2006,figure 1b,pop,cetrariella,delisei,4,C,net photosynthesis,0.20327869,mg CO2 *g dry wt ^-1 * hr^-1,mg_co2,g,hr,0.01516393,SD,3,T,lab,NA,NA,NA,NA,800,800,umol *m^-2 *s^-1,NA,79,arctic,neutral,green algae,41.87089345679351,4.618920472619859e-6,1,60,7.698200787699766e-8,7.698200787699766e-8,-16.37969411,1.783621626,-12.74899165,0.20327869,0.02723624,0.01516393,0.00382514,3
1,uchida2006,uchida2006,figure 1b,pop,cetrariella,delisei,7,C,net photosynthesis,0.2,mg CO2 *g dry wt ^-1 * hr^-1,mg_co2,g,hr,0.01270492,SD,3,T,lab,NA,NA,NA,NA,800,800,umol *m^-2 *s^-1,NA,79,arctic,neutral,green algae,41.42251694288889,4.544421722335833e-6,1,60,7.574036203893055e-8,7.574036203893055e-8,-16.39595463,1.335245112,-9.748991648,0.2,0.03482076,0.01270492,0.00437158,3
1,uchida2006,uchida2006,figure 1b,pop,cetrariella,delisei,12,C,net photosynthesis,0.19016393,mg CO2 *g dry wt ^-1 * hr^-1,mg_co2,g,hr,0.025,SD,3,T,lab,NA,NA,NA,NA,800,800,umol *m^-2 *s^-1,NA,79,arctic,neutral,green algae,40.696188397511214,4.320925471483753e-6,1,60,7.201542452472922e-8,7.201542452472922e-8,-16.44638551,0.608916566,-4.748991648,0.19016393,0.05438292,0.025,0.0057377,3
1,uchida2006,uchida2006,figure 1b,pop,cetrariella,delisei,15,C,net photosynthesis,0.16885246,mg CO2 *g dry wt ^-1 * hr^-1,mg_co2,g,hr,0.02827869,SD,3,T,lab,NA,NA,NA,NA,800,800,umol *m^-2 *s^-1,NA,79,arctic,neutral,green algae,40.27249044438772,3.836683935469212e-6,1,60,6.394473225782021e-8,6.394473225782021e-8,-16.56524669,0.185218613,-1.748991648,0.16885246,0.07071061,0.02827869,0.00956284,3
1,uchida2006,uchida2006,figure 1b,pop,cetrariella,delisei,20,C,net photosynthesis,0.13852459,mg CO2 *g dry wt ^-1 * hr^-1,mg_co2,g,hr,0.0204918,SD,3,T,lab,NA,NA,NA,NA,800,800,umol *m^-2 *s^-1,NA,79,arctic,neutral,green algae,39.58559823145258,3.1475707793683252e-6,1,60,5.245951298947209e-8,5.245951298947209e-8,-16.76322415,-0.5016736,3.251008352,0.13852459,0.105028,0.0204918,0.00765027,3
1,sundberg1997,sundberg1997,figure 3a,pop,lobaria,pulmonaria,13,C,co2 assimilation,1.31642778,umol CO2 * m^-2 *s^-1,umol_co2,m,sec,NA,NA,NA,T,lab,NA,NA,NA,NA,300,300,umol *m^-2 *s^-1,NA,64.14,arctic,neutral,cyanobacteria + green algae,40.55396862327563,1.3164277799999998e-6,1000,0.016666666666666666,7.898566679999998e-8,7.898566679999998e-8,-16.35399943,0.466696792,-3.748991648,1.31642778,-0.4652701,,,4
1,sundberg1997,sundberg1997,figure 3a,pop,lobaria,pulmonaria,16,C,co2 assimilation,1.4399118,umol CO2 * m^-2 *s^-1,umol_co2,m,sec,NA,NA,NA,T,lab,NA,NA,NA,NA,300,300,umol *m^-2 *s^-1,NA,64.14,arctic,neutral,cyanobacteria + green algae,40.13321156,1.4399118e-6,1000,0.016666666666666666,8.6394708e-8,8.6394708e-8,-16.26433941,0.045939725,-0.748991648,1.4399118,-0.6284454,,,4
1,sundberg1997,sundberg1997,figure 3a,pop,lobaria,pulmonaria,19,C,co2 assimilation,1.42668137,umol CO2 * m^-2 *s^-1,umol_co2,m,sec,NA,NA,NA,T,lab,NA,NA,NA,NA,300,300,umol *m^-2 *s^-1,NA,64.14,arctic,neutral,cyanobacteria + green algae,39.72109574,1.42668137e-6,1000,0.016666666666666666,8.56008822e-8,8.56008822e-8,-16.27357025,-0.366176087,2.251008352,1.42668137,-0.8357222,,,4
1,sundberg1997,sundberg1997,figure 3a,pop,lobaria,pulmonaria,22,C,co2 assimilation,1.46196251,umol CO2 * m^-2 *s^-1,umol_co2,m,sec,NA,NA,NA,T,lab,NA,NA,NA,NA,300,300,umol *m^-2 *s^-1,NA,64.14,arctic,neutral,cyanobacteria + green algae,39.31735768778696,1.4619625099999999e-6,1000,0.016666666666666666,8.771775059999998e-8,8.771775059999998e-8,-16.24914156,-0.769914143,5.251008352,1.46196251,-1.047409,,,4
1,sundberg1997,sundberg1997,figure 3a,pop,lobaria,pulmonaria,25,C,co2 assimilation,1.27673649,umol CO2 * m^-2 *s^-1,umol_co2,m,sec,NA,NA,NA,T,lab,NA,NA,NA,NA,300,300,umol *m^-2 *s^-1,NA,64.14,arctic,neutral,cyanobacteria + green algae,38.92174449622782,1.27673649e-6,1000,0.016666666666666666,7.660418939999999e-8,7.660418939999999e-8,-16.38461407,-1.165527335,8.251008352,1.27673649,-1.3737596,,,4
2,sundberg1997,sundberg1997,figure 3a,pop,platismatia,glauca,6,C,co2 assimilation,0.1786108,umol CO2 * m^-2 *s^-1,umol_co2,m,sec,NA,NA,NA,T,lab,NA,NA,NA,NA,300,300,umol *m^-2 *s^-1,NA,64.14,arctic,neutral,green algae,41.570904967043965,1.7861079999999997e-7,1000,0.016666666666666666,1.0716647999999998e-8,1.0716647999999998e-8,-18.35146742,1.483633136,-10.74899165,0.1786108,-0.1212789,,,4
2,sundberg1997,sundberg1997,figure 3a,pop,platismatia,glauca,11,C,co2 assimilation,0.30209482,umol CO2 * m^-2 *s^-1,umol_co2,m,sec,NA,NA,4,T,lab,NA,NA,NA,NA,300,300,umol *m^-2 *s^-1,NA,64.14,arctic,neutral,green algae,40.839409190745464,3.0209482e-7,1000,0.016666666666666666,1.8125689199999997e-8,1.8125689199999997e-8,-17.82593561,0.75213736,-5.748991648,0.30209482,-0.1124587,,,4
2,sundberg1997,sundberg1997,figure 3a,pop,platismatia,glauca,16,C,co2 assimilation,0.44762955,umol CO2 * m^-2 *s^-1,umol_co2,m,sec,NA,NA,4,T,lab,NA,NA,NA,NA,300,300,umol *m^-2 *s^-1,NA,64.14,arctic,neutral,green algae,40.13321156,4.4762954999999995e-7,1000,0.016666666666666666,2.6857772999999995e-8,2.6857772999999995e-8,-17.43271056,0.045939725,-0.748991648,0.44762955,-0.1168688,,,4
2,sundberg1997,sundberg1997,figure 3a,pop,platismatia,glauca,21,C,co2 assimilation,0.41675854,umol CO2 * m^-2 *s^-1,umol_co2,m,sec,NA,NA,4,T,lab,NA,NA,NA,NA,300,300,umol *m^-2 *s^-1,NA,64.14,arctic,neutral,green algae,39.451022,4.1675854e-7,1000,0.016666666666666666,2.5005512399999996e-8,2.5005512399999996e-8,-17.50416954,-0.63624983,4.251008352,0.41675854,-0.2094818,,,4
1,tretiach1997,tretiach1997,figure 2,pop,verrucaria,baldensis,5,C,net photosynthesis,0.24438397,umol CO2 * m^-2 *s^-1,umol_co2,m,sec,NA,NA,4,T,lab,NA,NA,NA,NA,200,200,umol *m^-2 *s^-1,410,45.39,temperate,neutral,green algae,41.720359955241136,2.4438396999999997e-7,1000,0.016666666666666666,1.4663038199999998e-8,1.4663038199999998e-8,-18.03793592,1.633088124,-11.74899165,0.24438397,-0.088569121,,,4
1,tretiach1997,tretiach1997,figure 2,pop,verrucaria,baldensis,5,C,net photosynthesis,0.266373408,umol CO2 * m^-2 *s^-1,umol_co2,m,sec,NA,NA,4,T,lab,NA,NA,NA,NA,200,200,umol *m^-2 *s^-1,410,45.39,temperate,neutral,green algae,41.720359955241136,2.6637340799999994e-7,1000,0.016666666666666666,1.5982404479999996e-8,1.5982404479999996e-8,-17.95177744,1.633088124,-11.74899165,0.266373408,-0.085378068,,,4
1,tretiach1997,tretiach1997,figure 2,pop,verrucaria,baldensis,5,C,net photosynthesis,0.28993849,umol CO2 * m^-2 *s^-1,umol_co2,m,sec,NA,NA,4,T,lab,NA,NA,NA,NA,200,200,umol *m^-2 *s^-1,410,45.39,temperate,neutral,green algae,41.720359955241136,2.8993849e-7,1000,0.016666666666666666,1.73963094e-8,1.73963094e-8,-17.86700776,1.633088124,-11.74899165,0.28993849,-0.145063684,,,4
1,tretiach1997,tretiach1997,figure 2,pop,verrucaria,baldensis,6,C,net photosynthesis,0.275807394,umol CO2 * m^-2 *s^-1,umol_co2,m,sec,NA,NA,4,T,lab,NA,NA,NA,NA,200,200,umol *m^-2 *s^-1,410,45.39,temperate,neutral,green algae,41.570904967043965,2.7580739399999995e-7,1000,0.016666666666666666,1.6548443639999996e-8,1.6548443639999996e-8,-17.91697378,1.483633136,-10.74899165,0.275807394,-0.141952159,,,4
1,tretiach1997,tretiach1997,figure 2,pop,verrucaria,baldensis,6,C,net photosynthesis,0.316649891,umol CO2 * m^-2 *s^-1,umol_co2,m,sec,NA,NA,4,T,lab,NA,NA,NA,NA,200,200,umol *m^-2 *s^-1,410,45.39,temperate,neutral,green algae,41.570904967043965,3.16649891e-7,1000,0.016666666666666666,1.8998993459999997e-8,1.8998993459999997e-8,-17.77887983,1.483633136,-10.74899165,0.316649891,-0.129381796,,,4
1,tretiach1997,tretiach1997,figure 2,pop,verrucaria,baldensis,7,C,net photosynthesis,0.222498913,umol CO2 * m^-2 *s^-1,umol_co2,m,sec,NA,NA,4,T,lab,NA,NA,NA,NA,200,200,umol *m^-2 *s^-1,410,45.39,temperate,neutral,green algae,41.42251694288889,2.22498913e-7,1000,0.016666666666666666,1.3349934779999998e-8,1.3349934779999998e-8,-18.13175434,1.335245112,-9.748991648,0.222498913,-0.129396707,,,4
1,tretiach1997,tretiach1997,figure 2,pop,verrucaria,baldensis,7,C,net photosynthesis,0.235089158,umol CO2 * m^-2 *s^-1,umol_co2,m,sec,NA,NA,4,T,lab,NA,NA,NA,NA,200,200,umol *m^-2 *s^-1,410,45.39,temperate,neutral,green algae,41.42251694288889,2.3508915799999999e-7,1000,0.016666666666666666,1.4105349479999999e-8,1.4105349479999999e-8,-18.07671172,1.335245112,-9.748991648,0.235089158,-0.119942839,,,4
1,tretiach1997,tretiach1997,figure 2,pop,verrucaria,baldensis,7,C,net photosynthesis,0.297926064,umol CO2 * m^-2 *s^-1,umol_co2,m,sec,NA,NA,4,T,lab,NA,NA,NA,NA,200,200,umol *m^-2 *s^-1,410,45.39,temperate,neutral,green algae,41.42251694288889,2.97926064e-7,1000,0.016666666666666666,1.7875563839999997e-8,1.7875563839999997e-8,-17.83983121,1.335245112,-9.748991648,0.297926064,-0.107357564,,,4
1,tretiach1997,tretiach1997,figure 2,pop,verrucaria,baldensis,7,C,net photosynthesis,0.363889407,umol CO2 * m^-2 *s^-1,umol_co2,m,sec,NA,NA,4,T,lab,NA,NA,NA,NA,200,200,umol *m^-2 *s^-1,410,45.39,temperate,neutral,green algae,41.42251694288889,3.63889407e-7,1000,0.016666666666666666,2.1833364419999998e-8,2.1833364419999998e-8,-17.63982656,1.335245112,-9.748991648,0.363889407,-0.126185772,,,4
1,tretiach1997,tretiach1997,figure 2,pop,verrucaria,baldensis,7,C,net photosynthesis,0.351324014,umol CO2 * m^-2 *s^-1,umol_co2,m,sec,NA,NA,4,T,lab,NA,NA,NA,NA,200,200,umol *m^-2 *s^-1,410,45.39,temperate,neutral,green algae,41.42251694288889,3.51324014e-7,1000,0.016666666666666666,2.1079440839999997e-8,2.1079440839999997e-8,-17.67496764,1.335245112,-9.748991648,0.351324014,-0.145033861,,,4
1,tretiach1997,tretiach1997,figure 2,pop,verrucaria,baldensis,7,C,net photosynthesis,0.385893756,umol CO2 * m^-2 *s^-1,umol_co2,m,sec,NA,NA,4,T,lab,NA,NA,NA,NA,200,200,umol *m^-2 *s^-1,410,45.39,temperate,neutral,green algae,41.42251694288889,3.8589375599999994e-7,1000,0.016666666666666666,2.3153625359999994e-8,2.3153625359999994e-8,-17.58111447,1.335245112,-9.748991648,0.385893756,-0.132493321,,,4
1,tretiach1997,tretiach1997,figure 2,pop,verrucaria,baldensis,10,C,net photosynthesis,0.370360982,umol CO2 * m^-2 *s^-1,umol_co2,m,sec,NA,NA,4,T,lab,NA,NA,NA,NA,200,200,umol *m^-2 *s^-1,410,45.39,temperate,neutral,green algae,40.98364161,3.70360982e-7,1000,0.016666666666666666,2.2221658919999997e-8,2.2221658919999997e-8,-17.6221984,0.896369778,-6.748991648,0.370360982,-0.103957751,,,4
1,tretiach1997,tretiach1997,figure 2,pop,verrucaria,baldensis,10,C,net photosynthesis,0.392365331,umol CO2 * m^-2 *s^-1,umol_co2,m,sec,NA,NA,4,T,lab,NA,NA,NA,NA,200,200,umol *m^-2 *s^-1,410,45.39,temperate,neutral,green algae,40.98364161,3.9236533099999996e-7,1000,0.016666666666666666,2.3541919859999997e-8,2.3541919859999997e-8,-17.56448318,0.896369778,-6.748991648,0.392365331,-0.116493321,,,4
1,tretiach1997,tretiach1997,figure 2,pop,verrucaria,baldensis,10,C,net photosynthesis,0.247893135,umol CO2 * m^-2 *s^-1,umol_co2,m,sec,NA,NA,4,T,lab,NA,NA,NA,NA,200,200,umol *m^-2 *s^-1,410,45.39,temperate,neutral,green algae,40.98364161,2.4789313499999997e-7,1000,0.016666666666666666,1.4873588099999997e-8,1.4873588099999997e-8,-18.02367881,0.896369778,-6.748991648,0.247893135,-0.135296676,,,4
1,tretiach1997,tretiach1997,figure 2,pop,verrucaria,baldensis,10,C,net photosynthesis,0.25732712,umol CO2 * m^-2 *s^-1,umol_co2,m,sec,NA,NA,4,T,lab,NA,NA,NA,NA,200,200,umol *m^-2 *s^-1,410,45.39,temperate,neutral,green algae,40.98364161,2.5732712e-7,1000,0.016666666666666666,1.54396272e-8,1.54396272e-8,-17.98632844,0.896369778,-6.748991648,0.25732712,-0.085040075,,,4
1,tretiach1997,tretiach1997,figure 2,pop,verrucaria,baldensis,10,C,net photosynthesis,0.276170239,umol CO2 * m^-2 *s^-1,umol_co2,m,sec,NA,NA,4,T,lab,NA,NA,NA,NA,200,200,umol *m^-2 *s^-1,410,45.39,temperate,neutral,green algae,40.98364161,2.76170239e-7,1000,0.016666666666666666,1.657021434e-8,1.657021434e-8,-17.91565907,0.896369778,-6.748991648,0.276170239,-0.097615409,,,4
1,tretiach1997,tretiach1997,figure 2,pop,verrucaria,baldensis,10,C,net photosynthesis,0.266736253,umol CO2 * m^-2 *s^-1,umol_co2,m,sec,NA,NA,4,T,lab,NA,NA,NA,NA,200,200,umol *m^-2 *s^-1,410,45.39,temperate,neutral,green algae,40.98364161,2.66736253e-7,1000,0.016666666666666666,1.600417518e-8,1.600417518e-8,-17.9504162,0.896369778,-6.748991648,0.266736253,-0.10700963,,,4
1,tretiach1997,tretiach1997,figure 2,pop,verrucaria,baldensis,10,C,net photosynthesis,0.316997825,umol CO2 * m^-2 *s^-1,umol_co2,m,sec,NA,NA,4,T,lab,NA,NA,NA,NA,200,200,umol *m^-2 *s^-1,410,45.39,temperate,neutral,green algae,40.98364161,3.16997825e-7,1000,0.016666666666666666,1.9019869499999997e-8,1.9019869499999997e-8,-17.77778164,0.896369778,-6.748991648,0.316997825,-0.119560112,,,4
1,tretiach1997,tretiach1997,figure 2,pop,verrucaria,baldensis,10,C,net photosynthesis,0.345264989,umol CO2 * m^-2 *s^-1,umol_co2,m,sec,NA,NA,4,T,lab,NA,NA,NA,NA,200,200,umol *m^-2 *s^-1,410,45.39,temperate,neutral,green algae,40.98364161,3.45264989e-7,1000,0.016666666666666666,2.0715899339999997e-8,2.0715899339999997e-8,-17.69236435,0.896369778,-6.748991648,0.345264989,-0.128964275,,,4
1,tretiach1997,tretiach1997,figure 2,pop,verrucaria,baldensis,10,C,net photosynthesis,0.354674122,umol CO2 * m^-2 *s^-1,umol_co2,m,sec,NA,NA,4,T,lab,NA,NA,NA,NA,200,200,umol *m^-2 *s^-1,410,45.39,temperate,neutral,green algae,40.98364161,3.5467412199999996e-7,1000,0.016666666666666666,2.1280447319999994e-8,2.1280447319999994e-8,-17.66547715,0.896369778,-6.748991648,0.354674122,-0.106964896,,,4
1,tretiach1997,tretiach1997,figure 2,pop,verrucaria,baldensis,11,C,net photosynthesis,0.266761106,umol CO2 * m^-2 *s^-1,umol_co2,m,sec,NA,NA,4,T,lab,NA,NA,NA,NA,200,200,umol *m^-2 *s^-1,410,45.39,temperate,neutral,green algae,40.839409190745464,2.6676110600000003e-7,1000,0.016666666666666666,1.600566636e-8,1.600566636e-8,-17.95032303,0.75213736,-5.748991648,0.266761106,-0.100667288,,,4
1,tretiach1997,tretiach1997,figure 2,pop,verrucaria,baldensis,11,C,net photosynthesis,0.285609195,umol CO2 * m^-2 *s^-1,umol_co2,m,sec,NA,NA,4,T,lab,NA,NA,NA,NA,200,200,umol *m^-2 *s^-1,410,45.39,temperate,neutral,green algae,40.839409190745464,2.8560919499999997e-7,1000,0.016666666666666666,1.7136551699999998e-8,1.7136551699999998e-8,-17.88205213,0.75213736,-5.748991648,0.285609195,-0.08499037,,,4
1,tretiach1997,tretiach1997,figure 2,pop,verrucaria,baldensis,16,C,net photosynthesis,0.534148493,umol CO2 * m^-2 *s^-1,umol_co2,m,sec,NA,NA,4,T,lab,NA,NA,NA,NA,200,200,umol *m^-2 *s^-1,410,45.39,temperate,neutral,green algae,40.13321156,5.341484929999999e-7,1000,0.016666666666666666,3.204890957999999e-8,3.204890957999999e-8,-17.25600268,0.045939725,-0.748991648,0.534148493,-0.14125132,,,4
1,tretiach1997,tretiach1997,figure 2,pop,verrucaria,baldensis,16,C,net photosynthesis,0.474472818,umol CO2 * m^-2 *s^-1,umol_co2,m,sec,NA,NA,4,T,lab,NA,NA,NA,NA,200,200,umol *m^-2 *s^-1,410,45.39,temperate,neutral,green algae,40.13321156,4.74472818e-7,1000,0.016666666666666666,2.8468369079999998e-8,2.8468369079999998e-8,-17.37447222,0.045939725,-0.748991648,0.474472818,-0.188366573,,,4
1,tretiach1997,tretiach1997,figure 2,pop,verrucaria,baldensis,16,C,net photosynthesis,0.461897484,umol CO2 * m^-2 *s^-1,umol_co2,m,sec,NA,NA,4,T,lab,NA,NA,NA,NA,200,200,umol *m^-2 *s^-1,410,45.39,temperate,neutral,green algae,40.13321156,4.61897484e-7,1000,0.016666666666666666,2.7713849039999997e-8,2.7713849039999997e-8,-17.40133358,0.045939725,-0.748991648,0.461897484,-0.191485555,,,4
1,tretiach1997,tretiach1997,figure 2,pop,verrucaria,baldensis,17,C,net photosynthesis,0.452607642,umol CO2 * m^-2 *s^-1,umol_co2,m,sec,NA,NA,4,T,lab,NA,NA,NA,NA,200,200,umol *m^-2 *s^-1,410,45.39,temperate,neutral,green algae,39.99489271601007,4.5260764199999994e-7,1000,0.016666666666666666,2.7156458519999994e-8,2.7156458519999994e-8,-17.42165094,-0.092379115,0.251008352,0.452607642,-0.172630009,,,4
1,tretiach1997,tretiach1997,figure 2,pop,verrucaria,baldensis,17,C,net photosynthesis,0.546803355,umol CO2 * m^-2 *s^-1,umol_co2,m,sec,NA,NA,4,T,lab,NA,NA,NA,NA,200,200,umol *m^-2 *s^-1,410,45.39,temperate,neutral,green algae,39.99489271601007,5.46803355e-7,1000,0.016666666666666666,3.28082013e-8,3.28082013e-8,-17.23258731,-0.092379115,0.251008352,0.546803355,-0.160089469,,,4
1,tretiach1997,tretiach1997,figure 2,pop,verrucaria,baldensis,17,C,net photosynthesis,0.559371233,umol CO2 * m^-2 *s^-1,umol_co2,m,sec,NA,NA,4,T,lab,NA,NA,NA,NA,200,200,umol *m^-2 *s^-1,410,45.39,temperate,neutral,green algae,39.99489271601007,5.59371233e-7,1000,0.016666666666666666,3.356227398e-8,3.356227398e-8,-17.2098632,-0.092379115,0.251008352,0.559371233,-0.156918298,,,4
1,tretiach1997,tretiach1997,figure 2,pop,verrucaria,baldensis,17,C,net photosynthesis,0.57508543,umol CO2 * m^-2 *s^-1,umol_co2,m,sec,NA,NA,4,T,lab,NA,NA,NA,NA,200,200,umol *m^-2 *s^-1,410,45.39,temperate,neutral,green algae,39.99489271601007,5.7508543e-7,1000,0.016666666666666666,3.4505125799999994e-8,3.4505125799999994e-8,-17.18215795,-0.092379115,0.251008352,0.57508543,-0.131812364,,,4
1,tretiach1997,tretiach1997,figure 2,pop,verrucaria,baldensis,17,C,net photosynthesis,0.587635912,umol CO2 * m^-2 *s^-1,umol_co2,m,sec,NA,NA,4,T,lab,NA,NA,NA,NA,200,200,umol *m^-2 *s^-1,410,45.39,temperate,neutral,green algae,39.99489271601007,5.876359119999999e-7,1000,0.016666666666666666,3.5258154719999995e-8,3.5258154719999995e-8,-17.16056899,-0.092379115,0.251008352,0.587635912,-0.141216527,,,4
1,tretiach1997,tretiach1997,figure 2,pop,verrucaria,baldensis,17,C,net photosynthesis,0.597069897,umol CO2 * m^-2 *s^-1,umol_co2,m,sec,NA,NA,4,T,lab,NA,NA,NA,NA,200,200,umol *m^-2 *s^-1,410,45.39,temperate,neutral,green algae,39.99489271601007,5.97069897e-7,1000,0.016666666666666666,3.582419382e-8,3.582419382e-8,-17.14464237,-0.092379115,0.251008352,0.597069897,-0.128636222,,,4
1,tretiach1997,tretiach1997,figure 2,pop,verrucaria,baldensis,17,C,net photosynthesis,0.603397328,umol CO2 * m^-2 *s^-1,umol_co2,m,sec,NA,NA,4,T,lab,NA,NA,NA,NA,200,200,umol *m^-2 *s^-1,410,45.39,temperate,neutral,green algae,39.99489271601007,6.03397328e-7,1000,0.016666666666666666,3.620383967999999e-8,3.620383967999999e-8,-17.13410066,-0.092379115,0.251008352,0.603397328,-0.109793103,,,4
1,tretiach1997,tretiach1997,figure 2,pop,verrucaria,baldensis,17,C,net photosynthesis,0.565701149,umol CO2 * m^-2 *s^-1,umol_co2,m,sec,NA,NA,4,T,lab,NA,NA,NA,NA,200,200,umol *m^-2 *s^-1,410,45.39,temperate,neutral,green algae,39.99489271601007,5.65701149e-7,1000,0.016666666666666666,3.394206894e-8,3.394206894e-8,-17.19861062,-0.092379115,0.251008352,0.565701149,-0.103520348,,,4
1,tretiach1997,tretiach1997,figure 2,pop,verrucaria,baldensis,20,C,net photosynthesis,0.358566014,umol CO2 * m^-2 *s^-1,umol_co2,m,sec,NA,NA,4,T,lab,NA,NA,NA,NA,200,200,umol *m^-2 *s^-1,410,45.39,temperate,neutral,green algae,39.58559823145258,3.5856601399999995e-7,1000,0.016666666666666666,2.1513960839999997e-8,2.1513960839999997e-8,-17.65456377,-0.5016736,3.251008352,0.358566014,-0.238300093,,,4
1,tretiach1997,tretiach1997,figure 2,pop,verrucaria,baldensis,20,C,net photosynthesis,0.374262815,umol CO2 * m^-2 *s^-1,umol_co2,m,sec,NA,NA,4,T,lab,NA,NA,NA,NA,200,200,umol *m^-2 *s^-1,410,45.39,temperate,neutral,green algae,39.58559823145258,3.74262815e-7,1000,0.016666666666666666,2.24557689e-8,2.24557689e-8,-17.61171829,-0.5016736,3.251008352,0.374262815,-0.232042249,,,4
1,tretiach1997,tretiach1997,figure 2,pop,verrucaria,baldensis,20,C,net photosynthesis,0.389964585,umol CO2 * m^-2 *s^-1,umol_co2,m,sec,NA,NA,4,T,lab,NA,NA,NA,NA,200,200,umol *m^-2 *s^-1,410,45.39,temperate,neutral,green algae,39.58559823145258,3.8996458499999994e-7,1000,0.016666666666666666,2.3397875099999994e-8,2.3397875099999994e-8,-17.57062063,-0.5016736,3.251008352,0.389964585,-0.222593352,,,4
1,tretiach1997,tretiach1997,figure 2,pop,verrucaria,baldensis,21,C,net photosynthesis,0.525097235,umol CO2 * m^-2 *s^-1,umol_co2,m,sec,NA,NA,4,T,lab,NA,NA,NA,NA,200,200,umol *m^-2 *s^-1,410,45.39,temperate,neutral,green algae,39.451022,5.25097235e-7,1000,0.016666666666666666,3.15058341e-8,3.15058341e-8,-17.2730931,-0.63624983,4.251008352,0.525097235,-0.323036968,,,4
1,tretiach1997,tretiach1997,figure 2,pop,verrucaria,baldensis,21,C,net photosynthesis,0.496825101,umol CO2 * m^-2 *s^-1,umol_co2,m,sec,NA,NA,4,T,lab,NA,NA,NA,NA,200,200,umol *m^-2 *s^-1,410,45.39,temperate,neutral,green algae,39.451022,4.968251009999999e-7,1000,0.016666666666666666,2.980950606e-8,2.980950606e-8,-17.3284385,-0.63624983,4.251008352,0.496825101,-0.297901212,,,4
1,tretiach1997,tretiach1997,figure 2,pop,verrucaria,baldensis,21,C,net photosynthesis,0.512596459,umol CO2 * m^-2 *s^-1,umol_co2,m,sec,NA,NA,4,T,lab,NA,NA,NA,NA,200,200,umol *m^-2 *s^-1,410,45.39,temperate,neutral,green algae,39.451022,5.125964589999999e-7,1000,0.016666666666666666,3.075578754e-8,3.075578754e-8,-17.29718765,-0.63624983,4.251008352,0.512596459,-0.27903324,,,4
1,tretiach1997,tretiach1997,figure 2,pop,verrucaria,baldensis,21,C,net photosynthesis,0.449769494,umol CO2 * m^-2 *s^-1,umol_co2,m,sec,NA,NA,4,T,lab,NA,NA,NA,NA,200,200,umol *m^-2 *s^-1,410,45.39,temperate,neutral,green algae,39.451022,4.4976949399999995e-7,1000,0.016666666666666666,2.6986169639999995e-8,2.6986169639999995e-8,-17.42794134,-0.63624983,4.251008352,0.449769494,-0.279063063,,,4
1,tretiach1997,tretiach1997,figure 2,pop,verrucaria,baldensis,21,C,net photosynthesis,0.421497359,umol CO2 * m^-2 *s^-1,umol_co2,m,sec,NA,NA,4,T,lab,NA,NA,NA,NA,200,200,umol *m^-2 *s^-1,410,45.39,temperate,neutral,green algae,39.451022,4.21497359e-7,1000,0.016666666666666666,2.528984154e-8,2.528984154e-8,-17.49286304,-0.63624983,4.251008352,0.421497359,-0.2696589,,,4
1,tretiach1997,tretiach1997,figure 2,pop,verrucaria,baldensis,21,C,net photosynthesis,0.405790618,umol CO2 * m^-2 *s^-1,umol_co2,m,sec,NA,NA,4,T,lab,NA,NA,NA,NA,200,200,umol *m^-2 *s^-1,410,45.39,temperate,neutral,green algae,39.451022,4.0579061799999995e-7,1000,0.016666666666666666,2.4347437079999995e-8,2.4347437079999995e-8,-17.53083925,-0.63624983,4.251008352,0.405790618,-0.247669463,,,4
1,tretiach1997,tretiach1997,figure 2,pop,verrucaria,baldensis,21,C,net photosynthesis,0.40576576600000003,umol CO2 * m^-2 *s^-1,umol_co2,m,sec,NA,NA,4,T,lab,NA,NA,NA,NA,200,200,umol *m^-2 *s^-1,410,45.39,temperate,neutral,green algae,39.451022,4.05765766e-7,1000,0.016666666666666666,2.434594596e-8,2.434594596e-8,-17.53090049,-0.63624983,4.251008352,0.40576576600000003,-0.266467847,,,4
1,tretiach1997,tretiach1997,figure 2,pop,verrucaria,baldensis,21,C,net photosynthesis,0.405750854,umol CO2 * m^-2 *s^-1,umol_co2,m,sec,NA,NA,4,T,lab,NA,NA,NA,NA,200,200,umol *m^-2 *s^-1,410,45.39,temperate,neutral,green algae,39.451022,4.0575085399999996e-7,1000,0.016666666666666666,2.4345051239999996e-8,2.4345051239999996e-8,-17.53093724,-0.63624983,4.251008352,0.405750854,-0.260214974,,,4
1,tretiach1997,tretiach1997,figure 2,pop,verrucaria,baldensis,21,C,net photosynthesis,0.380620068,umol CO2 * m^-2 *s^-1,umol_co2,m,sec,NA,NA,4,T,lab,NA,NA,NA,NA,200,200,umol *m^-2 *s^-1,410,45.39,temperate,neutral,green algae,39.451022,3.8062006799999996e-7,1000,0.016666666666666666,2.2837204079999996e-8,2.2837204079999996e-8,-17.59487487,-0.63624983,4.251008352,0.380620068,-0.244473439,,,4
1,tretiach1997,tretiach1997,figure 2,pop,verrucaria,baldensis,21,C,net photosynthesis,0.368064616,umol CO2 * m^-2 *s^-1,umol_co2,m,sec,NA,NA,4,T,lab,NA,NA,NA,NA,200,200,umol *m^-2 *s^-1,410,45.39,temperate,neutral,green algae,39.451022,3.68064616e-7,1000,0.016666666666666666,2.208387696e-8,2.208387696e-8,-17.62841804,-0.63624983,4.251008352,0.368064616,-0.24764461,,,4
1,tretiach1997,tretiach1997,figure 2,pop,verrucaria,baldensis,21,C,net photosynthesis,0.361762038,umol CO2 * m^-2 *s^-1,umol_co2,m,sec,NA,NA,4,T,lab,NA,NA,NA,NA,200,200,umol *m^-2 *s^-1,410,45.39,temperate,neutral,green algae,39.451022,3.61762038e-7,1000,0.016666666666666666,2.170572228e-8,2.170572228e-8,-17.64568991,-0.63624983,4.251008352,0.361762038,-0.228806462,,,4
1,zotz1998,zotz1998,figure 3,pop,sticta,tomentosa,12,C,net photosynthesis,4.210526316,nmol CO2 * mg Chl^-1 *s^-1,nmol_co2,mg chla,sec,NA,NA,4,T,lab,NA,NA,NA,NA,150,150,umol *m^-2 *s^-1,1100,8,tropical,high,cyanobacteria,40.696188397511214,4.210526316000001e-9,0.001,0.016666666666666666,2.5263157896e-4,2.5263157896e-4,-8.28357834,0.608916566,-4.748991648,4.210526316,-2.736842105,,,4
1,zotz1998,zotz1998,figure 3,pop,sticta,tomentosa,14,C,net photosynthesis,8.842105263,nmol CO2 * mg Chl^-1 *s^-1,nmol_co2,mg chla,sec,NA,NA,4,T,lab,NA,NA,NA,NA,150,150,umol *m^-2 *s^-1,1100,8,tropical,high,cyanobacteria,40.41273940989142,8.842105263e-9,0.001,0.016666666666666666,5.3052631578e-4,5.3052631578e-4,-7.541640996,0.325467579,-2.748991648,8.842105263,-3.157894737,,,4
1,zotz1998,zotz1998,figure 3,pop,sticta,tomentosa,16,C,net photosynthesis,12.42105263,nmol CO2 * mg Chl^-1 *s^-1,nmol_co2,mg chla,sec,NA,NA,4,T,lab,NA,NA,NA,NA,150,150,umol *m^-2 *s^-1,1100,8,tropical,high,cyanobacteria,40.13321156,1.242105263e-8,0.001,0.016666666666666666,7.452631578e-4,7.452631578e-4,-7.20177317,0.045939725,-0.748991648,12.42105263,-6.526315789,,,4
1,zotz1998,zotz1998,figure 3,pop,sticta,tomentosa,18,C,net photosynthesis,14.52631579,nmol CO2 * mg Chl^-1 *s^-1,nmol_co2,mg chla,sec,NA,NA,4,T,lab,NA,NA,NA,NA,150,150,umol *m^-2 *s^-1,1100,8,tropical,high,cyanobacteria,39.857524030741274,1.452631579e-8,0.001,0.016666666666666666,8.715789473999999e-4,8.715789473999999e-4,-7.045204109,-0.2297478,1.251008352,14.52631579,-5.157894737,,,4
1,zotz1998,zotz1998,figure 3,pop,sticta,tomentosa,20,C,net photosynthesis,18.94736842,nmol CO2 * mg Chl^-1 *s^-1,nmol_co2,mg chla,sec,NA,NA,4,T,lab,NA,NA,NA,NA,150,150,umol *m^-2 *s^-1,1100,8,tropical,high,cyanobacteria,39.58559823145258,1.8947368420000002e-8,0.001,0.016666666666666666,0.001136842,0.001136842,-6.779500944,-0.5016736,3.251008352,18.94736842,-5.684210526,,,4
1,zotz1998,zotz1998,figure 3,pop,sticta,tomentosa,22,C,net photosynthesis,22.73684211,nmol CO2 * mg Chl^-1 *s^-1,nmol_co2,mg chla,sec,NA,NA,4,T,lab,NA,NA,NA,NA,150,150,umol *m^-2 *s^-1,1100,8,tropical,high,cyanobacteria,39.31735768778696,2.2736842110000003e-8,0.001,0.016666666666666666,0.001364211,0.001364211,-6.597179386,-0.769914143,5.251008352,22.73684211,-6.947368421,,,4
1,zotz1998,zotz1998,figure 3,pop,sticta,tomentosa,24,C,net photosynthesis,20.42105263,nmol CO2 * mg Chl^-1 *s^-1,nmol_co2,mg chla,sec,NA,NA,4,T,lab,NA,NA,NA,NA,150,150,umol *m^-2 *s^-1,1100,8,tropical,high,cyanobacteria,39.052727987717724,2.042105263e-8,0.001,0.016666666666666666,0.001225263,0.001225263,-6.704599635,-1.034543843,7.251008352,20.42105263,-8.210526316,,,4
1,zotz1998,zotz1998,figure 3,pop,sticta,tomentosa,26,C,net photosynthesis,18.94736842,nmol CO2 * mg Chl^-1 *s^-1,nmol_co2,mg chla,sec,NA,NA,4,T,lab,NA,NA,NA,NA,150,150,umol *m^-2 *s^-1,1100,8,tropical,high,cyanobacteria,38.79163670917708,1.8947368420000002e-8,0.001,0.016666666666666666,0.001136842,0.001136842,-6.779500944,-1.295635122,9.251008352,18.94736842,-10.52631579,,,4
1,zotz1998,zotz1998,figure 3,pop,sticta,tomentosa,28,C,net photosynthesis,16.73684211,nmol CO2 * mg Chl^-1 *s^-1,nmol_co2,mg chla,sec,NA,NA,4,T,lab,NA,NA,NA,NA,150,150,umol *m^-2 *s^-1,1100,8,tropical,high,cyanobacteria,38.53401335397749,1.6736842110000002e-8,0.001,0.016666666666666666,0.001004211,0.001004211,-6.903553592,-1.553258477,11.25100835,16.73684211,-14.52631579,,,4
1,zotz1998,zotz1998,figure 3,pop,sticta,tomentosa,30,C,net photosynthesis,16,nmol CO2 * mg Chl^-1 *s^-1,nmol_co2,mg chla,sec,NA,NA,NA,T,lab,NA,NA,NA,NA,150,150,umol *m^-2 *s^-1,1100,8,tropical,high,cyanobacteria,38.27978928434875,1.6e-8,0.001,0.016666666666666666,9.6e-4,9.6e-4,-6.948577274,-1.807482547,13.25100835,16,-18,,,4
1,zotz1998,zotz1998,figure 3,pop,sticta,tomentosa,32,C,net photosynthesis,13.78947368,nmol CO2 * mg Chl^-1 *s^-1,nmol_co2,mg chla,sec,NA,NA,NA,T,lab,NA,NA,NA,NA,150,150,umol *m^-2 *s^-1,1100,8,tropical,high,cyanobacteria,38.028897661970575,1.3789473680000001e-8,0.001,0.016666666666666666,8.273684208e-4,8.273684208e-4,-7.097260471,-2.058374169,15.25100835,13.78947368,-24,,,4
1,kappen_2000,kappen_2000,figure 4,pop,buellia,frigida,-4.112631045,C,respiration,-0.136466592,mg CO2 *dm^-2  *h^-1,mg_co2,g,hr,NA,NA,NA,T,lab,NA,NA,NA,NA,0,0,umol * m^-2 * s^-1,NA,-72.18,antarctic,neutral,green algae,43.13348055188322,-3.10E-06,1,60,-5.17E-08,5.168014542149511e-8,-16.77819216,3.046208721,-20.86162269,0.479329283,-0.136466592,,,
1,kappen_2000,kappen_2000,figure 4,pop,buellia,frigida,14.68051529,C,respiration,-1.242535612,mg CO2 *dm^-2  *h^-1,mg_co2,g,hr,NA,NA,NA,T,lab,NA,NA,NA,NA,0,0,umol * m^-2 * s^-1,NA,-72.18,antarctic,neutral,green algae,40.31719190669667,-2.82E-05,1,60,-4.71E-07,4.705504854957207e-7,-14.56936258,0.229920076,-2.068476358,0.979249217,-1.242535612,,,
1,kappen_2000,kappen_2000,figure 4,pop,buellia,frigida,0.812225944,C,respiration,-0.242726409,mg CO2 *dm^-2  *h^-1,mg_co2,g,hr,NA,NA,NA,T,lab,NA,NA,NA,NA,0,0,umol * m^-2 * s^-1,NA,-72.18,antarctic,neutral,green algae,42.35809546941839,-5.52E-06,1,60,-9.19E-08,9.192093047034765e-8,-16.20233708,2.270823638,-15.9367657,1.169971074,-0.242726409,,,
1,lange_1991,lange_1991,figure 6,pop,cladonia,portentosa,4,C,net photosynthesis,7.270072993,nmol CO2 * g^-1 *s^-1,nmol_co2,g,sec,NA,NA,NA,T,lab,NA,NA,NA,NA,290,290,PAR; uE,NA,53.728189,temperate,neutral,green algae,41.87089345679351,7.270072993000001e-9,1,0.016666666666666666,4.3620437958000004e-7,4.3620437958000004e-7,-14.64515494,1.783621626,-12.74899165,7.270072993,-1.140388769,,,
1,lange_1991,lange_1991,figure 6,pop,cladonia,portentosa,8,C,net photosynthesis,10.16058394,nmol CO2 * g^-1 *s^-1,nmol_co2,g,sec,NA,NA,NA,T,lab,NA,NA,NA,NA,290,290,PAR; uE,NA,53.728189,temperate,neutral,green algae,41.275184497778135,1.0160583940000002e-8,1,0.016666666666666666,6.096350364000001e-7,6.096350364000001e-7,-14.31040536,1.187912667,-8.748991648,10.16058394,-1.503239741,,,
1,lange_1991,lange_1991,figure 6,pop,cladonia,portentosa,12,C,net photosynthesis,13.05109489,nmol CO2 * g^-1 *s^-1,nmol_co2,g,sec,NA,NA,NA,T,lab,NA,NA,NA,NA,290,290,PAR; uE,NA,53.728189,temperate,neutral,green algae,40.696188397511214,1.3051094890000001e-8,1,0.016666666666666666,7.830656934000001e-7,7.830656934000001e-7,-14.06004924,0.608916566,-4.748991648,13.05109489,-1.036717063,,,
1,lange_1991,lange_1991,figure 6,pop,cladonia,portentosa,15,C,net photosynthesis,16.81751825,nmol CO2 * g^-1 *s^-1,nmol_co2,g,sec,NA,NA,NA,T,lab,NA,NA,NA,NA,290,290,PAR; uE,NA,53.728189,temperate,neutral,green algae,40.27249044438772,1.681751825e-8,1,0.016666666666666666,1.0090510950000002e-6,1.0090510950000002e-6,-13.80650018,0.185218613,-1.748991648,16.81751825,-1.935205184,,,
1,lange_1991,lange_1991,figure 6,pop,cladonia,portentosa,20,C,net photosynthesis,18.74452555,nmol CO2 * g^-1 *s^-1,nmol_co2,g,sec,NA,NA,NA,T,lab,NA,NA,NA,NA,290,290,PAR; uE,NA,53.728189,temperate,neutral,green algae,39.58559823145258,1.874452555e-8,1,0.016666666666666666,1.124671533e-6,1.124671533e-6,-13.69801954,-0.5016736,3.251008352,18.74452555,-2.660907127,,,
1,lange_1991,lange_1991,figure 6,pop,cladonia,portentosa,25,C,net photosynthesis,17.60583942,nmol CO2 * g^-1 *s^-1,nmol_co2,g,sec,NA,NA,NA,T,lab,NA,NA,NA,NA,290,290,PAR; uE,NA,53.728189,temperate,neutral,green algae,38.92174449622782,1.760583942e-8,1,0.016666666666666666,1.0563503652e-6,1.0563503652e-6,-13.76069064,-1.165527335,8.251008352,17.60583942,-5.408207343,,,
1,lange_1991,lange_1991,figure 6,pop,cladonia,portentosa,30,C,net photosynthesis,16.90510949,nmol CO2 * g^-1 *s^-1,nmol_co2,g,sec,NA,NA,NA,T,lab,NA,NA,NA,NA,290,290,PAR; uE,NA,53.728189,temperate,neutral,green algae,38.27978928434875,1.6905109490000003e-8,1,0.016666666666666666,1.0143065694000003e-6,1.0143065694000003e-6,-13.80130536,-1.807482547,13.25100835,16.90510949,-6.496760259,,,
2,coxson_2003,coxson_2003,figure 6,pop,alectoria,sarmentosa,0,C,mean gas exchangce,0.77,mg CO2 *g  *h^-1,mg_co2,g,hr,0.103125,SEM,10,T,lab,NA,NA,season,winter,600,600,umol * m^-2 * s^-1,NA,53.37,temperate,neutral,green algae,42.4840495,1.7496023630992955e-5,1,60,2.9160039384988256e-7,2.9160039384988256e-7,-15.04788149,2.396777671,-16.74899165,0.77,-0.01,0.103125,0,10
2,coxson_2003,coxson_2003,figure 6,pop,alectoria,sarmentosa,5,C,mean gas exchangce,1.19,mg CO2 *g  *h^-1,mg_co2,g,hr,0.31875,SEM,10,T,lab,NA,NA,season,winter,600,600,umol * m^-2 * s^-1,NA,53.37,temperate,neutral,green algae,41.720359955241136,2.7039309247898204e-5,1,60,4.5065515413163674e-7,4.5065515413163674e-7,-14.61256341,1.633088124,-11.74899165,1.19,-0.2,0.31875,0.05625,10
2,coxson_2003,coxson_2003,figure 6,pop,alectoria,sarmentosa,15,C,mean gas exchangce,1.41,mg CO2 *g  *h^-1,mg_co2,g,hr,0.20625,SEM,10,T,lab,NA,NA,season,winter,600,600,umol * m^-2 * s^-1,NA,53.37,temperate,neutral,green algae,40.27249044438772,3.203817314246762e-5,1,60,5.339695523744603e-7,5.339695523744603e-7,-14.44292702,0.185218613,-1.748991648,1.41,-0.39,0.20625,0.05625,10
2,coxson_2003,coxson_2003,figure 6,pop,alectoria,sarmentosa,25,C,mean gas exchangce,1.35,mg CO2 *g  *h^-1,mg_co2,g,hr,0.37037037,SEM,10,T,lab,NA,NA,season,winter,600,600,umol * m^-2 * s^-1,NA,53.37,temperate,neutral,green algae,38.92174449622782,3.067484662576687e-5,1,60,5.112474437627812e-7,5.112474437627812e-7,-14.48641213,-1.165527335,8.251008352,1.35,-0.5,0.37037037,0.074074074,10
4,coxson_2003,coxson_2003,figure 6,pop,alectoria,sarmentosa,5,C,mean gas exchangce,1.19,mg CO2 *g  *h^-1,mg_co2,g,hr,0.16875,SEM,10,T,lab,NA,NA,season,summer,600,600,umol * m^-2 * s^-1,NA,53.37,temperate,neutral,green algae,41.720359955241136,2.7039309247898204e-5,1,60,4.5065515413163674e-7,4.5065515413163674e-7,-14.61256341,1.633088124,-11.74899165,1.19,-0.05,0.16875,0.09375,10
4,coxson_2003,coxson_2003,figure 6,pop,alectoria,sarmentosa,15,C,mean gas exchangce,1.67,mg CO2 *g  *h^-1,mg_co2,g,hr,0.1875,SEM,10,T,lab,NA,NA,season,summer,600,600,umol * m^-2 * s^-1,NA,53.37,temperate,neutral,green algae,40.27249044438772,3.79459213815042e-5,1,60,6.324320230250699e-7,6.324320230250699e-7,-14.2736931,0.185218613,-1.748991648,1.67,-0.39,0.1875,0.05625,10
4,coxson_2003,coxson_2003,figure 6,pop,alectoria,sarmentosa,25,C,mean gas exchangce,2.2,mg CO2 *g  *h^-1,mg_co2,g,hr,0.157407407,SEM,10,T,lab,NA,NA,season,summer,600,600,umol * m^-2 * s^-1,NA,53.37,temperate,neutral,green algae,38.92174449622782,4.998863894569416e-5,1,60,8.33143982428236e-7,8.33143982428236e-7,-13.99805936,-1.165527335,8.251008352,2.2,-0.57,0.157407407,0.074074074,10
6,coxson_2003,coxson_2003,figure 7,pop,bryoria,spp,0,C,mean gas exchangce,0.58,mg CO2 *g  *h^-1,mg_co2,g,hr,0.036407767,SEM,10,T,lab,NA,NA,season,winter,600,600,umol * m^-2 * s^-1,NA,53.37,temperate,neutral,green algae,42.4840495,1.3178822994773915e-5,1,60,2.1964704991289857e-7,2.1964704991289857e-7,-15.3312439,2.396777671,-16.74899165,0.58,-0.18,0.036407767,0.101941748,10
6,coxson_2003,coxson_2003,figure 7,pop,bryoria,spp,5,C,mean gas exchangce,1.42,mg CO2 *g  *h^-1,mg_co2,g,hr,0.233009709,SEM,10,T,lab,NA,NA,season,winter,600,600,umol * m^-2 * s^-1,NA,53.37,temperate,neutral,green algae,41.720359955241136,3.226539422858441e-5,1,60,5.377565704764069e-7,5.377565704764069e-7,-14.43585985,1.633088124,-11.74899165,1.42,-0.37,0.233009709,0.050970874,10
6,coxson_2003,coxson_2003,figure 7,pop,bryoria,spp,15,C,mean gas exchangce,1.74,mg CO2 *g  *h^-1,mg_co2,g,hr,0.263414634,SEM,10,T,lab,NA,NA,season,winter,600,600,umol * m^-2 * s^-1,NA,53.37,temperate,neutral,green algae,40.27249044438772,3.9536468984321744e-5,1,60,6.589411497386958e-7,6.589411497386958e-7,-14.23263161,0.185218613,-1.748991648,1.74,-0.39,0.263414634,0.073170732,10
6,coxson_2003,coxson_2003,figure 7,pop,bryoria,spp,25,C,mean gas exchangce,1.51,mg CO2 *g  *h^-1,mg_co2,g,hr,0.101941748,SEM,10,T,lab,NA,NA,season,winter,600,600,umol * m^-2 * s^-1,NA,53.37,temperate,neutral,green algae,38.92174449622782,3.431038400363554e-5,1,60,5.718397333939257e-7,5.718397333939257e-7,-14.37440707,-1.165527335,8.251008352,1.51,-0.59,0.101941748,0.087378641,10
8,coxson_2003,coxson_2003,figure 7,pop,bryoria,spp,5,C,mean gas exchangce,1.48,mg CO2 *g  *h^-1,mg_co2,g,hr,0.145631068,SEM,10,T,lab,NA,NA,season,summer,600,600,umol * m^-2 * s^-1,NA,53.37,temperate,neutral,green algae,41.720359955241136,3.362872074528516e-5,1,60,5.60478679088086e-7,5.60478679088086e-7,-14.39447463,1.633088124,-11.74899165,1.48,-0.28,0.145631068,0.058252427,10
8,coxson_2003,coxson_2003,figure 7,pop,bryoria,spp,15,C,mean gas exchangce,2.56,mg CO2 *g  *h^-1,mg_co2,g,hr,0.263531707,SEM,10,T,lab,NA,NA,season,summer,600,600,umol * m^-2 * s^-1,NA,53.37,temperate,neutral,green algae,40.27249044438772,5.816859804589866e-5,1,60,9.69476634098311e-7,9.69476634098311e-7,-13.84650946,0.185218613,-1.748991648,2.56,-0.36,0.263531707,0.087804878,10
8,coxson_2003,coxson_2003,figure 7,pop,bryoria,spp,25,C,mean gas exchangce,1.89,mg CO2 *g  *h^-1,mg_co2,g,hr,0.116504854,SEM,10,T,lab,NA,NA,season,summer,600,600,umol * m^-2 * s^-1,NA,53.37,temperate,neutral,green algae,38.92174449622782,4.294478527607362e-5,1,60,7.157464212678937e-7,7.157464212678937e-7,-14.14993989,-1.165527335,8.251008352,1.89,-0.59,0.116504854,0.101941748,10
2,lange_1980,lange_1980,figure 3,pop,ramalina,maciformis,25,C,mg CO2 * g^-1 * hr^-1,0.53952471,mg CO2 * g^-1 * hr^-1,mg_co2,g,hr,NA,NA,NA,T,lab,NA,NA,water content,160%,150,150,umol * m^-2 * s^-1,NA,30.7141,temperate,neutral,green algae,38.92174449622782,1.2259139059304704e-5,1,60,2.0431898432174508e-7,2.0431898432174508e-7,-15.40358342,-1.165527335,8.251008352,0.53952471,0.880672503,,,
2,lange_1980,lange_1980,figure 3,pop,ramalina,maciformis,15,C,mg CO2 * g^-1 * hr^-1,0.217566479,mg CO2 * g^-1 * hr^-1,mg_co2,g,hr,NA,NA,NA,T,lab,NA,NA,water content,160%,150,150,umol * m^-2 * s^-1,NA,30.7141,temperate,neutral,green algae,40.27249044438772,4.943569166098614e-6,1,60,8.23928194349769e-8,8.23928194349769e-8,-16.31176755,0.185218613,-1.748991648,0.217566479,0.860416853,,,
2,lange_1980,lange_1980,figure 3,pop,ramalina,maciformis,5,C,mg CO2 * g^-1 * hr^-1,0.197310829,mg CO2 * g^-1 * hr^-1,mg_co2,g,hr,NA,NA,NA,T,lab,NA,NA,water content,160%,150,150,umol * m^-2 * s^-1,NA,30.7141,temperate,neutral,green algae,41.720359955241136,4.4833180867984544e-6,1,60,7.472196811330757e-8,7.472196811330757e-8,-16.4094917,1.633088124,-11.74899165,0.197310829,0.681314261,,,
1,lange_1980,lange_1980,figure 3,pop,ramalina,maciformis,25,C,mg CO2 * g^-1 * hr^-1,0.880672503,mg CO2 * g^-1 * hr^-1,mg_co2,g,hr,NA,NA,NA,T,lab,NA,NA,water content,160%,0,0,umol * m^-2 * s^-1,NA,30.7141,temperate,neutral,green algae,38.92174449622782,2.0010736264485343e-5,1,60,3.335122710747557e-7,3.335122710747557e-7,-14.91358618,-1.165527335,8.251008352,,,,,
1,lange_1980,lange_1980,figure 3,pop,ramalina,maciformis,15,C,mg CO2 * g^-1 * hr^-1,0.860416853,mg CO2 * g^-1 * hr^-1,mg_co2,g,hr,NA,NA,NA,T,lab,NA,NA,water content,160%,0,0,umol * m^-2 * s^-1,NA,30.7141,temperate,neutral,green algae,40.27249044438772,1.9550485185185184e-5,1,60,3.2584141975308643e-7,3.2584141975308643e-7,-14.93685502,0.185218613,-1.748991648,,,,,
1,lange_1980,lange_1980,figure 3,pop,ramalina,maciformis,5,C,mg CO2 * g^-1 * hr^-1,0.681314261,mg CO2 * g^-1 * hr^-1,mg_co2,g,hr,NA,NA,NA,T,lab,NA,NA,water content,160%,0,0,umol * m^-2 * s^-1,NA,30.7141,temperate,neutral,green algae,41.720359955241136,1.5480896637127926e-5,1,60,2.580149439521321e-7,2.580149439521321e-7,-15.17024833,1.633088124,-11.74899165,,,,,
1,adams_1971,adams_1971,figure 1,pop,cladonia,rangiferina,0,C,net photosynthesis,0.102230558,mg CO2 * G (dry weight)^-1 * hr^-1,mg_co2,g,hr,NA,NA,NA,T,lab,NA,NA,NA,NA,1.2 * 10^6,1.2 * 10^6,ergs * cm-2 * s-1,NA,44.0197,temperate,neutral,green algae,42.4840495,2.322893842308566e-6,1,60,3.8714897371809437e-8,3.8714897371809437e-8,-17.06704137,2.396777671,-16.74899165,0.102230558,-0.04153306,,,
1,adams_1971,adams_1971,figure 1,pop,cladonia,rangiferina,2,C,net photosynthesis,0.22929868,mg CO2 * G (dry weight)^-1 * hr^-1,mg_co2,g,hr,NA,NA,NA,T,lab,NA,NA,NA,NA,1.2 * 10^6,1.2 * 10^6,ergs * cm-2 * s-1,NA,44.0197,temperate,neutral,green algae,42.17524303670842,5.210149511474665e-6,1,60,8.683582519124441e-8,8.683582519124441e-8,-16.25924657,2.087971206,-14.74899165,0.22929868,-0.059681598,,,
1,adams_1971,adams_1971,figure 1,pop,cladonia,rangiferina,5,C,net photosynthesis,0.324415567,mg CO2 * G (dry weight)^-1 * hr^-1,mg_co2,g,hr,NA,NA,NA,T,lab,NA,NA,NA,NA,1.2 * 10^6,1.2 * 10^6,ergs * cm-2 * s-1,NA,44.0197,temperate,neutral,green algae,41.720359955241136,7.371405748693479e-6,1,60,1.2285676247822465e-7,1.2285676247822465e-7,-15.91224669,1.633088124,-11.74899165,0.324415567,-0.069123831,,,
1,adams_1971,adams_1971,figure 1,pop,cladonia,rangiferina,7,C,net photosynthesis,0.405318508,mg CO2 * G (dry weight)^-1 * hr^-1,mg_co2,g,hr,NA,NA,NA,T,lab,NA,NA,NA,NA,1.2 * 10^6,1.2 * 10^6,ergs * cm-2 * s-1,NA,44.0197,temperate,neutral,green algae,41.42251694288889,9.20969116109975e-6,1,60,1.5349485268499584e-7,1.5349485268499584e-7,-15.6895988,1.335245112,-9.748991648,0.405318508,-0.099461195,,,
1,adams_1971,adams_1971,figure 1,pop,cladonia,rangiferina,10,C,net photosynthesis,0.468470762,mg CO2 * G (dry weight)^-1 * hr^-1,mg_co2,g,hr,NA,NA,NA,T,lab,NA,NA,NA,NA,1.2 * 10^6,1.2 * 10^6,ergs * cm-2 * s-1,NA,44.0197,temperate,neutral,green algae,40.98364161,1.0644643535560099e-5,1,60,1.774107255926683e-7,1.774107255926683e-7,-15.54479831,0.896369778,-6.748991648,0.468470762,-0.110644689,,,
1,adams_1971,adams_1971,figure 1,pop,cladonia,rangiferina,12,C,net photosynthesis,0.508533726,mg CO2 * G (dry weight)^-1 * hr^-1,mg_co2,g,hr,NA,NA,NA,T,lab,NA,NA,NA,NA,1.2 * 10^6,1.2 * 10^6,ergs * cm-2 * s-1,NA,44.0197,temperate,neutral,green algae,40.696188397511214,1.1554958554873893e-5,1,60,1.9258264258123154e-7,1.9258264258123154e-7,-15.46274046,0.608916566,-4.748991648,0.508533726,-0.139240791,,,
1,adams_1971,adams_1971,figure 1,pop,cladonia,rangiferina,15,C,net photosynthesis,0.537946279,mg CO2 * G (dry weight)^-1 * hr^-1,mg_co2,g,hr,NA,NA,NA,T,lab,NA,NA,NA,NA,1.2 * 10^6,1.2 * 10^6,ergs * cm-2 * s-1,NA,44.0197,temperate,neutral,green algae,40.27249044438772,1.2223273778686663e-5,1,60,2.0372122964477772e-7,2.0372122964477772e-7,-15.4065133,0.185218613,-1.748991648,0.537946279,-0.181793264,,,
1,adams_1971,adams_1971,figure 1,pop,cladonia,rangiferina,17,C,net photosynthesis,0.537196061,mg CO2 * G (dry weight)^-1 * hr^-1,mg_co2,g,hr,NA,NA,NA,T,lab,NA,NA,NA,NA,1.2 * 10^6,1.2 * 10^6,ergs * cm-2 * s-1,NA,44.0197,temperate,neutral,green algae,39.99489271601007,1.2206227243808224e-5,1,60,2.0343712073013706e-7,2.0343712073013706e-7,-15.40790887,-0.092379115,0.251008352,0.537196061,-0.220863215,,,
1,adams_1971,adams_1971,figure 1,pop,cladonia,rangiferina,20,C,net photosynthesis,0.497394333,mg CO2 * G (dry weight)^-1 * hr^-1,mg_co2,g,hr,NA,NA,NA,T,lab,NA,NA,NA,NA,1.2 * 10^6,1.2 * 10^6,ergs * cm-2 * s-1,NA,44.0197,temperate,neutral,green algae,39.58559823145258,1.1301848057259714e-5,1,60,1.883641342876619e-7,1.883641342876619e-7,-15.48488886,-0.5016736,3.251008352,0.497394333,-0.270367589,,,
1,adams_1971,adams_1971,figure 1,pop,cladonia,rangiferina,22,C,net photosynthesis,0.420302766,mg CO2 * G (dry weight)^-1 * hr^-1,mg_co2,g,hr,NA,NA,NA,T,lab,NA,NA,NA,NA,1.2 * 10^6,1.2 * 10^6,ergs * cm-2 * s-1,NA,44.0197,temperate,neutral,green algae,39.31735768778696,9.550165098841172e-6,1,60,1.5916941831401954e-7,1.5916941831401954e-7,-15.65329668,-0.769914143,5.251008352,0.420302766,-0.328565126,,,
1,adams_1971,adams_1971,figure 1,pop,cladonia,rangiferina,25,C,net photosynthesis,0.359173421,mg CO2 * G (dry weight)^-1 * hr^-1,mg_co2,g,hr,NA,NA,NA,T,lab,NA,NA,NA,NA,1.2 * 10^6,1.2 * 10^6,ergs * cm-2 * s-1,NA,44.0197,temperate,neutral,green algae,38.92174449622782,8.161177482390365e-6,1,60,1.360196247065061e-7,1.360196247065061e-7,-15.81046666,-1.165527335,8.251008352,0.359173421,-0.378082642,,,
1,adams_1971,adams_1971,figure 1,pop,cladonia,rangiferina,27,C,net photosynthesis,0.250130618,mg CO2 * G (dry weight)^-1 * hr^-1,mg_co2,g,hr,NA,NA,NA,T,lab,NA,NA,NA,NA,1.2 * 10^6,1.2 * 10^6,ergs * cm-2 * s-1,NA,44.0197,temperate,neutral,green algae,38.66239587389746,5.683495069302432e-6,1,60,9.47249178217072e-8,9.47249178217072e-8,-16.17228875,-1.424875957,10.25100835,0.250130618,-0.45718845,,,
1,adams_1971,adams_1971,figure 1,pop,cladonia,rangiferina,30,C,net photosynthesis,0.155288365,mg CO2 * G (dry weight)^-1 * hr^-1,mg_co2,g,hr,NA,NA,NA,T,lab,NA,NA,NA,NA,1.2 * 10^6,1.2 * 10^6,ergs * cm-2 * s-1,NA,44.0197,temperate,neutral,green algae,38.27978928434875,3.5284790956600774e-6,1,60,5.880798492766796e-8,5.880798492766796e-8,-16.64898819,-1.807482547,13.25100835,0.155288365,-0.550224346,,,
1,adams_1971,adams_1971,figure 1,pop,cladonia,rangiferina,32,C,net photosynthesis,0.055107509,mg CO2 * G (dry weight)^-1 * hr^-1,mg_co2,g,hr,NA,NA,NA,T,lab,NA,NA,NA,NA,1.2 * 10^6,1.2 * 10^6,ergs * cm-2 * s-1,NA,44.0197,temperate,neutral,green algae,38.028897661970575,1.252158804817087e-6,1,60,2.0869313413618116e-8,2.0869313413618116e-8,-17.68498601,-2.058374169,15.25100835,0.055107509,-0.648497165,,,
1,adams_1971,adams_1971,figure 1,pop,cladonia,rangiferina,35,C,net photosynthesis,-0.045073347,mg CO2 * G (dry weight)^-1 * hr^-1,mg_co2,g,hr,NA,NA,NA,T,lab,NA,NA,NA,NA,1.2 * 10^6,1.2 * 10^6,ergs * cm-2 * s-1,NA,44.0197,temperate,neutral,green algae,37.65866662842876,-1.02E-06,1,60,-1.71E-08,1.706935810043172e-8,-17.8859809,-2.428605203,18.25100835,-0.045073347,-0.738050539,,,
1,brownkershaw1984,brownkershaw1984,figure 1,pop,peltigera,rufescens,5,C,gas exchange,1.31,mg CO2 * g^-1 * hr^-1,mg_co2,g,hr,NA,NA,NA,T,lab,NA,NA,month,november,1000,1000,umol * m^-2 * s^-1,NA,58.7679,temperate,neutral,green algae,41.720359955241136,2.9765962281299705e-5,1,60,4.96099371354995e-7,4.96099371354995e-7,-14.51648958,1.633088124,-11.74899165,1.31,-0.53030303,,,
1,brownkershaw1984,brownkershaw1984,figure 1,pop,peltigera,rufescens,15,C,gas exchange,2.22,mg CO2 * g^-1 * hr^-1,mg_co2,g,hr,NA,NA,NA,T,lab,NA,NA,month,november,1000,1000,umol * m^-2 * s^-1,NA,58.7679,temperate,neutral,green algae,40.27249044438772,5.044308111792775e-5,1,60,8.407180186321291e-7,8.407180186321291e-7,-13.98900953,0.185218613,-1.748991648,2.22,-0.820895522,,,
1,brownkershaw1984,brownkershaw1984,figure 1,pop,peltigera,rufescens,25,C,gas exchange,3.843084308,mg CO2 * g^-1 * hr^-1,mg_co2,g,hr,NA,NA,NA,T,lab,NA,NA,month,november,1000,1000,umol * m^-2 * s^-1,NA,58.7679,temperate,neutral,green algae,38.92174449622782,8.732297905021586e-5,1,60,1.4553829841702644e-6,1.4553829841702644e-6,-13.44024147,-1.165527335,8.251008352,3.843084308,-1.390977444,,,
1,brownkershaw1984,brownkershaw1984,figure 1,pop,peltigera,rufescens,35,C,gas exchange,4.047996315,mg CO2 * g^-1 * hr^-1,mg_co2,g,hr,NA,NA,NA,T,lab,NA,NA,month,november,1000,1000,umol * m^-2 * s^-1,NA,58.7679,temperate,neutral,green algae,37.65866662842876,9.197901192910702e-5,1,60,1.5329835321517836e-6,1.5329835321517836e-6,-13.3882947,-2.428605203,18.25100835,4.047996315,-2.131804366,,,
1,brownkershaw1984,brownkershaw1984,figure 1,pop,peltigera,rufescens,45,C,gas exchange,2.92,mg CO2 * g^-1 * hr^-1,mg_co2,g,hr,NA,NA,NA,T,lab,NA,NA,month,november,1000,1000,umol * m^-2 * s^-1,NA,58.7679,temperate,neutral,green algae,36.47499016674626,6.634855714610316e-5,1,60,1.105809285768386e-6,1.105809285768386e-6,-13.71493311,-3.612281664,28.25100835,2.92,-2.518796992,,,
3,brownkershaw1984,brownkershaw1984,figure 1,pop,peltigera,rufescens,5,C,gas exchange,1.87,mg CO2 * g^-1 * hr^-1,mg_co2,g,hr,NA,NA,NA,T,lab,NA,NA,month,july,1000,1000,umol * m^-2 * s^-1,NA,58.7679,temperate,neutral,green algae,41.720359955241136,4.249034310384004e-5,1,60,7.081723850640007e-7,7.081723850640007e-7,-14.16057829,1.633088124,-11.74899165,1.87,-0.909090909,,,
3,brownkershaw1984,brownkershaw1984,figure 1,pop,peltigera,rufescens,15,C,gas exchange,2.71,mg CO2 * g^-1 * hr^-1,mg_co2,g,hr,NA,NA,NA,T,lab,NA,NA,month,july,1000,1000,umol * m^-2 * s^-1,NA,58.7679,temperate,neutral,green algae,40.27249044438772,6.157691433765054e-5,1,60,1.026281905627509e-6,1.026281905627509e-6,-13.78956809,0.185218613,-1.748991648,2.71,-0.895522388,,,
3,brownkershaw1984,brownkershaw1984,figure 1,pop,peltigera,rufescens,25,C,gas exchange,3.843084308,mg CO2 * g^-1 * hr^-1,mg_co2,g,hr,NA,NA,NA,T,lab,NA,NA,month,july,1000,1000,umol * m^-2 * s^-1,NA,58.7679,temperate,neutral,green algae,38.92174449622782,8.732297905021586e-5,1,60,1.4553829841702644e-6,1.4553829841702644e-6,-13.44024147,-1.165527335,8.251008352,3.843084308,-1.390977444,,,
3,brownkershaw1984,brownkershaw1984,figure 1,pop,peltigera,rufescens,35,C,gas exchange,4.047996315,mg CO2 * g^-1 * hr^-1,mg_co2,g,hr,NA,NA,NA,T,lab,NA,NA,month,july,1000,1000,umol * m^-2 * s^-1,NA,58.7679,temperate,neutral,green algae,37.65866662842876,9.197901192910702e-5,1,60,1.5329835321517836e-6,1.5329835321517836e-6,-13.3882947,-2.428605203,18.25100835,4.047996315,-2.131804366,,,
3,brownkershaw1984,brownkershaw1984,figure 1,pop,peltigera,rufescens,45,C,gas exchange,3.34,mg CO2 * g^-1 * hr^-1,mg_co2,g,hr,NA,NA,NA,T,lab,NA,NA,month,july,1000,1000,umol * m^-2 * s^-1,NA,58.7679,temperate,neutral,green algae,36.47499016674626,7.58918427630084e-5,1,60,1.2648640460501399e-6,1.2648640460501399e-6,-13.58054592,-3.612281664,28.25100835,3.34,-2.518796992,,,
5,brownkershaw1984,brownkershaw1984,figure 1,pop,peltigera,rufescens,15,C,gas exchange,1.87,mg CO2 * g^-1 * hr^-1,mg_co2,g,hr,NA,NA,NA,T,lab,NA,NA,month,september,1000,1000,umol * m^-2 * s^-1,NA,58.7679,temperate,neutral,green algae,40.27249044438772,4.249034310384004e-5,1,60,7.081723850640007e-7,7.081723850640007e-7,-14.16057829,0.185218613,-1.748991648,1.87,-1.119402985,,,
5,brownkershaw1984,brownkershaw1984,figure 1,pop,peltigera,rufescens,25,C,gas exchange,2.792979298,mg CO2 * g^-1 * hr^-1,mg_co2,g,hr,NA,NA,NA,T,lab,NA,NA,month,september,1000,1000,umol * m^-2 * s^-1,NA,58.7679,temperate,neutral,green algae,38.92174449622782,6.346237895932743e-5,1,60,1.0577063159887905e-6,1.0577063159887905e-6,-13.75940785,-1.165527335,8.251008352,2.792979298,-1.015037594,,,
5,brownkershaw1984,brownkershaw1984,figure 1,pop,peltigera,rufescens,35,C,gas exchange,4.814094887,mg CO2 * g^-1 * hr^-1,mg_co2,g,hr,NA,NA,NA,T,lab,NA,NA,month,september,1000,1000,umol * m^-2 * s^-1,NA,58.7679,temperate,neutral,green algae,37.65866662842876,1.0938638688934334e-4,1,60,1.8231064481557224e-6,1.8231064481557224e-6,-13.21496867,-2.428605203,18.25100835,4.814094887,-1.534954407,,,
5,brownkershaw1984,brownkershaw1984,figure 1,pop,peltigera,rufescens,45,C,gas exchange,1.8,mg CO2 * g^-1 * hr^-1,mg_co2,g,hr,NA,NA,NA,T,lab,NA,NA,month,september,1000,1000,umol * m^-2 * s^-1,NA,58.7679,temperate,neutral,green algae,36.47499016674626,4.089979550102249e-5,1,60,6.816632583503749e-7,6.816632583503749e-7,-14.19873006,-3.612281664,28.25100835,1.8,-1.992481203,,,
7,brownkershaw1984,brownkershaw1984,figure 2,pop,peltigera,rufescens,5,C,gas exchange,1.96969697,mg CO2 * g^-1 * hr^-1,mg_co2,g,hr,NA,NA,NA,T,lab,NA,NA,month,december,1000,1000,umol * m^-2 * s^-1,NA,45.1166,temperate,neutral,green algae,41.720359955241136,4.4755668484435356e-5,1,60,7.459278080739226e-7,7.459278080739226e-7,-14.10863701,1.633088124,-11.74899165,1.96969697,-0.391414141,,,
7,brownkershaw1984,brownkershaw1984,figure 2,pop,peltigera,rufescens,15,C,gas exchange,2.676767677,mg CO2 * g^-1 * hr^-1,mg_co2,g,hr,NA,NA,NA,T,lab,NA,NA,month,december,1000,1000,umol * m^-2 * s^-1,NA,45.1166,temperate,neutral,green algae,40.27249044438772,6.082180588502613e-5,1,60,1.0136967647504354e-6,1.0136967647504354e-6,-13.80190675,0.185218613,-1.748991648,2.676767677,-1.080808081,,,
7,brownkershaw1984,brownkershaw1984,figure 2,pop,peltigera,rufescens,25,C,gas exchange,7.02020202,mg CO2 * g^-1 * hr^-1,mg_co2,g,hr,NA,NA,NA,T,lab,NA,NA,month,december,1000,1000,umol * m^-2 * s^-1,NA,45.1166,temperate,neutral,green algae,38.92174449622782,1.5951379277436947e-4,1,60,2.6585632129061578e-6,2.6585632129061578e-6,-12.83772473,-1.165527335,8.251008352,7.02020202,-1.858585859,,,
7,brownkershaw1984,brownkershaw1984,figure 2,pop,peltigera,rufescens,35,C,gas exchange,5.808080808,mg CO2 * g^-1 * hr^-1,mg_co2,g,hr,NA,NA,NA,T,lab,NA,NA,month,december,1000,1000,umol * m^-2 * s^-1,NA,45.1166,temperate,neutral,green algae,37.65866662842876,1.3197184294478528e-4,1,60,2.199530715746421e-6,2.199530715746421e-6,-13.02726653,-2.428605203,18.25100835,5.808080808,-2.537878788,,,
7,brownkershaw1984,brownkershaw1984,figure 2,pop,peltigera,rufescens,45,C,gas exchange,4.696969697,mg CO2 * g^-1 * hr^-1,mg_co2,g,hr,NA,NA,NA,T,lab,NA,NA,month,december,1000,1000,umol * m^-2 * s^-1,NA,45.1166,temperate,neutral,green algae,36.47499016674626,1.0672505560099978e-4,1,60,1.7787509266833295e-6,1.7787509266833295e-6,-13.23959917,-3.612281664,28.25100835,4.696969697,-3.722222222,,,
9,brownkershaw1984,brownkershaw1984,figure 2,pop,peltigera,rufescens,5,C,gas exchange,1.161616162,mg CO2 * g^-1 * hr^-1,mg_co2,g,hr,NA,NA,NA,T,lab,NA,NA,month,june,1000,1000,umol * m^-2 * s^-1,NA,45.1166,temperate,neutral,green algae,41.720359955241136,2.63943685980459e-5,1,60,4.39906143300765e-7,4.39906143300765e-7,-14.63670444,1.633088124,-11.74899165,1.161616162,-0.694444444,,,
9,brownkershaw1984,brownkershaw1984,figure 2,pop,peltigera,rufescens,15,C,gas exchange,4.797979798,mg CO2 * g^-1 * hr^-1,mg_co2,g,hr,NA,NA,NA,T,lab,NA,NA,month,june,1000,1000,umol * m^-2 * s^-1,NA,45.1166,temperate,neutral,green algae,40.27249044438772,1.0902021808679845e-4,1,60,1.8170036347799742e-6,1.8170036347799742e-6,-13.21832177,0.185218613,-1.748991648,4.797979798,-1.686868687,,,
9,brownkershaw1984,brownkershaw1984,figure 2,pop,peltigera,rufescens,25,C,gas exchange,5.505050505,mg CO2 * g^-1 * hr^-1,mg_co2,g,hr,NA,NA,NA,T,lab,NA,NA,month,june,1000,1000,umol * m^-2 * s^-1,NA,45.1166,temperate,neutral,green algae,38.92174449622782,1.2508635548738923e-4,1,60,2.084772591456487e-6,2.084772591456487e-6,-13.08085078,-1.165527335,8.251008352,5.505050505,-1.356060606,,,
9,brownkershaw1984,brownkershaw1984,figure 2,pop,peltigera,rufescens,35,C,gas exchange,10.45454545,mg CO2 * g^-1 * hr^-1,mg_co2,g,hr,NA,NA,NA,T,lab,NA,NA,month,june,1000,1000,umol * m^-2 * s^-1,NA,45.1166,temperate,neutral,green algae,37.65866662842876,2.375493172006362e-4,1,60,3.9591552866772705e-6,3.9591552866772705e-6,-12.43947987,-2.428605203,18.25100835,10.45454545,-2.73989899,,,
9,brownkershaw1984,brownkershaw1984,figure 2,pop,peltigera,rufescens,45,C,gas exchange,7.02020202,mg CO2 * g^-1 * hr^-1,mg_co2,g,hr,NA,NA,NA,T,lab,NA,NA,month,june,1000,1000,umol * m^-2 * s^-1,NA,45.1166,temperate,neutral,green algae,36.47499016674626,1.5951379277436947e-4,1,60,2.6585632129061578e-6,2.6585632129061578e-6,-12.83772473,-3.612281664,28.25100835,7.02020202,-3.015151515,,,
11,brownkershaw1984,brownkershaw1984,figure 2,pop,peltigera,rufescens,5,C,gas exchange,1.363636364,mg CO2 * g^-1 * hr^-1,mg_co2,g,hr,NA,NA,NA,T,lab,NA,NA,month,september,1000,1000,umol * m^-2 * s^-1,NA,45.1166,temperate,neutral,green algae,41.720359955241136,3.098469356964326e-5,1,60,5.164115594940544e-7,5.164115594940544e-7,-14.47636179,1.633088124,-11.74899165,1.363636364,-0.997474747,,,
11,brownkershaw1984,brownkershaw1984,figure 2,pop,peltigera,rufescens,15,C,gas exchange,3.080808081,mg CO2 * g^-1 * hr^-1,mg_co2,g,hr,NA,NA,NA,T,lab,NA,NA,month,september,1000,1000,umol * m^-2 * s^-1,NA,45.1166,temperate,neutral,green algae,40.27249044438772,7.000245582822086e-5,1,60,1.1667075971370143e-6,1.1667075971370143e-6,-13.6613248,0.185218613,-1.748991648,3.080808081,-1.484848485,,,
11,brownkershaw1984,brownkershaw1984,figure 2,pop,peltigera,rufescens,25,C,gas exchange,7.424242424,mg CO2 * g^-1 * hr^-1,mg_co2,g,hr,NA,NA,NA,T,lab,NA,NA,month,september,1000,1000,umol * m^-2 * s^-1,NA,45.1166,temperate,neutral,green algae,38.92174449622782,1.6869444271756418e-4,1,60,2.8115740452927364e-6,2.8115740452927364e-6,-12.78176607,-1.165527335,8.251008352,7.424242424,-2.061868687,,,
11,brownkershaw1984,brownkershaw1984,figure 2,pop,peltigera,rufescens,35,C,gas exchange,7.626262626,mg CO2 * g^-1 * hr^-1,mg_co2,g,hr,NA,NA,NA,T,lab,NA,NA,month,september,1000,1000,umol * m^-2 * s^-1,NA,45.1166,temperate,neutral,green algae,37.65866662842876,1.7328476768916154e-4,1,60,2.8880794614860257e-6,2.8880794614860257e-6,-12.75491882,-2.428605203,18.25100835,7.626262626,-3.75,,,
11,brownkershaw1984,brownkershaw1984,figure 2,pop,peltigera,rufescens,45,C,gas exchange,7.323232323,mg CO2 * g^-1 * hr^-1,mg_co2,g,hr,NA,NA,NA,T,lab,NA,NA,month,september,1000,1000,umol * m^-2 * s^-1,NA,45.1166,temperate,neutral,green algae,36.47499016674626,1.6639928023176552e-4,1,60,2.773321337196092e-6,2.773321337196092e-6,-12.79546492,-3.612281664,28.25100835,7.323232323,-4.429292929,,,
1,eickmeieradams1973,eickmeieradams1973,figure 1,pop,cladonia,ecmocyna,0,C,net photosynthesis,0.099760847,mg CO2 * g^-1 * hr^-1,mg_co2,g,hr,NA,NA,4,T,lab,NA,NA,NA,NA,0.45,0.45,g cal * cm^-2 * min^-1,3255,39.6636,temperate,high,green algae,42.4840495,2.2667768007271072e-6,1,60,3.777961334545179e-8,3.777961334545179e-8,-17.09149621,2.396777671,-16.74899165,0.099760847,-0.056200888,,,4
1,eickmeieradams1973,eickmeieradams1973,figure 1,pop,cladonia,ecmocyna,2,C,net photosynthesis,0.141680902,mg CO2 * g^-1 * hr^-1,mg_co2,g,hr,NA,NA,4,T,lab,NA,NA,NA,NA,0.45,0.45,g cal * cm^-2 * min^-1,3255,39.6636,temperate,high,green algae,42.17524303670842,3.2192888434446717e-6,1,60,5.365481405741119e-8,5.365481405741119e-8,-16.74069464,2.087971206,-14.74899165,0.141680902,-0.065322856,,,4
1,eickmeieradams1973,eickmeieradams1973,figure 1,pop,cladonia,ecmocyna,5,C,net photosynthesis,0.158079945,mg CO2 * g^-1 * hr^-1,mg_co2,g,hr,NA,NA,4,T,lab,NA,NA,NA,NA,0.45,0.45,g cal * cm^-2 * min^-1,3255,39.6636,temperate,high,green algae,41.720359955241136,3.5919096796182683e-6,1,60,5.986516132697114e-8,5.986516132697114e-8,-16.63117111,1.633088124,-11.74899165,0.158079945,-0.097130167,,,4
1,eickmeieradams1973,eickmeieradams1973,figure 1,pop,cladonia,ecmocyna,7,C,net photosynthesis,0.16600615,mg CO2 * g^-1 * hr^-1,mg_co2,g,hr,NA,NA,4,T,lab,NA,NA,NA,NA,0.45,0.45,g cal * cm^-2 * min^-1,3255,39.6636,temperate,high,green algae,41.42251694288889,3.772009770506703e-6,1,60,6.286682950844504e-8,6.286682950844504e-8,-16.58224717,1.335245112,-9.748991648,0.16600615,-0.124701059,,,4
1,eickmeieradams1973,eickmeieradams1973,figure 1,pop,cladonia,ecmocyna,10,C,net photosynthesis,0.196583533,mg CO2 * g^-1 * hr^-1,mg_co2,g,hr,NA,NA,4,T,lab,NA,NA,NA,NA,0.45,0.45,g cal * cm^-2 * min^-1,3255,39.6636,temperate,high,green algae,40.98364161,4.466792388093615e-6,1,60,7.444653980156025e-8,7.444653980156025e-8,-16.41318456,0.896369778,-6.748991648,0.196583533,-0.172087462,,,4
1,eickmeieradams1973,eickmeieradams1973,figure 1,pop,cladonia,ecmocyna,12,C,net photosynthesis,0.227160916,mg CO2 * g^-1 * hr^-1,mg_co2,g,hr,NA,NA,4,T,lab,NA,NA,NA,NA,0.45,0.45,g cal * cm^-2 * min^-1,3255,39.6636,temperate,high,green algae,40.696188397511214,5.161575005680527e-6,1,60,8.602625009467545e-8,8.602625009467545e-8,-16.26861335,0.608916566,-4.748991648,0.227160916,-0.209549026,,,4
1,eickmeieradams1973,eickmeieradams1973,figure 1,pop,cladonia,ecmocyna,15,C,net photosynthesis,0.21520328,mg CO2 * g^-1 * hr^-1,mg_co2,g,hr,NA,NA,4,T,lab,NA,NA,NA,NA,0.45,0.45,g cal * cm^-2 * min^-1,3255,39.6636,temperate,high,green algae,40.27249044438772,4.889872301749602e-6,1,60,8.14978716958267e-8,8.14978716958267e-8,-16.32268893,0.185218613,-1.748991648,0.21520328,-0.254116843,,,4
1,eickmeieradams1973,eickmeieradams1973,figure 1,pop,cladonia,ecmocyna,17,C,net photosynthesis,0.206081312,mg CO2 * g^-1 * hr^-1,mg_co2,g,hr,NA,NA,4,T,lab,NA,NA,NA,NA,0.45,0.45,g cal * cm^-2 * min^-1,3255,39.6636,temperate,high,green algae,39.99489271601007,4.682601954101341e-6,1,60,7.804336590168901e-8,7.804336590168901e-8,-16.36600119,-0.092379115,0.251008352,0.206081312,-0.287359071,,,4
1,eickmeieradams1973,eickmeieradams1973,figure 1,pop,cladonia,ecmocyna,20,C,net photosynthesis,0.185616672,mg CO2 * g^-1 * hr^-1,mg_co2,g,hr,NA,NA,4,T,lab,NA,NA,NA,NA,0.45,0.45,g cal * cm^-2 * min^-1,3255,39.6636,temperate,high,green algae,39.58559823145258,4.217602181322427e-6,1,60,7.029336968870712e-8,7.029336968870712e-8,-16.47058836,-0.5016736,3.251008352,0.185616672,-0.344653229,,,4
1,eickmeieradams1973,eickmeieradams1973,figure 1,pop,cladonia,ecmocyna,22,C,net photosynthesis,0.143901606,mg CO2 * g^-1 * hr^-1,mg_co2,g,hr,NA,NA,4,T,lab,NA,NA,NA,NA,0.45,0.45,g cal * cm^-2 * min^-1,3255,39.6636,temperate,high,green algae,39.31735768778696,3.269747920927062e-6,1,60,5.44957986821177e-8,5.44957986821177e-8,-16.72514223,-0.769914143,5.251008352,0.143901606,-0.399145883,,,4
1,eickmeieradams1973,eickmeieradams1973,figure 1,pop,cladonia,ecmocyna,25,C,net photosynthesis,0.05394602,mg CO2 * g^-1 * hr^-1,mg_co2,g,hr,NA,NA,4,T,lab,NA,NA,NA,NA,0.45,0.45,g cal * cm^-2 * min^-1,3255,39.6636,temperate,high,green algae,38.92174449622782,1.2257673256078164e-6,1,60,2.042945542679694e-8,2.042945542679694e-8,-17.70628808,-1.165527335,8.251008352,0.05394602,-0.489067304,,,4
1,eickmeieradams1973,eickmeieradams1973,figure 1,pop,cladonia,ecmocyna,27,C,net photosynthesis,-0.026050564,mg CO2 * g^-1 * hr^-1,mg_co2,g,hr,NA,NA,4,T,lab,NA,NA,NA,NA,0.45,0.45,g cal * cm^-2 * min^-1,3255,39.6636,temperate,high,green algae,38.66239587389746,-5.92E-07,1,60,-9.87E-09,9.865395743391653e-9,-18.43423258,-1.424875957,10.25100835,-0.026050564,-0.562008883,,,4
1,eickmeieradams1973,eickmeieradams1973,figure 1,pop,cladonia,ecmocyna,30,C,net photosynthesis,-0.140075162,mg CO2 * g^-1 * hr^-1,mg_co2,g,hr,NA,NA,4,T,lab,NA,NA,NA,NA,0.45,0.45,g cal * cm^-2 * min^-1,3255,39.6636,temperate,high,green algae,38.27978928434875,-3.18E-06,1,60,-5.30E-08,5.304671741270923e-8,-16.75209285,-1.807482547,13.25100835,-0.140075162,-0.644841134,,,4
1,eickmeieradams1973,eickmeieradams1973,figure 1,pop,cladonia,ecmocyna,32,C,net photosynthesis,-0.265459515,mg CO2 * g^-1 * hr^-1,mg_co2,g,hr,NA,NA,4,T,lab,NA,NA,NA,NA,0.45,0.45,g cal * cm^-2 * min^-1,3255,39.6636,temperate,high,green algae,38.028897661970575,-6.03E-06,1,60,-1.01E-07,1.0052999886389456e-7,-16.11280966,-2.058374169,15.25100835,-0.265459515,-0.734779638,,,4
1,eickmeieradams1973,eickmeieradams1973,figure 1,pop,cladonia,ecmocyna,35,C,net photosynthesis,-0.376665528,mg CO2 * g^-1 * hr^-1,mg_co2,g,hr,NA,NA,4,T,lab,NA,NA,NA,NA,0.45,0.45,g cal * cm^-2 * min^-1,3255,39.6636,temperate,high,green algae,37.65866662842876,-8.56E-06,1,60,-1.43E-07,1.4264391729152466e-7,-15.7629144,-2.428605203,18.25100835,-0.376665528,-0.817611889,,,4
1,kershaw1977,kershaw1977,figure 4,pop,peltigera,polydactyla,5,C,net photosynthesis,1.532846715,mg CO2 * g^-1 * hr^-1,mg_co2,g,hr,NA,NA,NA,T,lab,NA,NA,month,april,450,450,uE m^-2 s^-1,NA,43.3247,temperate,neutral,cyanobacteria,41.720359955241136,3.482950954328562e-5,1,60,5.804918257214269e-7,5.804918257214269e-7,-14.35939012,1.633088124,-11.74899165,1.532846715,-1.306451613,,,
1,kershaw1977,kershaw1977,figure 4,pop,peltigera,polydactyla,15,C,net photosynthesis,4.379562044,mg CO2 * g^-1 * hr^-1,mg_co2,g,hr,NA,NA,NA,T,lab,NA,NA,month,april,450,450,uE m^-2 s^-1,NA,43.3247,temperate,neutral,cyanobacteria,40.27249044438772,9.95128844353556e-5,1,60,1.6585480739225935e-6,1.6585480739225935e-6,-13.30956799,0.185218613,-1.748991648,4.379562044,-1.596774194,,,
1,kershaw1977,kershaw1977,figure 4,pop,peltigera,polydactyla,25,C,net photosynthesis,4.905109489,mg CO2 * g^-1 * hr^-1,mg_co2,g,hr,NA,NA,NA,T,lab,NA,NA,month,april,450,450,uE m^-2 s^-1,NA,43.3247,temperate,neutral,cyanobacteria,38.92174449622782,1.1145443056123609e-4,1,60,1.8575738426872681e-6,1.8575738426872681e-6,-13.19623931,-1.165527335,8.251008352,4.905109489,-2.903225806,,,
1,kershaw1977,kershaw1977,figure 4,pop,peltigera,polydactyla,35,C,net photosynthesis,2.97810219,mg CO2 * g^-1 * hr^-1,mg_co2,g,hr,NA,NA,NA,T,lab,NA,NA,month,april,450,450,uE m^-2 s^-1,NA,43.3247,temperate,neutral,cyanobacteria,37.65866662842876,6.766876141785958e-5,1,60,1.1278126902976596e-6,1.1278126902976596e-6,-13.69523047,-2.428605203,18.25100835,2.97810219,-2.927419355,,,
3,kershaw1977,kershaw1977,figure 4,pop,peltigera,polydactyla,5,C,net photosynthesis,1.708029197,mg CO2 * g^-1 * hr^-1,mg_co2,g,hr,NA,NA,NA,T,lab,NA,NA,month,march,450,450,uE m^-2 s^-1,NA,43.3247,temperate,neutral,cyanobacteria,41.720359955241136,3.881002492615315e-5,1,60,6.468337487692192e-7,6.468337487692192e-7,-14.25117653,1.633088124,-11.74899165,1.708029197,-0.919354839,,,
3,kershaw1977,kershaw1977,figure 4,pop,peltigera,polydactyla,15,C,net photosynthesis,2.145985401,mg CO2 * g^-1 * hr^-1,mg_co2,g,hr,NA,NA,NA,T,lab,NA,NA,month,march,450,450,uE m^-2 s^-1,NA,43.3247,temperate,neutral,cyanobacteria,40.27249044438772,4.876131336059986e-5,1,60,8.126885560099977e-7,8.126885560099977e-7,-14.02291788,0.185218613,-1.748991648,2.145985401,-1.258064516,,,
3,kershaw1977,kershaw1977,figure 4,pop,peltigera,polydactyla,25,C,net photosynthesis,4.467153285,mg CO2 * g^-1 * hr^-1,mg_co2,g,hr,NA,NA,NA,T,lab,NA,NA,month,march,450,450,uE m^-2 s^-1,NA,43.3247,temperate,neutral,cyanobacteria,38.92174449622782,1.0150314212678936e-4,1,60,1.6917190354464894e-6,1.6917190354464894e-6,-13.28976537,-1.165527335,8.251008352,4.467153285,-2.467741935,,,
3,kershaw1977,kershaw1977,figure 4,pop,peltigera,polydactyla,35,C,net photosynthesis,1.401459854,mg CO2 * g^-1 * hr^-1,mg_co2,g,hr,NA,NA,NA,T,lab,NA,NA,month,march,450,450,uE m^-2 s^-1,NA,43.3247,temperate,neutral,cyanobacteria,37.65866662842876,3.1844123017496026e-5,1,60,5.307353836249338e-7,5.307353836249338e-7,-14.44900228,-2.428605203,18.25100835,1.401459854,-3.725806452,,,
5,kershaw1977,kershaw1977,figure 4,pop,peltigera,polydactyla,5,C,net photosynthesis,1.532846715,mg CO2 * g^-1 * hr^-1,mg_co2,g,hr,NA,NA,NA,T,lab,NA,NA,month,june,450,450,uE m^-2 s^-1,NA,43.3247,temperate,neutral,cyanobacteria,41.720359955241136,3.482950954328562e-5,1,60,5.804918257214269e-7,5.804918257214269e-7,-14.35939012,1.633088124,-11.74899165,1.532846715,-0.725806452,,,
5,kershaw1977,kershaw1977,figure 4,pop,peltigera,polydactyla,15,C,net photosynthesis,3.416058394,mg CO2 * g^-1 * hr^-1,mg_co2,g,hr,NA,NA,NA,T,lab,NA,NA,month,june,450,450,uE m^-2 s^-1,NA,43.3247,temperate,neutral,cyanobacteria,40.27249044438772,7.76200498523063e-5,1,60,1.2936674975384385e-6,1.2936674975384385e-6,-13.55802935,0.185218613,-1.748991648,3.416058394,-1.741935484,,,
5,kershaw1977,kershaw1977,figure 4,pop,peltigera,polydactyla,25,C,net photosynthesis,1.883211679,mg CO2 * g^-1 * hr^-1,mg_co2,g,hr,NA,NA,NA,T,lab,NA,NA,month,june,450,450,uE m^-2 s^-1,NA,43.3247,temperate,neutral,cyanobacteria,38.92174449622782,4.279054030902068e-5,1,60,7.131756718170113e-7,7.131756718170113e-7,-14.15353806,-1.165527335,8.251008352,1.883211679,-3.919354839,,,
5,kershaw1977,kershaw1977,figure 4,pop,peltigera,polydactyla,35,C,net photosynthesis,5.299270073,mg CO2 * g^-1 * hr^-1,mg_co2,g,hr,NA,NA,NA,T,lab,NA,NA,month,june,450,450,uE m^-2 s^-1,NA,43.3247,temperate,neutral,cyanobacteria,37.65866662842876,1.2041059016132696e-4,1,60,2.0068431693554495e-6,2.0068431693554495e-6,-13.11894763,-2.428605203,18.25100835,5.299270073,-2.806451613,,,
7,kershaw1977,kershaw1977,figure 3,pop,peltigera,canina var. praetextata,5,C,respiration,-1.090909091,mg CO2 * g^-1 * hr^-1,mg_co2,g,hr,NA,NA,NA,T,lab,NA,NA,month,april,450,450,uE m^-2 s^-1,NA,43.3247,temperate,neutral,cyanobacteria,41.720359955241136,-2.48E-05,1,60,-4.13E-07,4.1312924751950316e-7,-14.69950534,1.633088124,-11.74899165,4.076167076,-1.090909091,,,
7,kershaw1977,kershaw1977,figure 3,pop,peltigera,canina var. praetextata,15,C,respiration,-2.225454545,mg CO2 * g^-1 * hr^-1,mg_co2,g,hr,NA,NA,NA,T,lab,NA,NA,month,april,450,450,uE m^-2 s^-1,NA,43.3247,temperate,neutral,cyanobacteria,40.27249044438772,-5.06E-05,1,60,-8.43E-07,8.427836646974172e-7,-13.98655554,0.185218613,-1.748991648,5.447174447,-2.225454545,,,
7,kershaw1977,kershaw1977,figure 3,pop,peltigera,canina var. praetextata,25,C,respiration,-2.88,mg CO2 * g^-1 * hr^-1,mg_co2,g,hr,NA,NA,NA,T,lab,NA,NA,month,april,450,450,uE m^-2 s^-1,NA,43.3247,temperate,neutral,cyanobacteria,38.92174449622782,-6.54E-05,1,60,-1.09E-06,1.0906612133605997e-6,-13.72872643,-1.165527335,8.251008352,6.375921376,-2.88,,,
7,kershaw1977,kershaw1977,figure 3,pop,peltigera,canina var. praetextata,35,C,respiration,-3.490909091,mg CO2 * g^-1 * hr^-1,mg_co2,g,hr,NA,NA,NA,T,lab,NA,NA,month,april,450,450,uE m^-2 s^-1,NA,43.3247,temperate,neutral,cyanobacteria,37.65866662842876,-7.93E-05,1,60,-1.32E-06,1.3220135919866696e-6,-13.53635454,-2.428605203,18.25100835,5.049140049,-3.490909091,,,
9,kershaw1977,kershaw1977,figure 3,pop,peltigera,canina var. praetextata,5,C,respiration,-0.654545455,mg CO2 * g^-1 * hr^-1,mg_co2,g,hr,NA,NA,NA,T,lab,NA,NA,month,october,450,450,uE m^-2 s^-1,NA,43.3247,temperate,neutral,cyanobacteria,41.720359955241136,-1.49E-05,1,60,-2.48E-07,2.478775486631826e-7,-15.21033097,1.633088124,-11.74899165,1.864864865,-0.654545455,,,
9,kershaw1977,kershaw1977,figure 3,pop,peltigera,canina var. praetextata,15,C,respiration,-1.876363636,mg CO2 * g^-1 * hr^-1,mg_co2,g,hr,NA,NA,NA,T,lab,NA,NA,month,october,450,450,uE m^-2 s^-1,NA,43.3247,temperate,neutral,cyanobacteria,40.27249044438772,-4.26E-05,1,60,-7.11E-07,7.105823055366205e-7,-14.15718105,0.185218613,-1.748991648,6.773955774,-1.876363636,,,
9,kershaw1977,kershaw1977,figure 3,pop,peltigera,canina var. praetextata,25,C,respiration,-2.312727273,mg CO2 * g^-1 * hr^-1,mg_co2,g,hr,NA,NA,NA,T,lab,NA,NA,month,october,450,450,uE m^-2 s^-1,NA,43.3247,temperate,neutral,cyanobacteria,38.92174449622782,-5.26E-05,1,60,-8.76E-07,8.758340047716428e-7,-13.94808926,-1.165527335,8.251008352,4.385749386,-2.312727273,,,
9,kershaw1977,kershaw1977,figure 3,pop,peltigera,canina var. praetextata,35,C,respiration,-2.967272727,mg CO2 * g^-1 * hr^-1,mg_co2,g,hr,NA,NA,NA,T,lab,NA,NA,month,october,450,450,uE m^-2 s^-1,NA,43.3247,temperate,neutral,cyanobacteria,37.65866662842876,-6.74E-05,1,60,-1.12E-06,1.1237115530561236e-6,-13.69887346,-2.428605203,18.25100835,2.528255528,-2.967272727,,,
11,kershaw1977,kershaw1977,figure 3,pop,peltigera,canina var. praetextata,5,C,respiration,-0.567272727,mg CO2 * g^-1 * hr^-1,mg_co2,g,hr,NA,NA,NA,T,lab,NA,NA,month,december,450,450,uE m^-2 s^-1,NA,43.3247,temperate,neutral,cyanobacteria,41.720359955241136,-1.29E-05,1,60,-2.15E-07,2.1482720858895703e-7,-15.35343181,1.633088124,-11.74899165,2.970515971,-0.567272727,,,
11,kershaw1977,kershaw1977,figure 3,pop,peltigera,canina var. praetextata,15,C,respiration,-2.094545455,mg CO2 * g^-1 * hr^-1,mg_co2,g,hr,NA,NA,NA,T,lab,NA,NA,month,december,450,450,uE m^-2 s^-1,NA,43.3247,temperate,neutral,cyanobacteria,40.27249044438772,-4.76E-05,1,60,-7.93E-07,7.932081553434825e-7,-14.04718016,0.185218613,-1.748991648,3.545454545,-2.094545455,,,
11,kershaw1977,kershaw1977,figure 3,pop,peltigera,canina var. praetextata,25,C,respiration,-2.574545455,mg CO2 * g^-1 * hr^-1,mg_co2,g,hr,NA,NA,NA,T,lab,NA,NA,month,december,450,450,uE m^-2 s^-1,NA,43.3247,temperate,neutral,cyanobacteria,38.92174449622782,-5.85E-05,1,60,-9.75E-07,9.749850242369158e-7,-13.84084373,-1.165527335,8.251008352,2.660933661,-2.574545455,,,
11,kershaw1977,kershaw1977,figure 3,pop,peltigera,canina var. praetextata,35,C,respiration,-3.84,mg CO2 * g^-1 * hr^-1,mg_co2,g,hr,NA,NA,NA,T,lab,NA,NA,month,december,450,450,uE m^-2 s^-1,NA,43.3247,temperate,neutral,cyanobacteria,37.65866662842876,-8.73E-05,1,60,-1.45E-06,1.4542149511474664e-6,-13.44104436,-2.428605203,18.25100835,2.395577396,-3.84,,,
13,kershaw1977,kershaw1977,figure 3,pop,peltigera,canina var. praetextata,5,C,respiration,-0.872727273,mg CO2 * g^-1 * hr^-1,mg_co2,g,hr,NA,NA,NA,T,lab,NA,NA,month,june,450,450,uE m^-2 s^-1,NA,43.3247,temperate,neutral,cyanobacteria,41.720359955241136,-1.98E-05,1,60,-3.31E-07,3.3050339809134286e-7,-14.9226489,1.633088124,-11.74899165,3.147420147,-0.872727273,,,
13,kershaw1977,kershaw1977,figure 3,pop,peltigera,canina var. praetextata,15,C,respiration,-2.007272727,mg CO2 * g^-1 * hr^-1,mg_co2,g,hr,NA,NA,NA,T,lab,NA,NA,month,june,450,450,uE m^-2 s^-1,NA,43.3247,temperate,neutral,cyanobacteria,40.27249044438772,-4.56E-05,1,60,-7.60E-07,7.60157815269257e-7,-14.08973977,0.185218613,-1.748991648,5.624078624,-2.007272727,,,
13,kershaw1977,kershaw1977,figure 3,pop,peltigera,canina var. praetextata,25,C,respiration,-3.403636364,mg CO2 * g^-1 * hr^-1,mg_co2,g,hr,NA,NA,NA,T,lab,NA,NA,month,june,450,450,uE m^-2 s^-1,NA,43.3247,temperate,neutral,cyanobacteria,38.92174449622782,-7.73E-05,1,60,-1.29E-06,1.288963252291146e-6,-13.56167234,-1.165527335,8.251008352,5.933660934,-3.403636364,,,
13,kershaw1977,kershaw1977,figure 3,pop,peltigera,canina var. praetextata,35,C,respiration,-3.010909091,mg CO2 * g^-1 * hr^-1,mg_co2,g,hr,NA,NA,NA,T,lab,NA,NA,month,june,450,450,uE m^-2 s^-1,NA,43.3247,temperate,neutral,cyanobacteria,37.65866662842876,-6.84E-05,1,60,-1.14E-06,1.1402367230932361e-6,-13.68427467,-2.428605203,18.25100835,6.508599509,-3.010909091,,,
15,kershaw1977,kershaw1977,figure 3,pop,peltigera,canina var. praetextata,15,C,respiration,-2.661818182,mg CO2 * g^-1 * hr^-1,mg_co2,g,hr,NA,NA,NA,T,lab,NA,NA,month,march,0,0,uE m^-2 s^-1,NA,43.3247,temperate,neutral,cyanobacteria,40.27249044438772,-6.05E-05,1,60,-1.01E-06,1.0080353639324397e-6,-13.80750731,0.185218613,-1.748991648,3.191646192,-2.661818182,,,
15,kershaw1977,kershaw1977,figure 3,pop,peltigera,canina var. praetextata,25,C,respiration,-3.403636364,mg CO2 * g^-1 * hr^-1,mg_co2,g,hr,NA,NA,NA,T,lab,NA,NA,month,march,0,0,uE m^-2 s^-1,NA,43.3247,temperate,neutral,cyanobacteria,38.92174449622782,-7.73E-05,1,60,-1.29E-06,1.288963252291146e-6,-13.56167234,-1.165527335,8.251008352,2.174447174,-3.403636364,,,
15,kershaw1977,kershaw1977,figure 3,pop,peltigera,canina var. praetextata,35,C,respiration,-4.276363636,mg CO2 * g^-1 * hr^-1,mg_co2,g,hr,NA,NA,NA,T,lab,NA,NA,month,march,0,0,uE m^-2 s^-1,NA,43.3247,temperate,neutral,cyanobacteria,37.65866662842876,-9.72E-05,1,60,-1.62E-06,1.6194666500037871e-6,-13.33341369,-2.428605203,18.25100835,2.240786241,-4.276363636,,,
1,kershaw1983,kershaw1983,figure 1,pop,cladonia,stellaris,5,C,gas exchange,0.529411765,mg CO2 * g^-1 * hr^-1,mg_co2,g,hr,NA,NA,NA,T,lab,NA,NA,month,april,600,600,uE m^-2 s^-1,NA,47.9885,temperate,neutral,green algae,41.720359955241136,1.2029351624630765e-5,1,60,2.004891937438461e-7,2.004891937438461e-7,-15.42250549,1.633088124,-11.74899165,0.529411765,-0.141732283,,,
1,kershaw1983,kershaw1983,figure 1,pop,cladonia,stellaris,15,C,gas exchange,0.818181818,mg CO2 * g^-1 * hr^-1,mg_co2,g,hr,NA,NA,NA,T,lab,NA,NA,month,april,600,600,uE m^-2 s^-1,NA,47.9885,temperate,neutral,green algae,40.27249044438772,1.8590816132697115e-5,1,60,3.098469355449519e-7,3.098469355449519e-7,-14.98718742,0.185218613,-1.748991648,0.818181818,-0.42519685,,,
1,kershaw1983,kershaw1983,figure 1,pop,cladonia,stellaris,25,C,gas exchange,0.625668449,mg CO2 * g^-1 * hr^-1,mg_co2,g,hr,NA,NA,NA,T,lab,NA,NA,month,april,600,600,uE m^-2 s^-1,NA,47.9885,temperate,neutral,green algae,38.92174449622782,1.4216506453078845e-5,1,60,2.3694177421798076e-7,2.3694177421798076e-7,-15.2554514,-1.165527335,8.251008352,0.625668449,-0.645669291,,,
1,kershaw1983,kershaw1983,figure 1,pop,cladonia,stellaris,35,C,gas exchange,1.106951872,mg CO2 * g^-1 * hr^-1,mg_co2,g,hr,NA,NA,NA,T,lab,NA,NA,month,april,600,600,uE m^-2 s^-1,NA,47.9885,temperate,neutral,green algae,37.65866662842876,2.515228066348557e-5,1,60,4.192046777247595e-7,4.192046777247595e-7,-14.68490655,-2.428605203,18.25100835,1.106951872,-1.275590551,,,
3,kershaw1983,kershaw1983,figure 1,pop,cladonia,stellaris,5,C,gas exchange,0.754010695,mg CO2 * g^-1 * hr^-1,mg_co2,g,hr,NA,NA,NA,T,lab,NA,NA,month,june,600,600,uE m^-2 s^-1,NA,47.9885,temperate,neutral,green algae,41.720359955241136,1.713271290615769e-5,1,60,2.8554521510262817e-7,2.8554521510262817e-7,-15.06886545,1.633088124,-11.74899165,0.754010695,-0.236220472,,,
3,kershaw1983,kershaw1983,figure 1,pop,cladonia,stellaris,15,C,gas exchange,1.652406417,mg CO2 * g^-1 * hr^-1,mg_co2,g,hr,NA,NA,NA,T,lab,NA,NA,month,june,600,600,uE m^-2 s^-1,NA,47.9885,temperate,neutral,green algae,40.27249044438772,3.754615807770961e-5,1,60,6.257693012951602e-7,6.257693012951602e-7,-14.28428406,0.185218613,-1.748991648,1.652406417,-0.330708661,,,
3,kershaw1983,kershaw1983,figure 1,pop,cladonia,stellaris,25,C,gas exchange,1.684491979,mg CO2 * g^-1 * hr^-1,mg_co2,g,hr,NA,NA,NA,T,lab,NA,NA,month,june,600,600,uE m^-2 s^-1,NA,47.9885,temperate,neutral,green algae,38.92174449622782,3.8275209702340374e-5,1,60,6.379201617056729e-7,6.379201617056729e-7,-14.2650527,-1.165527335,8.251008352,1.684491979,-0.551181102,,,
5,kershaw1983,kershaw1983,figure 1,pop,cladonia,stellaris,5,C,gas exchange,1.010695187,mg CO2 * g^-1 * hr^-1,mg_co2,g,hr,NA,NA,NA,T,lab,NA,NA,month,august,600,600,uE m^-2 s^-1,NA,47.9885,temperate,neutral,green algae,41.720359955241136,2.2965125812315384e-5,1,60,3.8275209687192305e-7,3.8275209687192305e-7,-14.77587832,1.633088124,-11.74899165,1.010695187,-0.204724409,,,
5,kershaw1983,kershaw1983,figure 1,pop,cladonia,stellaris,15,C,gas exchange,1.909090909,mg CO2 * g^-1 * hr^-1,mg_co2,g,hr,NA,NA,NA,T,lab,NA,NA,month,august,600,600,uE m^-2 s^-1,NA,47.9885,temperate,neutral,green algae,40.27249044438772,4.33785709838673e-5,1,60,7.22976183064455e-7,7.22976183064455e-7,-14.13988956,0.185218613,-1.748991648,1.909090909,-0.236220472,,,
5,kershaw1983,kershaw1983,figure 1,pop,cladonia,stellaris,25,C,gas exchange,2.390374332,mg CO2 * g^-1 * hr^-1,mg_co2,g,hr,NA,NA,NA,T,lab,NA,NA,month,august,600,600,uE m^-2 s^-1,NA,47.9885,temperate,neutral,green algae,38.92174449622782,5.4314345194274026e-5,1,60,9.052390865712338e-7,9.052390865712338e-7,-13.91506674,-1.165527335,8.251008352,2.390374332,-0.330708661,,,
5,kershaw1983,kershaw1983,figure 1,pop,cladonia,stellaris,35,C,gas exchange,1.620320856,mg CO2 * g^-1 * hr^-1,mg_co2,g,hr,NA,NA,NA,T,lab,NA,NA,month,august,600,600,uE m^-2 s^-1,NA,47.9885,temperate,neutral,green algae,37.65866662842876,3.681710647580095e-5,1,60,6.136184412633492e-7,6.136184412633492e-7,-14.30389253,-2.428605203,18.25100835,1.620320856,-1.401574803,,,
7,kershaw1983,kershaw1983,figure 1,pop,cladonia,stellaris,5,C,gas exchange,1.171122995,mg CO2 * g^-1 * hr^-1,mg_co2,g,hr,NA,NA,NA,T,lab,NA,NA,month,september,600,600,uE m^-2 s^-1,NA,47.9885,temperate,neutral,green algae,41.720359955241136,2.6610383890024994e-5,1,60,4.435063981670832e-7,4.435063981670832e-7,-14.62855361,1.633088124,-11.74899165,1.171122995,-0.141732283,,,
7,kershaw1983,kershaw1983,figure 1,pop,cladonia,stellaris,15,C,gas exchange,2.165775401,mg CO2 * g^-1 * hr^-1,mg_co2,g,hr,NA,NA,NA,T,lab,NA,NA,month,september,600,600,uE m^-2 s^-1,NA,47.9885,temperate,neutral,green algae,40.27249044438772,4.921098389002499e-5,1,60,8.201830648337499e-7,8.201830648337499e-7,-14.01373827,0.185218613,-1.748991648,2.165775401,-0.236220472,,,
7,kershaw1983,kershaw1983,figure 1,pop,cladonia,stellaris,25,C,gas exchange,2.518716578,mg CO2 * g^-1 * hr^-1,mg_co2,g,hr,NA,NA,NA,T,lab,NA,NA,month,september,600,600,uE m^-2 s^-1,NA,47.9885,temperate,neutral,green algae,38.92174449622782,5.723055164735287e-5,1,60,9.538425274558813e-7,9.538425274558813e-7,-13.86276724,-1.165527335,8.251008352,2.518716578,-0.771653543,,,
9,kershaw1983,kershaw1983,figure 2,pop,cladonia,stellaris,5,C,gas exchange,0.807692308,mg CO2 * g^-1 * hr^-1,mg_co2,g,hr,NA,NA,NA,T,lab,NA,NA,month,april,600,600,uE m^-2 s^-1,NA,47.9885,temperate,neutral,green algae,41.720359955241136,1.835247234719382e-5,1,60,3.0587453911989696e-7,3.0587453911989696e-7,-15.00009082,1.633088124,-11.74899165,0.807692308,-0.44516129,,,
9,kershaw1983,kershaw1983,figure 2,pop,cladonia,stellaris,15,C,gas exchange,1.461538462,mg CO2 * g^-1 * hr^-1,mg_co2,g,hr,NA,NA,NA,T,lab,NA,NA,month,april,600,600,uE m^-2 s^-1,NA,47.9885,temperate,neutral,green algae,40.27249044438772,3.320923567371052e-5,1,60,5.534872612285087e-7,5.534872612285087e-7,-14.4070271,0.185218613,-1.748991648,1.461538462,-0.522580645,,,
9,kershaw1983,kershaw1983,figure 2,pop,cladonia,stellaris,25,C,gas exchange,1.961538462,mg CO2 * g^-1 * hr^-1,mg_co2,g,hr,NA,NA,NA,T,lab,NA,NA,month,april,600,600,uE m^-2 s^-1,NA,47.9885,temperate,neutral,green algae,38.92174449622782,4.45702899795501e-5,1,60,7.42838166325835e-7,7.42838166325835e-7,-14.11278763,-1.165527335,8.251008352,1.961538462,-1.490322581,,,
9,kershaw1983,kershaw1983,figure 2,pop,cladonia,stellaris,35,C,gas exchange,0.692307692,mg CO2 * g^-1 * hr^-1,mg_co2,g,hr,NA,NA,NA,T,lab,NA,NA,month,april,600,600,uE m^-2 s^-1,NA,47.9885,temperate,neutral,green algae,37.65866662842876,1.5730690570324926e-5,1,60,2.621781761720821e-7,2.621781761720821e-7,-15.1542415,-2.428605203,18.25100835,0.692307692,-1.412903226,,,
11,kershaw1983,kershaw1983,figure 2,pop,cladonia,stellaris,5,C,gas exchange,0.884615385,mg CO2 * g^-1 * hr^-1,mg_co2,g,hr,NA,NA,NA,T,lab,NA,NA,month,june,600,600,uE m^-2 s^-1,NA,47.9885,temperate,neutral,green algae,41.720359955241136,2.010032685753238e-5,1,60,3.350054476255397e-7,3.350054476255397e-7,-14.90911904,1.633088124,-11.74899165,0.884615385,-0.367741935,,,
11,kershaw1983,kershaw1983,figure 2,pop,cladonia,stellaris,15,C,gas exchange,2.346153846,mg CO2 * g^-1 * hr^-1,mg_co2,g,hr,NA,NA,NA,T,lab,NA,NA,month,june,600,600,uE m^-2 s^-1,NA,47.9885,temperate,neutral,green algae,40.27249044438772,5.330956250852079e-5,1,60,8.884927084753465e-7,8.884927084753465e-7,-13.9337394,0.185218613,-1.748991648,2.346153846,-0.406451613,,,
11,kershaw1983,kershaw1983,figure 2,pop,cladonia,stellaris,25,C,gas exchange,2.5,mg CO2 * g^-1 * hr^-1,mg_co2,g,hr,NA,NA,NA,T,lab,NA,NA,month,june,600,600,uE m^-2 s^-1,NA,47.9885,temperate,neutral,green algae,38.92174449622782,5.680527152919791e-5,1,60,9.467545254866318e-7,9.467545254866318e-7,-13.87022599,-1.165527335,8.251008352,2.5,-0.793548387,,,
13,kershaw1983,kershaw1983,figure 2,pop,cladonia,stellaris,5,C,gas exchange,1.346153846,mg CO2 * g^-1 * hr^-1,mg_co2,g,hr,NA,NA,NA,T,lab,NA,NA,month,august,600,600,uE m^-2 s^-1,NA,47.9885,temperate,neutral,green algae,41.720359955241136,3.0587453896841625e-5,1,60,5.097908982806938e-7,5.097908982806938e-7,-14.4892652,1.633088124,-11.74899165,1.346153846,-0.174193548,,,
13,kershaw1983,kershaw1983,figure 2,pop,cladonia,stellaris,15,C,gas exchange,2.730769231,mg CO2 * g^-1 * hr^-1,mg_co2,g,hr,NA,NA,NA,T,lab,NA,NA,month,august,600,600,uE m^-2 s^-1,NA,47.9885,temperate,neutral,green algae,40.27249044438772,6.204883506021359e-5,1,60,1.0341472510035598e-6,1.0341472510035598e-6,-13.78193338,0.185218613,-1.748991648,2.730769231,-0.329032258,,,
13,kershaw1983,kershaw1983,figure 2,pop,cladonia,stellaris,25,C,gas exchange,4,mg CO2 * g^-1 * hr^-1,mg_co2,g,hr,NA,NA,NA,T,lab,NA,NA,month,august,600,600,uE m^-2 s^-1,NA,47.9885,temperate,neutral,green algae,38.92174449622782,9.088843444671665e-5,1,60,1.514807240778611e-6,1.514807240778611e-6,-13.40022236,-1.165527335,8.251008352,4,-0.793548387,,,
13,kershaw1983,kershaw1983,figure 2,pop,cladonia,stellaris,35,C,gas exchange,1.653846154,mg CO2 * g^-1 * hr^-1,mg_co2,g,hr,NA,NA,NA,T,lab,NA,NA,month,august,600,600,uE m^-2 s^-1,NA,47.9885,temperate,neutral,green algae,37.65866662842876,3.7578871938195865e-5,1,60,6.263145323032644e-7,6.263145323032644e-7,-14.28341314,-2.428605203,18.25100835,1.653846154,-1.64516129,,,
15,kershaw1983,kershaw1983,figure 2,pop,cladonia,stellaris,5,C,gas exchange,1.461538462,mg CO2 * g^-1 * hr^-1,mg_co2,g,hr,NA,NA,NA,T,lab,NA,NA,month,september,600,600,uE m^-2 s^-1,NA,47.9885,temperate,neutral,green algae,41.720359955241136,3.320923567371052e-5,1,60,5.534872612285087e-7,5.534872612285087e-7,-14.4070271,1.633088124,-11.74899165,1.461538462,-0.174193548,,,
15,kershaw1983,kershaw1983,figure 2,pop,cladonia,stellaris,15,C,gas exchange,3.5,mg CO2 * g^-1 * hr^-1,mg_co2,g,hr,NA,NA,NA,T,lab,NA,NA,month,september,600,600,uE m^-2 s^-1,NA,47.9885,temperate,neutral,green algae,40.27249044438772,7.952738014087707e-5,1,60,1.3254563356812844e-6,1.3254563356812844e-6,-13.53375375,0.185218613,-1.748991648,3.5,-0.716129032,,,
15,kershaw1983,kershaw1983,figure 2,pop,cladonia,stellaris,25,C,gas exchange,4.134615385,mg CO2 * g^-1 * hr^-1,mg_co2,g,hr,NA,NA,NA,T,lab,NA,NA,month,september,600,600,uE m^-2 s^-1,NA,47.9885,temperate,neutral,green algae,38.92174449622782,9.394717984548966e-5,1,60,1.5657863307581608e-6,1.5657863307581608e-6,-13.36712241,-1.165527335,8.251008352,4.134615385,-1.219354839,,,
15,kershaw1983,kershaw1983,figure 2,pop,cladonia,stellaris,35,C,gas exchange,2.346153846,mg CO2 * g^-1 * hr^-1,mg_co2,g,hr,NA,NA,NA,T,lab,NA,NA,month,september,600,600,uE m^-2 s^-1,NA,47.9885,temperate,neutral,green algae,37.65866662842876,5.330956250852079e-5,1,60,8.884927084753465e-7,8.884927084753465e-7,-13.9337394,-2.428605203,18.25100835,2.346153846,-1.896774194,,,
1,larson1980,larson1980,figure 1,pop,umbilicaria,vellea,0,C,net photosynthesis,0.043408857,mg CO2 * g^-1 * hr^-1,mg_co2,g,hr,NA,NA,NA,T,lab,NA,NA,season,winter,700,700,umol * m^-2 * s^-1,NA,44.55,temperate,neutral,green algae,42.4840495,9.863407634628494e-7,1,60,1.6439012724380823e-8,1.6439012724380823e-8,-17.9236085,2.396777671,-16.74899165,0.043408857,-0.139835729,,,
1,larson1980,larson1980,figure 1,pop,umbilicaria,vellea,14,C,net photosynthesis,0.157878476,mg CO2 * g^-1 * hr^-1,mg_co2,g,hr,NA,NA,NA,T,lab,NA,NA,season,winter,700,700,umol * m^-2 * s^-1,NA,44.55,temperate,neutral,green algae,40.41273940989142,3.587331879118382e-6,1,60,5.978886465197303e-8,5.978886465197303e-8,-16.6324464,0.325467579,-2.748991648,0.157878476,-0.27238193,,,
1,larson1980,larson1980,figure 1,pop,umbilicaria,vellea,28,C,net photosynthesis,-0.29969104,mg CO2 * g^-1 * hr^-1,mg_co2,g,hr,NA,NA,NA,T,lab,NA,NA,season,winter,700,700,umol * m^-2 * s^-1,NA,44.55,temperate,neutral,green algae,38.53401335397749,-6.81E-06,1,60,-1.13E-07,1.1349353934711809e-7,-15.99151992,-1.553258477,11.25100835,-0.29969104,-1.226899384,,,
3,larson1980,larson1980,figure 1,pop,umbilicaria,vellea,0,C,net photosynthesis,0.516889804,mg CO2 * g^-1 * hr^-1,mg_co2,g,hr,NA,NA,NA,T,lab,NA,NA,season,summer,700,700,umol * m^-2 * s^-1,NA,44.55,temperate,neutral,green algae,42.4840495,1.1744826266757554e-5,1,60,1.9574710444595924e-7,1.9574710444595924e-7,-15.44644229,2.396777671,-16.74899165,0.516889804,-0.139835729,,,
3,larson1980,larson1980,figure 1,pop,umbilicaria,vellea,14,C,net photosynthesis,-0.066529351,mg CO2 * g^-1 * hr^-1,mg_co2,g,hr,NA,NA,NA,T,lab,NA,NA,season,summer,700,700,umol * m^-2 * s^-1,NA,44.55,temperate,neutral,green algae,40.41273940989142,-1.51E-06,1,60,-2.52E-08,2.519478565477543e-8,-17.49662878,0.325467579,-2.748991648,-0.066529351,-0.570431211,,,
3,larson1980,larson1980,figure 1,pop,umbilicaria,vellea,28,C,net photosynthesis,0.198867147,mg CO2 * g^-1 * hr^-1,mg_co2,g,hr,NA,NA,NA,T,lab,NA,NA,season,summer,700,700,umol * m^-2 * s^-1,NA,44.55,temperate,neutral,green algae,38.53401335397749,4.518680913428766e-6,1,60,7.53113485571461e-8,7.53113485571461e-8,-16.401635,-1.553258477,11.25100835,0.198867147,-2.369815195,,,
5,larson1980,larson1980,figure 2,pop,umbilicaria,mammulata,0,C,net photosynthesis,0.118012422,mg CO2 * g^-1 * hr^-1,mg_co2,g,hr,NA,NA,NA,T,lab,NA,NA,season,winter,700,700,umol * m^-2 * s^-1,NA,44.55,temperate,neutral,green algae,42.4840495,2.6814910702113157e-6,1,60,4.469151783685526e-8,4.469151783685526e-8,-16.92348211,2.396777671,-16.74899165,0.118012422,-0.221311475,,,
5,larson1980,larson1980,figure 2,pop,umbilicaria,mammulata,14,C,net photosynthesis,0.440993789,mg CO2 * g^-1 * hr^-1,mg_co2,g,hr,NA,NA,NA,T,lab,NA,NA,season,winter,700,700,umol * m^-2 * s^-1,NA,44.55,temperate,neutral,green algae,40.41273940989142,1.0020308770733925e-5,1,60,1.6700514617889876e-7,1.6700514617889876e-7,-15.60524121,0.325467579,-2.748991648,0.440993789,-0.491803279,,,
5,larson1980,larson1980,figure 2,pop,umbilicaria,mammulata,28,C,net photosynthesis,0.316770186,mg CO2 * g^-1 * hr^-1,mg_co2,g,hr,NA,NA,NA,T,lab,NA,NA,season,winter,700,700,umol * m^-2 * s^-1,NA,44.55,temperate,neutral,green algae,38.53401335397749,7.197686571233811e-6,1,60,1.1996144285389684e-7,1.1996144285389684e-7,-15.93609546,-1.553258477,11.25100835,0.316770186,-1.991803279,,,
7,larson1980,larson1980,figure 2,pop,umbilicaria,mammulata,0,C,net photosynthesis,0.242236025,mg CO2 * g^-1 * hr^-1,mg_co2,g,hr,NA,NA,NA,T,lab,NA,NA,season,summer,700,700,umol * m^-2 * s^-1,NA,44.55,temperate,neutral,green algae,42.4840495,5.504113269711429e-6,1,60,9.173522116185715e-8,9.173522116185715e-8,-16.20435944,2.396777671,-16.74899165,0.242236025,-0.12295082,,,
7,larson1980,larson1980,figure 2,pop,umbilicaria,mammulata,14,C,net photosynthesis,0.50310559,mg CO2 * g^-1 * hr^-1,mg_co2,g,hr,NA,NA,NA,T,lab,NA,NA,season,summer,700,700,umol * m^-2 * s^-1,NA,44.55,temperate,neutral,green algae,40.41273940989142,1.1431619859122926e-5,1,60,1.9052699765204875e-7,1.9052699765204875e-7,-15.47347193,0.325467579,-2.748991648,0.50310559,-0.368852459,,,
7,larson1980,larson1980,figure 2,pop,umbilicaria,mammulata,28,C,net photosynthesis,0.391304348,mg CO2 * g^-1 * hr^-1,mg_co2,g,hr,NA,NA,NA,T,lab,NA,NA,season,summer,700,700,umol * m^-2 * s^-1,NA,44.55,temperate,neutral,green algae,38.53401335397749,8.8912598954783e-6,1,60,1.4818766492463835e-7,1.4818766492463835e-7,-15.72478636,-1.553258477,11.25100835,0.391304348,-0.836065574,,,
9,larson1980,larson1980,figure 3,pop,umbilicaria,papulosa,0,C,net photosynthesis,0.040047294,mg CO2 * g^-1 * hr^-1,mg_co2,g,hr,NA,NA,NA,T,lab,NA,NA,season,winter,700,700,umol * m^-2 * s^-1,NA,44.55,temperate,neutral,green algae,42.4840495,9.099589638718472e-7,1,60,1.5165982731197452e-8,1.5165982731197452e-8,-18.0042109,2.396777671,-16.74899165,0.040047294,-0.129032258,,,
9,larson1980,larson1980,figure 3,pop,umbilicaria,papulosa,14,C,net photosynthesis,0.572104199,mg CO2 * g^-1 * hr^-1,mg_co2,g,hr,NA,NA,NA,T,lab,NA,NA,season,winter,700,700,umol * m^-2 * s^-1,NA,44.55,temperate,neutral,green algae,40.41273940989142,1.299941374687571e-5,1,60,2.1665689578126181e-7,2.1665689578126181e-7,-15.34495086,0.325467579,-2.748991648,0.572104199,-0.490322581,,,
9,larson1980,larson1980,figure 3,pop,umbilicaria,papulosa,28,C,net photosynthesis,0.37324078,mg CO2 * g^-1 * hr^-1,mg_co2,g,hr,NA,NA,NA,T,lab,NA,NA,season,winter,700,700,umol * m^-2 * s^-1,NA,44.55,temperate,neutral,green algae,38.53401335397749,8.480817541467848e-6,1,60,1.4134695902446412e-7,1.4134695902446412e-7,-15.77204827,-1.553258477,11.25100835,0.37324078,-1.367741935,,,
11,larson1980,larson1980,figure 3,pop,umbilicaria,papulosa,0,C,net photosynthesis,0.066135245,mg CO2 * g^-1 * hr^-1,mg_co2,g,hr,NA,NA,NA,T,lab,NA,NA,season,summer,700,700,umol * m^-2 * s^-1,NA,44.55,temperate,neutral,green algae,42.4840495,1.5027322199500113e-6,1,60,2.5045536999166856e-8,2.5045536999166856e-8,-17.50257019,2.396777671,-16.74899165,0.066135245,-0.129032258,,,
11,larson1980,larson1980,figure 3,pop,umbilicaria,papulosa,14,C,net photosynthesis,0.650368054,mg CO2 * g^-1 * hr^-1,mg_co2,g,hr,NA,NA,NA,T,lab,NA,NA,season,summer,700,700,umol * m^-2 * s^-1,NA,44.55,temperate,neutral,green algae,40.41273940989142,1.4777733560554418e-5,1,60,2.4629555934257365e-7,2.4629555934257365e-7,-15.21673356,0.325467579,-2.748991648,0.650368054,-0.438709677,,,
11,larson1980,larson1980,figure 3,pop,umbilicaria,papulosa,28,C,net photosynthesis,0.529539647,mg CO2 * g^-1 * hr^-1,mg_co2,g,hr,NA,NA,NA,T,lab,NA,NA,season,summer,700,700,umol * m^-2 * s^-1,NA,44.55,temperate,neutral,green algae,38.53401335397749,1.2032257373324244e-5,1,60,2.005376228887374e-7,2.005376228887374e-7,-15.42226396,-1.553258477,11.25100835,0.529539647,-1.329032258,,,
13,larson1980,larson1980,figure 4,pop,umbilicaria,muhlenbergii,0,C,net photosynthesis,0.10863825,mg CO2 * g^-1 * hr^-1,mg_co2,g,hr,NA,NA,NA,T,lab,NA,NA,season,winter,700,700,umol * m^-2 * s^-1,NA,44.55,temperate,neutral,green algae,42.4840495,2.468490115882754e-6,1,60,4.114150193137923e-8,4.114150193137923e-8,-17.00624845,2.396777671,-16.74899165,0.10863825,-0.091441159,,,
13,larson1980,larson1980,figure 4,pop,umbilicaria,muhlenbergii,14,C,net photosynthesis,0.1871335,mg CO2 * g^-1 * hr^-1,mg_co2,g,hr,NA,NA,NA,T,lab,NA,NA,season,winter,700,700,umol * m^-2 * s^-1,NA,44.55,temperate,neutral,green algae,40.41273940989142,4.252067711883663e-6,1,60,7.086779519806105e-8,7.086779519806105e-8,-16.46244974,0.325467579,-2.748991648,0.1871335,-0.245943419,,,
13,larson1980,larson1980,figure 4,pop,umbilicaria,muhlenbergii,28,C,net photosynthesis,-0.229930386,mg CO2 * g^-1 * hr^-1,mg_co2,g,hr,NA,NA,NA,T,lab,NA,NA,season,winter,700,700,umol * m^-2 * s^-1,NA,44.55,temperate,neutral,green algae,38.53401335397749,-5.22E-06,1,60,-8.71E-08,8.707505339695523e-8,-16.25649541,-1.553258477,11.25100835,-0.229930386,-1.515259403,,,
15,larson1980,larson1980,figure 4,pop,umbilicaria,muhlenbergii,0,C,net photosynthesis,0.183018415,mg CO2 * g^-1 * hr^-1,mg_co2,g,hr,NA,NA,NA,T,lab,NA,NA,season,summer,700,700,umol * m^-2 * s^-1,NA,44.55,temperate,neutral,green algae,42.4840495,4.158564303567371e-6,1,60,6.930940505945618e-8,6.930940505945618e-8,-16.48468522,2.396777671,-16.74899165,0.183018415,-0.029711973,,,
15,larson1980,larson1980,figure 4,pop,umbilicaria,muhlenbergii,14,C,net photosynthesis,0.249116971,mg CO2 * g^-1 * hr^-1,mg_co2,g,hr,NA,NA,NA,T,lab,NA,NA,season,summer,700,700,umol * m^-2 * s^-1,NA,44.55,temperate,neutral,green algae,40.41273940989142,5.660462872074528e-6,1,60,9.43410478679088e-8,9.43410478679088e-8,-16.17634945,0.325467579,-2.748991648,0.249116971,-0.295326768,,,
15,larson1980,larson1980,figure 4,pop,umbilicaria,muhlenbergii,28,C,net photosynthesis,-0.0688248,mg CO2 * g^-1 * hr^-1,mg_co2,g,hr,NA,NA,NA,T,lab,NA,NA,season,summer,700,700,umol * m^-2 * s^-1,NA,44.55,temperate,neutral,green algae,38.53401335397749,-1.56E-06,1,60,-2.61E-08,2.6064076346284938e-8,-17.46270786,-1.553258477,11.25100835,-0.0688248,-1.169473509,,,
17,larson1980,larson1980,figure 5,pop,umbilicaria,deusta,0,C,net photosynthesis,0.673884448,mg CO2 * g^-1 * hr^-1,mg_co2,g,hr,NA,NA,NA,T,lab,NA,NA,season,winter,700,700,umol * m^-2 * s^-1,NA,44.55,temperate,neutral,green algae,42.4840495,1.531207561917746e-5,1,60,2.552012603196243e-7,2.552012603196243e-7,-15.18121335,2.396777671,-16.74899165,0.673884448,-0.190630375,,,
17,larson1980,larson1980,figure 5,pop,umbilicaria,deusta,14,C,net photosynthesis,1.307801275,mg CO2 * g^-1 * hr^-1,mg_co2,g,hr,NA,NA,NA,T,lab,NA,NA,season,winter,700,700,umol * m^-2 * s^-1,NA,44.55,temperate,neutral,green algae,40.41273940989142,2.971600261304249e-5,1,60,4.952667102173749e-7,4.952667102173749e-7,-14.51816941,0.325467579,-2.748991648,1.307801275,-0.939593241,,,
17,larson1980,larson1980,figure 5,pop,umbilicaria,deusta,28,C,net photosynthesis,-0.453910756,mg CO2 * g^-1 * hr^-1,mg_co2,g,hr,NA,NA,NA,T,lab,NA,NA,season,winter,700,700,umol * m^-2 * s^-1,NA,44.55,temperate,neutral,green algae,38.53401335397749,-1.03E-05,1,60,-1.72E-07,1.7189682496402333e-7,-15.57637139,-1.553258477,11.25100835,-0.453910756,-2.701406456,,,
19,larson1980,larson1980,figure 5,pop,umbilicaria,deusta,0,C,net photosynthesis,0.476373571,mg CO2 * g^-1 * hr^-1,mg_co2,g,hr,NA,NA,NA,T,lab,NA,NA,season,summer,700,700,umol * m^-2 * s^-1,NA,44.55,temperate,neutral,green algae,42.4840495,1.0824212019995454e-5,1,60,1.804035336665909e-7,1.804035336665909e-7,-15.52806964,2.396777671,-16.74899165,0.476373571,-0.141252656,,,
19,larson1980,larson1980,figure 5,pop,umbilicaria,deusta,14,C,net photosynthesis,1.406556714,mg CO2 * g^-1 * hr^-1,mg_co2,g,hr,NA,NA,NA,T,lab,NA,NA,season,summer,700,700,umol * m^-2 * s^-1,NA,44.55,temperate,neutral,green algae,40.41273940989142,3.1959934423994544e-5,1,60,5.326655737332424e-7,5.326655737332424e-7,-14.44537205,0.325467579,-2.748991648,1.406556714,-0.322776485,,,
19,larson1980,larson1980,figure 5,pop,umbilicaria,deusta,28,C,net photosynthesis,0.052615603,mg CO2 * g^-1 * hr^-1,mg_co2,g,hr,NA,NA,NA,T,lab,NA,NA,season,summer,700,700,umol * m^-2 * s^-1,NA,44.55,temperate,neutral,green algae,38.53401335397749,1.195537446034992e-6,1,60,1.99256241005832e-8,1.99256241005832e-8,-17.73125929,-1.553258477,11.25100835,0.052615603,-1.911160579,,,
1,lechowicz1973,lechowicz1973,figure 3,pop,cladonia,uncialis,2,C,dark respiration,-0.013717694,mg CO2 * g^-1 * hr^-1,mg_co2,g,hr,NA,NA,NA,T,lab,NA,NA,NA,NA,400-700,550,umol * m^-2 * s^-1,NA,43.8673,temperate,neutral,green algae,42.17524303670842,-3.12E-07,1,60,-5.19E-09,5.194915549496327e-9,-19.07558547,2.087971206,-14.74899165,0.123982323,-0.013717694,,,
1,lechowicz1973,lechowicz1973,figure 3,pop,cladonia,uncialis,9,C,dark respiration,-0.190769668,mg CO2 * g^-1 * hr^-1,mg_co2,g,hr,NA,NA,NA,T,lab,NA,NA,NA,NA,400-700,550,umol * m^-2 * s^-1,NA,43.8673,temperate,neutral,green algae,41.12889640811739,-4.33E-06,1,60,-7.22E-08,7.224481860183291e-8,-16.44320523,1.041624577,-7.748991648,0.385640752,-0.190769668,,,
1,lechowicz1973,lechowicz1973,figure 3,pop,cladonia,uncialis,15,C,dark respiration,-0.223374041,mg CO2 * g^-1 * hr^-1,mg_co2,g,hr,NA,NA,NA,T,lab,NA,NA,NA,NA,400-700,550,umol * m^-2 * s^-1,NA,43.8673,temperate,neutral,green algae,40.27249044438772,-5.08E-06,1,60,-8.46E-08,8.459215367719458e-8,-16.28542432,0.185218613,-1.748991648,0.536549228,-0.223374041,,,
1,lechowicz1973,lechowicz1973,figure 3,pop,cladonia,uncialis,17,C,dark respiration,-0.161829026,mg CO2 * g^-1 * hr^-1,mg_co2,g,hr,NA,NA,NA,T,lab,NA,NA,NA,NA,400-700,550,umol * m^-2 * s^-1,NA,43.8673,temperate,neutral,green algae,39.99489271601007,-3.68E-06,1,60,-6.13E-08,6.128494508823752e-8,-16.60773162,-0.092379115,0.251008352,0.646796752,-0.161829026,,,
1,lechowicz1973,lechowicz1973,figure 3,pop,cladonia,uncialis,20,C,dark respiration,-0.28389662,mg CO2 * g^-1 * hr^-1,mg_co2,g,hr,NA,NA,NA,T,lab,NA,NA,NA,NA,400-700,550,umol * m^-2 * s^-1,NA,43.8673,temperate,neutral,green algae,39.58559823145258,-6.45E-06,1,60,-1.08E-07,1.0751216390214345e-7,-16.04566184,-0.5016736,3.251008352,0.687529479,-0.28389662,,,
1,lechowicz1973,lechowicz1973,figure 3,pop,cladonia,uncialis,23,C,dark respiration,-0.556319227,mg CO2 * g^-1 * hr^-1,mg_co2,g,hr,NA,NA,NA,T,lab,NA,NA,NA,NA,400-700,550,umol * m^-2 * s^-1,NA,43.8673,temperate,neutral,green algae,39.18459605453426,-1.26E-05,1,60,-2.11E-07,2.1067909831098993e-7,-15.37292972,-0.902675777,6.251008352,0.72156912,-0.556319227,,,
1,lechowicz1973,lechowicz1973,figure 3,pop,cladonia,uncialis,25,C,dark respiration,-0.522607214,mg CO2 * g^-1 * hr^-1,mg_co2,g,hr,NA,NA,NA,T,lab,NA,NA,NA,NA,400-700,550,umol * m^-2 * s^-1,NA,43.8673,temperate,neutral,green algae,38.92174449622782,-1.19E-05,1,60,-1.98E-07,1.9791229796258425e-7,-15.43544184,-1.165527335,8.251008352,0.699695466,-0.522607214,,,
1,lechowicz1973,lechowicz1973,figure 3,pop,cladonia,uncialis,30,C,dark respiration,-0.622110196,mg CO2 * g^-1 * hr^-1,mg_co2,g,hr,NA,NA,NA,T,lab,NA,NA,NA,NA,400-700,550,umol * m^-2 * s^-1,NA,43.8673,temperate,neutral,green algae,38.27978928434875,-1.41E-05,1,60,-2.36E-07,2.355942573657502e-7,-15.26115476,-1.807482547,13.25100835,0.503245288,-0.622110196,,,
1,lechowicz1973,lechowicz1973,figure 3,pop,cladonia,uncialis,36,C,dark respiration,-0.671371769,mg CO2 * g^-1 * hr^-1,mg_co2,g,hr,NA,NA,NA,T,lab,NA,NA,NA,NA,400-700,550,umol * m^-2 * s^-1,NA,43.8673,temperate,neutral,green algae,37.53685305369666,-1.53E-05,1,60,-2.54E-07,2.542497042338862e-7,-15.18494897,-2.550418777,19.25100835,0.056943789,-0.671371769,,,
2,lechowicz1973,lechowicz1973,figure 3,pop,cladonia,rangiferina,3,C,dark respiration,-0.147174098,mg CO2 * g^-1 * hr^-1,mg_co2,g,hr,NA,NA,NA,T,lab,NA,NA,NA,NA,400-700,550,umol * m^-2 * s^-1,NA,43.8673,temperate,neutral,green algae,42.022517188304626,-3.34E-06,1,60,-5.57E-08,5.573509732636522e-8,-16.70265577,1.935245357,-13.74899165,0.151831307,-0.147174098,,,
2,lechowicz1973,lechowicz1973,figure 3,pop,cladonia,rangiferina,9,C,dark respiration,-0.218659472,mg CO2 * g^-1 * hr^-1,mg_co2,g,hr,NA,NA,NA,T,lab,NA,NA,NA,NA,400-700,550,umol * m^-2 * s^-1,NA,43.8673,temperate,neutral,green algae,41.12889640811739,-4.97E-06,1,60,-8.28E-08,8.280673786260698e-8,-16.3067564,1.041624577,-7.748991648,0.691405369,-0.218659472,,,
2,lechowicz1973,lechowicz1973,figure 3,pop,cladonia,rangiferina,15,C,dark respiration,-0.295768248,mg CO2 * g^-1 * hr^-1,mg_co2,g,hr,NA,NA,NA,T,lab,NA,NA,NA,NA,400-700,550,umol * m^-2 * s^-1,NA,43.8673,temperate,neutral,green algae,40.27249044438772,-6.72E-06,1,60,-1.12E-07,1.1200797091570097e-7,-16.0046958,0.185218613,-1.748991648,1.258900191,-0.295768248,,,
2,lechowicz1973,lechowicz1973,figure 3,pop,cladonia,rangiferina,18,C,dark respiration,-0.406731042,mg CO2 * g^-1 * hr^-1,mg_co2,g,hr,NA,NA,NA,T,lab,NA,NA,NA,NA,400-700,550,umol * m^-2 * s^-1,NA,43.8673,temperate,neutral,green algae,39.857524030741274,-9.24E-06,1,60,-1.54E-07,1.540297818677573e-7,-15.68611986,-0.2297478,1.251008352,1.618999036,-0.406731042,,,
2,lechowicz1973,lechowicz1973,figure 3,pop,cladonia,rangiferina,20,C,dark respiration,-0.417523431,mg CO2 * g^-1 * hr^-1,mg_co2,g,hr,NA,NA,NA,T,lab,NA,NA,NA,NA,400-700,550,umol * m^-2 * s^-1,NA,43.8673,temperate,neutral,green algae,39.58559823145258,-9.49E-06,1,60,-1.58E-07,1.581168791183822e-7,-15.65993134,-0.5016736,3.251008352,1.909726637,-0.417523431,,,
2,lechowicz1973,lechowicz1973,figure 3,pop,cladonia,rangiferina,22,C,dark respiration,-0.506248225,mg CO2 * g^-1 * hr^-1,mg_co2,g,hr,NA,NA,NA,T,lab,NA,NA,NA,NA,400-700,550,umol * m^-2 * s^-1,NA,43.8673,temperate,neutral,green algae,39.31735768778696,-1.15E-05,1,60,-1.92E-07,1.9171711921532986e-7,-15.46724489,-0.769914143,5.251008352,2.061568197,-0.506248225,,,
2,lechowicz1973,lechowicz1973,figure 3,pop,cladonia,rangiferina,25,C,dark respiration,-0.466912809,mg CO2 * g^-1 * hr^-1,mg_co2,g,hr,NA,NA,NA,T,lab,NA,NA,NA,NA,400-700,550,umol * m^-2 * s^-1,NA,43.8673,temperate,neutral,green algae,38.92174449622782,-1.06E-05,1,60,-1.77E-07,1.7682072597137013e-7,-15.54812947,-1.165527335,8.251008352,2.088412321,-0.466912809,,,
2,lechowicz1973,lechowicz1973,figure 3,pop,cladonia,rangiferina,30,C,dark respiration,-0.755637603,mg CO2 * g^-1 * hr^-1,mg_co2,g,hr,NA,NA,NA,T,lab,NA,NA,NA,NA,400-700,550,umol * m^-2 * s^-1,NA,43.8673,temperate,neutral,green algae,38.27978928434875,-1.72E-05,1,60,-2.86E-07,2.8616132810724836e-7,-15.0667101,-1.807482547,13.25100835,1.676760556,-0.755637603,,,
2,lechowicz1973,lechowicz1973,figure 3,pop,cladonia,rangiferina,35,C,dark respiration,-0.860763988,mg CO2 * g^-1 * hr^-1,mg_co2,g,hr,NA,NA,NA,T,lab,NA,NA,NA,NA,400-700,550,umol * m^-2 * s^-1,NA,43.8673,temperate,neutral,green algae,37.65866662842876,-1.96E-05,1,60,-3.26E-07,3.2597288040596835e-7,-14.93645165,-2.428605203,18.25100835,0.515483051,-0.860763988,,,
3,lechowicz1973,lechowicz1973,figure 3,pop,cladonia,mitis,4,C,dark respiration,-0.14694689,mg CO2 * g^-1 * hr^-1,mg_co2,g,hr,NA,NA,NA,T,lab,NA,NA,NA,NA,400-700,550,umol * m^-2 * s^-1,NA,43.8673,temperate,neutral,green algae,41.87089345679351,-3.34E-06,1,60,-5.56E-08,5.564905324547451e-8,-16.70420077,1.783621626,-12.74899165,-0.001732871,-0.14694689,,,
3,lechowicz1973,lechowicz1973,figure 3,pop,cladonia,mitis,9,C,dark respiration,-0.135103664,mg CO2 * g^-1 * hr^-1,mg_co2,g,hr,NA,NA,NA,T,lab,NA,NA,NA,NA,400-700,550,umol * m^-2 * s^-1,NA,43.8673,temperate,neutral,green algae,41.12889640811739,-3.07E-06,1,60,-5.12E-08,5.116400212073014e-8,-16.78822964,1.041624577,-7.748991648,0.343903164,-0.135103664,,,
3,lechowicz1973,lechowicz1973,figure 3,pop,cladonia,mitis,14,C,dark respiration,-0.184606646,mg CO2 * g^-1 * hr^-1,mg_co2,g,hr,NA,NA,NA,T,lab,NA,NA,NA,NA,400-700,550,umol * m^-2 * s^-1,NA,43.8673,temperate,neutral,green algae,40.41273940989142,-4.19E-06,1,60,-6.99E-08,6.991087101416344e-8,-16.47604468,0.325467579,-2.748991648,0.855915346,-0.184606646,,,
3,lechowicz1973,lechowicz1973,figure 3,pop,cladonia,mitis,18,C,dark respiration,-0.39000284,mg CO2 * g^-1 * hr^-1,mg_co2,g,hr,NA,NA,NA,T,lab,NA,NA,NA,NA,400-700,550,umol * m^-2 * s^-1,NA,43.8673,temperate,neutral,green algae,39.857524030741274,-8.86E-06,1,60,-1.48E-07,1.4769478148905552e-7,-15.72811798,-0.2297478,1.251008352,1.02164551,-0.39000284,,,
3,lechowicz1973,lechowicz1973,figure 3,pop,cladonia,mitis,20,C,dark respiration,-0.395257029,mg CO2 * g^-1 * hr^-1,mg_co2,g,hr,NA,NA,NA,T,lab,NA,NA,NA,NA,400-700,550,umol * m^-2 * s^-1,NA,43.8673,temperate,neutral,green algae,39.58559823145258,-8.98E-06,1,60,-1.50E-07,1.4968455237446034e-7,-15.71473574,-0.5016736,3.251008352,1.229041486,-0.395257029,,,
3,lechowicz1973,lechowicz1973,figure 3,pop,cladonia,mitis,23,C,dark respiration,-0.422720818,mg CO2 * g^-1 * hr^-1,mg_co2,g,hr,NA,NA,NA,T,lab,NA,NA,NA,NA,400-700,550,umol * m^-2 * s^-1,NA,43.8673,temperate,neutral,green algae,39.18459605453426,-9.61E-06,1,60,-1.60E-07,1.6008513898356435e-7,-15.64756004,-0.902675777,6.251008352,1.033811496,-0.422720818,,,
3,lechowicz1973,lechowicz1973,figure 3,pop,cladonia,mitis,25,C,dark respiration,-0.639477421,mg CO2 * g^-1 * hr^-1,mg_co2,g,hr,NA,NA,NA,T,lab,NA,NA,NA,NA,400-700,550,umol * m^-2 * s^-1,NA,43.8673,temperate,neutral,green algae,38.92174449622782,-1.45E-05,1,60,-2.42E-07,2.4217125691130804e-7,-15.23362069,-1.165527335,8.251008352,1.102321432,-0.639477421,,,
3,lechowicz1973,lechowicz1973,figure 3,pop,cladonia,mitis,31,C,dark respiration,-0.660948594,mg CO2 * g^-1 * hr^-1,mg_co2,g,hr,NA,NA,NA,T,lab,NA,NA,NA,NA,400-700,550,umol * m^-2 * s^-1,NA,43.8673,temperate,neutral,green algae,38.15393102597508,-1.50E-05,1,60,-2.50E-07,2.5030242899341054e-7,-15.20059593,-1.933340805,14.25100835,1.058717675,-0.660948594,,,
3,lechowicz1973,lechowicz1973,figure 3,pop,cladonia,mitis,36,C,dark respiration,-0.727037773,mg CO2 * g^-1 * hr^-1,mg_co2,g,hr,NA,NA,NA,T,lab,NA,NA,NA,NA,400-700,550,umol * m^-2 * s^-1,NA,43.8673,temperate,neutral,green algae,37.53685305369666,-1.65E-05,1,60,-2.75E-07,2.7533052071498903e-7,-15.10529357,-2.550418777,19.25100835,0.410887866,-0.727037773,,,
4,lechowicz1973,lechowicz1973,figure 3,pop,cladonia,caroliniana,5,C,dark respiration,-0.263760295,mg CO2 * g^-1 * hr^-1,mg_co2,g,hr,NA,NA,NA,T,lab,NA,NA,NA,NA,400-700,550,umol * m^-2 * s^-1,NA,43.8673,temperate,neutral,green algae,41.720359955241136,-5.99E-06,1,60,-9.99E-08,9.988650117397561e-8,-16.11923128,1.633088124,-11.74899165,-0.168324344,-0.263760295,,,
4,lechowicz1973,lechowicz1973,figure 3,pop,cladonia,caroliniana,10,C,dark respiration,-0.224084067,mg CO2 * g^-1 * hr^-1,mg_co2,g,hr,NA,NA,NA,T,lab,NA,NA,NA,NA,400-700,550,umol * m^-2 * s^-1,NA,43.8673,temperate,neutral,green algae,40.98364161,-5.09E-06,1,60,-8.49E-08,8.486104180867984e-8,-16.28225072,0.896369778,-6.748991648,0.288420524,-0.224084067,,,
4,lechowicz1973,lechowicz1973,figure 3,pop,cladonia,caroliniana,15,C,dark respiration,-0.201136041,mg CO2 * g^-1 * hr^-1,mg_co2,g,hr,NA,NA,NA,T,lab,NA,NA,NA,NA,400-700,550,umol * m^-2 * s^-1,NA,43.8673,temperate,neutral,green algae,40.27249044438772,-4.57E-06,1,60,-7.62E-08,7.617058282208589e-8,-16.3902905,0.185218613,-1.748991648,0.63391300799999994,-0.201136041,,,
4,lechowicz1973,lechowicz1973,figure 3,pop,cladonia,caroliniana,18,C,dark respiration,-0.278699233,mg CO2 * g^-1 * hr^-1,mg_co2,g,hr,NA,NA,NA,T,lab,NA,NA,NA,NA,400-700,550,umol * m^-2 * s^-1,NA,43.8673,temperate,neutral,green algae,39.857524030741274,-6.33E-06,1,60,-1.06E-07,1.0554390403696129e-7,-16.06413882,-0.2297478,1.251008352,0.896719849,-0.278699233,,,
4,lechowicz1973,lechowicz1973,figure 3,pop,cladonia,caroliniana,20,C,dark respiration,-0.328457824,mg CO2 * g^-1 * hr^-1,mg_co2,g,hr,NA,NA,NA,T,lab,NA,NA,NA,NA,400-700,550,umol * m^-2 * s^-1,NA,43.8673,temperate,neutral,green algae,39.58559823145258,-7.46E-06,1,60,-1.24E-07,1.2438757252139666e-7,-15.89986356,-0.5016736,3.251008352,1.020927753,-0.328457824,,,
4,lechowicz1973,lechowicz1973,figure 3,pop,cladonia,caroliniana,23,C,dark respiration,-0.392104516,mg CO2 * g^-1 * hr^-1,mg_co2,g,hr,NA,NA,NA,T,lab,NA,NA,NA,NA,400-700,550,umol * m^-2 * s^-1,NA,43.8673,temperate,neutral,green algae,39.18459605453426,-8.91E-06,1,60,-1.48E-07,1.4849068999469817e-7,-15.72274357,-0.902675777,6.251008352,1.103254517,-0.392104516,,,
4,lechowicz1973,lechowicz1973,figure 3,pop,cladonia,caroliniana,25,C,dark respiration,-0.455808009,mg CO2 * g^-1 * hr^-1,mg_co2,g,hr,NA,NA,NA,T,lab,NA,NA,NA,NA,400-700,550,umol * m^-2 * s^-1,NA,43.8673,temperate,neutral,green algae,38.92174449622782,-1.04E-05,1,60,-1.73E-07,1.7261531810952057e-7,-15.57220031,-1.165527335,8.251008352,1.213573816,-0.455808009,,,
4,lechowicz1973,lechowicz1973,figure 3,pop,cladonia,caroliniana,30,C,dark respiration,-0.521840386,mg CO2 * g^-1 * hr^-1,mg_co2,g,hr,NA,NA,NA,T,lab,NA,NA,NA,NA,400-700,550,umol * m^-2 * s^-1,NA,43.8673,temperate,neutral,green algae,38.27978928434875,-1.19E-05,1,60,-1.98E-07,1.976218988108763e-7,-15.43691023,-1.807482547,13.25100835,1.211922974,-0.521840386,,,
4,lechowicz1973,lechowicz1973,figure 3,pop,cladonia,caroliniana,36,C,dark respiration,-0.632433968,mg CO2 * g^-1 * hr^-1,mg_co2,g,hr,NA,NA,NA,T,lab,NA,NA,NA,NA,400-700,550,umol * m^-2 * s^-1,NA,43.8673,temperate,neutral,green algae,37.53685305369666,-1.44E-05,1,60,-2.40E-07,2.3950388851018707e-7,-15.24469618,-2.550418777,19.25100835,0.980930726,-0.632433968,,,
9,lechowiczadams1974,lechowiczadams1974,figure 5a,pop,cladonia,uncialis,10,C,net photosynthesis,0.380383754,mg CO2 * g^-1 * hr^-1,mg_co2,g,hr,NA,NA,NA,T,lab,NA,NA,season,fall,1135,1135,umol * m^-2 * s^-1,NA,43.7972,temperate,neutral,green algae,40.98364161,8.643120972506248e-6,1,60,1.4405201620843747e-7,1.4405201620843747e-7,-15.75309138,0.896369778,-6.748991648,0.380383754,-0.188980328,,,
9,lechowiczadams1974,lechowiczadams1974,figure 5a,pop,cladonia,uncialis,15,C,net photosynthesis,0.550049792,mg CO2 * g^-1 * hr^-1,mg_co2,g,hr,NA,NA,NA,T,lab,NA,NA,season,fall,1135,1135,umol * m^-2 * s^-1,NA,43.7972,temperate,neutral,green algae,40.27249044438772,1.2498291115655533e-5,1,60,2.083048519275922e-7,2.083048519275922e-7,-15.3842632,0.185218613,-1.748991648,0.550049792,-0.220609478,,,
9,lechowiczadams1974,lechowiczadams1974,figure 5a,pop,cladonia,uncialis,18,C,net photosynthesis,0.666376214,mg CO2 * g^-1 * hr^-1,mg_co2,g,hr,NA,NA,NA,T,lab,NA,NA,season,fall,1135,1135,umol * m^-2 * s^-1,NA,43.7972,temperate,neutral,green algae,39.857524030741274,1.5141472710747558e-5,1,60,2.5235787851245927e-7,2.5235787851245927e-7,-15.1924176,-0.2297478,1.251008352,0.666376214,-0.167578107,,,
9,lechowiczadams1974,lechowiczadams1974,figure 5a,pop,cladonia,uncialis,20,C,net photosynthesis,0.719155671,mg CO2 * g^-1 * hr^-1,mg_co2,g,hr,NA,NA,NA,T,lab,NA,NA,season,fall,1135,1135,umol * m^-2 * s^-1,NA,43.7972,temperate,neutral,green algae,39.58559823145258,1.6340733265167006e-5,1,60,2.723455544194501e-7,2.723455544194501e-7,-15.11619416,-0.5016736,3.251008352,0.719155671,-0.288814639,,,
9,lechowiczadams1974,lechowiczadams1974,figure 5a,pop,cladonia,uncialis,22,C,net photosynthesis,0.746292279,mg CO2 * g^-1 * hr^-1,mg_co2,g,hr,NA,NA,NA,T,lab,NA,NA,season,fall,1135,1135,umol * m^-2 * s^-1,NA,43.7972,temperate,neutral,green algae,39.31735768778696,1.695733421949557e-5,1,60,2.826222369915928e-7,2.826222369915928e-7,-15.07915468,-0.769914143,5.251008352,0.746292279,-0.558533884,,,
9,lechowiczadams1974,lechowiczadams1974,figure 5a,pop,cladonia,uncialis,26,C,net photosynthesis,0.724010385,mg CO2 * g^-1 * hr^-1,mg_co2,g,hr,NA,NA,NA,T,lab,NA,NA,season,fall,1135,1135,umol * m^-2 * s^-1,NA,43.7972,temperate,neutral,green algae,38.79163670917708,1.645104260395365e-5,1,60,2.7418404339922747e-7,2.7418404339922747e-7,-15.10946626,-1.295635122,9.251008352,0.724010385,-0.526392106,,,
9,lechowiczadams1974,lechowiczadams1974,figure 5a,pop,cladonia,uncialis,31,C,net photosynthesis,0.52726997900000006,mg CO2 * g^-1 * hr^-1,mg_co2,g,hr,NA,NA,NA,T,lab,NA,NA,season,fall,1135,1135,umol * m^-2 * s^-1,NA,43.7972,temperate,neutral,green algae,38.15393102597508,1.1980685730515792e-5,1,60,1.9967809550859654e-7,1.9967809550859654e-7,-15.42655929,-1.933340805,14.25100835,0.52726997900000006,-0.631173277,,,
9,lechowiczadams1974,lechowiczadams1974,figure 5a,pop,cladonia,uncialis,37,C,net photosynthesis,0.090096739,mg CO2 * g^-1 * hr^-1,mg_co2,g,hr,NA,NA,NA,T,lab,NA,NA,season,fall,1135,1135,umol * m^-2 * s^-1,NA,43.7972,temperate,neutral,green algae,37.41582499,2.0471878891161097e-6,1,60,3.4119798151935164e-8,3.4119798151935164e-8,-17.19338803,-2.671446838,20.25100835,0.090096739,-0.680898198,,,
10,lechowiczadams1974,lechowiczadams1974,figure 5a,pop,cladonia,rangiferina,4,C,net photosynthesis,0.147170751,mg CO2 * g^-1 * hr^-1,mg_co2,g,hr,NA,NA,NA,T,lab,NA,NA,season,fall,1135,1135,umol * m^-2 * s^-1,NA,43.7972,temperate,neutral,green algae,41.87089345679351,3.3440297886843896e-6,1,60,5.573382981140649e-8,5.573382981140649e-8,-16.70267852,1.783621626,-12.74899165,0.147170751,-0.150046228,,,
10,lechowiczadams1974,lechowiczadams1974,figure 5a,pop,cladonia,rangiferina,9,C,net photosynthesis,0.702382011,mg CO2 * g^-1 * hr^-1,mg_co2,g,hr,NA,NA,NA,T,lab,NA,NA,season,fall,1135,1135,umol * m^-2 * s^-1,NA,43.7972,temperate,neutral,green algae,41.12889640811739,1.5959600340831627e-5,1,60,2.6599333901386043e-7,2.6599333901386043e-7,-15.13979457,1.041624577,-7.748991648,0.702382011,-0.220353164,,,
10,lechowiczadams1974,lechowiczadams1974,figure 5a,pop,cladonia,rangiferina,15,C,net photosynthesis,1.269947896,mg CO2 * g^-1 * hr^-1,mg_co2,g,hr,NA,NA,NA,T,lab,NA,NA,season,fall,1135,1135,umol * m^-2 * s^-1,NA,43.7972,temperate,neutral,green algae,40.27249044438772,2.8855894024085432e-5,1,60,4.809315670680905e-7,4.809315670680905e-7,-14.54754085,0.185218613,-1.748991648,1.269947896,-0.301297132,,,
10,lechowiczadams1974,lechowiczadams1974,figure 5a,pop,cladonia,rangiferina,18,C,net photosynthesis,1.632837785,mg CO2 * g^-1 * hr^-1,mg_co2,g,hr,NA,NA,NA,T,lab,NA,NA,season,fall,1135,1135,umol * m^-2 * s^-1,NA,43.7972,temperate,neutral,green algae,39.857524030741274,3.710151749602363e-5,1,60,6.183586249337271e-7,6.183586249337271e-7,-14.29619725,-0.2297478,1.251008352,1.632837785,-0.404361,,,
10,lechowiczadams1974,lechowiczadams1974,figure 5a,pop,cladonia,rangiferina,21,C,net photosynthesis,1.919639364,mg CO2 * g^-1 * hr^-1,mg_co2,g,hr,NA,NA,NA,T,lab,NA,NA,season,fall,1135,1135,umol * m^-2 * s^-1,NA,43.7972,temperate,neutral,green algae,39.451022,4.361825412406271e-5,1,60,7.269709020677118e-7,7.269709020677118e-7,-14.13437938,-0.63624983,4.251008352,1.919639364,-0.424250968,,,
10,lechowiczadams1974,lechowiczadams1974,figure 5a,pop,cladonia,rangiferina,23,C,net photosynthesis,2.073869901,mg CO2 * g^-1 * hr^-1,mg_co2,g,hr,NA,NA,NA,T,lab,NA,NA,season,fall,1135,1135,umol * m^-2 * s^-1,NA,43.7972,temperate,neutral,green algae,39.18459605453426,4.7122697137014315e-5,1,60,7.853782856169052e-7,7.853782856169052e-7,-14.05710034,-0.902675777,6.251008352,2.073869901,-0.511705312,,,
10,lechowiczadams1974,lechowiczadams1974,figure 5a,pop,cladonia,rangiferina,26,C,net photosynthesis,2.114201373,mg CO2 * g^-1 * hr^-1,mg_co2,g,hr,NA,NA,NA,T,lab,NA,NA,season,fall,1135,1135,umol * m^-2 * s^-1,NA,43.7972,temperate,neutral,green algae,38.79163670917708,4.8039113224267214e-5,1,60,8.0065188707112025e-07,8.0065188707112025e-07,-14.03783958,-1.295635122,9.251008352,2.114201373,-0.46908029,,,
10,lechowiczadams1974,lechowiczadams1974,figure 5a,pop,cladonia,rangiferina,31,C,net photosynthesis,1.708894975,mg CO2 * g^-1 * hr^-1,mg_co2,g,hr,NA,NA,NA,T,lab,NA,NA,season,fall,1135,1135,umol * m^-2 * s^-1,NA,43.7972,temperate,neutral,green algae,38.15393102597508,3.882969722790275e-5,1,60,6.471616204650458e-7,6.471616204650458e-7,-14.25066977,-1.933340805,14.25100835,1.708894975,-0.761098855,,,
10,lechowiczadams1974,lechowiczadams1974,figure 5a,pop,cladonia,rangiferina,36,C,net photosynthesis,0.544385959,mg CO2 * g^-1 * hr^-1,mg_co2,g,hr,NA,NA,NA,T,lab,NA,NA,season,fall,1135,1135,umol * m^-2 * s^-1,NA,43.7972,temperate,neutral,green algae,37.53685305369666,1.2369596887071119e-5,1,60,2.06159948117852e-7,2.06159948117852e-7,-15.39461352,-2.550418777,19.25100835,0.544385959,-0.865956921,,,
11,lechowiczadams1974,lechowiczadams1974,figure 5a,pop,cladonia,mitis,6,C,net photosynthesis,-0.002391791,mg CO2 * g^-1 * hr^-1,mg_co2,g,hr,NA,NA,NA,T,lab,NA,NA,season,fall,1135,1135,umol * m^-2 * s^-1,NA,43.7972,temperate,neutral,green algae,41.570904967043965,-5.43E-08,1,60,-9.06E-10,9.057755813072785e-10,-20.82222954,1.483633136,-10.74899165,-0.002391791,-0.149277286,,,
11,lechowiczadams1974,lechowiczadams1974,figure 5a,pop,cladonia,mitis,10,C,net photosynthesis,0.368309208,mg CO2 * g^-1 * hr^-1,mg_co2,g,hr,NA,NA,NA,T,lab,NA,NA,season,fall,1135,1135,umol * m^-2 * s^-1,NA,43.7972,temperate,neutral,green algae,40.98364161,8.368761826857532e-6,1,60,1.3947936378095887e-7,1.3947936378095887e-7,-15.78534918,0.896369778,-6.748991648,0.368309208,-0.136948582,,,
11,lechowiczadams1974,lechowiczadams1974,figure 5a,pop,cladonia,mitis,15,C,net photosynthesis,0.866104136,mg CO2 * g^-1 * hr^-1,mg_co2,g,hr,NA,NA,NA,T,lab,NA,NA,season,fall,1135,1135,umol * m^-2 * s^-1,NA,43.7972,temperate,neutral,green algae,40.27249044438772,1.967971224721654e-5,1,60,3.2799520412027565e-7,3.2799520412027565e-7,-14.93026685,0.185218613,-1.748991648,0.866104136,-0.182085481,,,
11,lechowiczadams1974,lechowiczadams1974,figure 5a,pop,cladonia,mitis,18,C,net photosynthesis,1.032969378,mg CO2 * g^-1 * hr^-1,mg_co2,g,hr,NA,NA,NA,T,lab,NA,NA,season,fall,1135,1135,umol * m^-2 * s^-1,NA,43.7972,temperate,neutral,green algae,39.857524030741274,2.3471242399454668e-5,1,60,3.911873733242445e-7,3.911873733242445e-7,-14.75407918,-0.2297478,1.251008352,1.032969378,-0.393954651,,,
11,lechowiczadams1974,lechowiczadams1974,figure 5a,pop,cladonia,mitis,21,C,net photosynthesis,1.237552015,mg CO2 * g^-1 * hr^-1,mg_co2,g,hr,NA,NA,NA,T,lab,NA,NA,season,fall,1135,1135,umol * m^-2 * s^-1,NA,43.7972,temperate,neutral,green algae,39.451022,2.8119791297432397e-5,1,60,4.6866318829053996e-7,4.6866318829053996e-7,-14.57338148,-0.63624983,4.251008352,1.237552015,-0.408641444,,,
11,lechowiczadams1974,lechowiczadams1974,figure 5a,pop,cladonia,mitis,23,C,net photosynthesis,1.050272077,mg CO2 * g^-1 * hr^-1,mg_co2,g,hr,NA,NA,NA,T,lab,NA,NA,season,fall,1135,1135,umol * m^-2 * s^-1,NA,43.7972,temperate,neutral,green algae,39.18459605453426,2.3864396205407862e-5,1,60,3.9773993675679767e-7,3.9773993675679767e-7,-14.73746747,-0.902675777,6.251008352,1.050272077,-0.428377624,,,
11,lechowiczadams1974,lechowiczadams1974,figure 5a,pop,cladonia,mitis,26,C,net photosynthesis,1.128881104,mg CO2 * g^-1 * hr^-1,mg_co2,g,hr,NA,NA,NA,T,lab,NA,NA,season,fall,1135,1135,umol * m^-2 * s^-1,NA,43.7972,temperate,neutral,green algae,38.79163670917708,2.565055905476028e-5,1,60,4.27509317579338e-7,4.27509317579338e-7,-14.66528975,-1.295635122,9.251008352,1.128881104,-0.645988228,,,
11,lechowiczadams1974,lechowiczadams1974,figure 5a,pop,cladonia,mitis,32,C,net photosynthesis,1.083570438,mg CO2 * g^-1 * hr^-1,mg_co2,g,hr,NA,NA,NA,T,lab,NA,NA,season,fall,1135,1135,umol * m^-2 * s^-1,NA,43.7972,temperate,neutral,green algae,38.028897661970575,2.462100518064076e-5,1,60,4.103500863440127e-7,4.103500863440127e-7,-14.70625517,-2.058374169,15.25100835,1.083570438,-0.664647889,,,
11,lechowiczadams1974,lechowiczadams1974,figure 5a,pop,cladonia,mitis,37,C,net photosynthesis,0.444615357,mg CO2 * g^-1 * hr^-1,mg_co2,g,hr,NA,NA,NA,T,lab,NA,NA,season,fall,1135,1135,umol * m^-2 * s^-1,NA,43.7972,temperate,neutral,green algae,37.41582499,1.0102598432174506e-5,1,60,1.6837664053624175e-7,1.6837664053624175e-7,-15.59706246,-2.671446838,20.25100835,0.444615357,-0.740619365,,,
12,lechowiczadams1974,lechowiczadams1974,figure 5a,pop,cladonia,uncialis,5,C,net photosynthesis,0.362318841,mg CO2 * g^-1 * hr^-1,mg_co2,g,hr,NA,NA,NA,T,lab,NA,NA,season,spring,1135,1135,umol * m^-2 * s^-1,NA,43.7972,temperate,neutral,green algae,41.720359955241136,8.232648057259713e-6,1,60,1.3721080095432856e-7,1.3721080095432856e-7,-15.8017474,1.633088124,-11.74899165,0.362318841,-0.301115242,,,
12,lechowiczadams1974,lechowiczadams1974,figure 5a,pop,cladonia,uncialis,10,C,net photosynthesis,0.615942029,mg CO2 * g^-1 * hr^-1,mg_co2,g,hr,NA,NA,NA,T,lab,NA,NA,season,spring,1135,1135,umol * m^-2 * s^-1,NA,43.7972,temperate,neutral,green algae,40.98364161,1.3995501681436035e-5,1,60,2.3325836135726724e-7,2.3325836135726724e-7,-15.27111915,0.896369778,-6.748991648,0.615942029,-0.206896552,,,
12,lechowiczadams1974,lechowiczadams1974,figure 5a,pop,cladonia,uncialis,15,C,net photosynthesis,0.945652174,mg CO2 * g^-1 * hr^-1,mg_co2,g,hr,NA,NA,NA,T,lab,NA,NA,season,spring,1135,1135,umol * m^-2 * s^-1,NA,43.7972,temperate,neutral,green algae,40.27249044438772,2.1487211406498525e-5,1,60,3.5812019010830876e-7,3.5812019010830876e-7,-14.84239718,0.185218613,-1.748991648,0.945652174,-0.273887963,,,
12,lechowiczadams1974,lechowiczadams1974,figure 5a,pop,cladonia,uncialis,17,C,net photosynthesis,1.148550725,mg CO2 * g^-1 * hr^-1,mg_co2,g,hr,NA,NA,NA,T,lab,NA,NA,season,spring,1135,1135,umol * m^-2 * s^-1,NA,43.7972,temperate,neutral,green algae,39.99489271601007,2.6097494319472848e-5,1,60,4.349582386578808e-7,4.349582386578808e-7,-14.64801581,-0.092379115,0.251008352,1.148550725,-0.351647225,,,
12,lechowiczadams1974,lechowiczadams1974,figure 5a,pop,cladonia,uncialis,20,C,net photosynthesis,1.186594203,mg CO2 * g^-1 * hr^-1,mg_co2,g,hr,NA,NA,NA,T,lab,NA,NA,season,spring,1135,1135,umol * m^-2 * s^-1,NA,43.7972,temperate,neutral,green algae,39.58559823145258,2.6961922358554874e-5,1,60,4.493653726425812e-7,4.493653726425812e-7,-14.61542953,-0.5016736,3.251008352,1.186594203,-0.361722856,,,
12,lechowiczadams1974,lechowiczadams1974,figure 5a,pop,cladonia,uncialis,22,C,net photosynthesis,1.173913043,mg CO2 * g^-1 * hr^-1,mg_co2,g,hr,NA,NA,NA,T,lab,NA,NA,season,spring,1135,1135,umol * m^-2 * s^-1,NA,43.7972,temperate,neutral,green algae,39.31735768778696,2.6673779663712793e-5,1,60,4.445629943952132e-7,4.445629943952132e-7,-14.62617407,-0.769914143,5.251008352,1.173913043,-0.418664274,,,
12,lechowiczadams1974,lechowiczadams1974,figure 5a,pop,cladonia,uncialis,25,C,net photosynthesis,1.135869565,mg CO2 * g^-1 * hr^-1,mg_co2,g,hr,NA,NA,NA,T,lab,NA,NA,season,spring,1135,1135,umol * m^-2 * s^-1,NA,43.7972,temperate,neutral,green algae,38.92174449622782,2.5809351624630762e-5,1,60,4.301558604105127e-7,4.301558604105127e-7,-14.65911823,-1.165527335,8.251008352,1.135869565,-0.444378926,,,
12,lechowiczadams1974,lechowiczadams1974,figure 5a,pop,cladonia,uncialis,30,C,net photosynthesis,0.907608696,mg CO2 * g^-1 * hr^-1,mg_co2,g,hr,NA,NA,NA,T,lab,NA,NA,season,spring,1135,1135,umol * m^-2 * s^-1,NA,43.7972,temperate,neutral,green algae,38.27978928434875,2.0622783367416498e-5,1,60,3.437130561236083e-7,3.437130561236083e-7,-14.88345867,-1.807482547,13.25100835,0.907608696,-0.57392642,,,
12,lechowiczadams1974,lechowiczadams1974,figure 5a,pop,cladonia,uncialis,35,C,net photosynthesis,0.489130435,mg CO2 * g^-1 * hr^-1,mg_co2,g,hr,NA,NA,NA,T,lab,NA,NA,season,spring,1135,1135,umol * m^-2 * s^-1,NA,43.7972,temperate,neutral,green algae,37.65866662842876,1.1114074869347874e-5,1,60,1.852345811557979e-7,1.852345811557979e-7,-15.50164281,-2.428605203,18.25100835,0.489130435,-0.713882836,,,
13,lechowiczadams1974,lechowiczadams1974,figure 5a,pop,cladonia,rangiferina,5,C,net photosynthesis,0.577898551,mg CO2 * g^-1 * hr^-1,mg_co2,g,hr,NA,NA,NA,T,lab,NA,NA,season,spring,1135,1135,umol * m^-2 * s^-1,NA,43.7972,temperate,neutral,green algae,41.720359955241136,1.313107364235401e-5,1,60,2.1885122737256684e-7,2.1885122737256684e-7,-15.33487367,1.633088124,-11.74899165,0.577898551,-0.561389565,,,
13,lechowiczadams1974,lechowiczadams1974,figure 5a,pop,cladonia,rangiferina,10,C,net photosynthesis,1.097826087,mg CO2 * g^-1 * hr^-1,mg_co2,g,hr,NA,NA,NA,T,lab,NA,NA,season,spring,1135,1135,umol * m^-2 * s^-1,NA,43.7972,temperate,neutral,green algae,40.98364161,2.494492358554874e-5,1,60,4.157487264258123e-7,4.157487264258123e-7,-14.69318478,0.896369778,-6.748991648,1.097826087,-0.430662736,,,
13,lechowiczadams1974,lechowiczadams1974,figure 5a,pop,cladonia,rangiferina,14,C,net photosynthesis,1.884057971,mg CO2 * g^-1 * hr^-1,mg_co2,g,hr,NA,NA,NA,T,lab,NA,NA,season,spring,1135,1135,umol * m^-2 * s^-1,NA,43.7972,temperate,neutral,green algae,40.41273940989142,4.280976984776187e-5,1,60,7.134961641293645e-7,7.134961641293645e-7,-14.15308878,0.325467579,-2.748991648,1.884057971,-0.46122292,,,
13,lechowiczadams1974,lechowiczadams1974,figure 5a,pop,cladonia,rangiferina,17,C,net photosynthesis,2.213768116,mg CO2 * g^-1 * hr^-1,mg_co2,g,hr,NA,NA,NA,T,lab,NA,NA,season,spring,1135,1135,umol * m^-2 * s^-1,NA,43.7972,temperate,neutral,green algae,39.99489271601007,5.0301479572824356e-5,1,60,8.383579928804059e-7,8.383579928804059e-7,-13.99182063,-0.092379115,0.251008352,2.213768116,-0.481733111,,,
13,lechowiczadams1974,lechowiczadams1974,figure 5a,pop,cladonia,rangiferina,19,C,net photosynthesis,2.34057971,mg CO2 * g^-1 * hr^-1,mg_co2,g,hr,NA,NA,NA,T,lab,NA,NA,season,spring,1135,1135,umol * m^-2 * s^-1,NA,43.7972,temperate,neutral,green algae,39.72109574,5.318290638491252e-5,1,60,8.863817730818753e-7,8.863817730818753e-7,-13.93611808,-0.366176087,2.251008352,2.34057971,-0.621945904,,,
13,lechowiczadams1974,lechowiczadams1974,figure 5a,pop,cladonia,rangiferina,22,C,net photosynthesis,2.327898551,mg CO2 * g^-1 * hr^-1,mg_co2,g,hr,NA,NA,NA,T,lab,NA,NA,season,spring,1135,1135,umol * m^-2 * s^-1,NA,43.7972,temperate,neutral,green algae,39.31735768778696,5.289476371279255e-5,1,60,8.815793952132092e-7,8.815793952132092e-7,-13.94155077,-0.769914143,5.251008352,2.327898551,-0.637251634,,,
13,lechowiczadams1974,lechowiczadams1974,figure 5a,pop,cladonia,rangiferina,25,C,net photosynthesis,2.416666667,mg CO2 * g^-1 * hr^-1,mg_co2,g,hr,NA,NA,NA,T,lab,NA,NA,season,spring,1135,1135,umol * m^-2 * s^-1,NA,43.7972,temperate,neutral,green algae,38.92174449622782,5.491176248579868e-5,1,60,9.151960414299779e-7,9.151960414299779e-7,-13.90412754,-1.165527335,8.251008352,2.416666667,-0.735803102,,,
13,lechowiczadams1974,lechowiczadams1974,figure 5a,pop,cladonia,rangiferina,30,C,net photosynthesis,1.966485507,mg CO2 * g^-1 * hr^-1,mg_co2,g,hr,NA,NA,NA,T,lab,NA,NA,season,spring,1135,1135,umol * m^-2 * s^-1,NA,43.7972,temperate,neutral,green algae,38.27978928434875,4.468269727334697e-5,1,60,7.447116212224494e-7,7.447116212224494e-7,-14.11026878,-1.807482547,13.25100835,1.966485507,-0.964209717,,,
13,lechowiczadams1974,lechowiczadams1974,figure 5a,pop,cladonia,rangiferina,35,C,net photosynthesis,1.313405797,mg CO2 * g^-1 * hr^-1,mg_co2,g,hr,NA,NA,NA,T,lab,NA,NA,season,spring,1135,1135,umol * m^-2 * s^-1,NA,43.7972,temperate,neutral,green algae,37.65866662842876,2.9843349170643034e-5,1,60,4.973891528440506e-7,4.973891528440506e-7,-14.51389311,-2.428605203,18.25100835,1.313405797,-1.23945648,,,
14,lechowiczadams1974,lechowiczadams1974,figure 5a,pop,cladonia,mitis,4,C,net photosynthesis,0.489130435,mg CO2 * g^-1 * hr^-1,mg_co2,g,hr,NA,NA,NA,T,lab,NA,NA,season,spring,1135,1135,umol * m^-2 * s^-1,NA,43.7972,temperate,neutral,green algae,41.87089345679351,1.1114074869347874e-5,1,60,1.852345811557979e-7,1.852345811557979e-7,-15.50164281,1.783621626,-12.74899165,0.489130435,-0.23866171,,,
14,lechowiczadams1974,lechowiczadams1974,figure 5a,pop,cladonia,mitis,10,C,net photosynthesis,1.02173913,mg CO2 * g^-1 * hr^-1,mg_co2,g,hr,NA,NA,NA,T,lab,NA,NA,season,spring,1135,1135,umol * m^-2 * s^-1,NA,43.7972,temperate,neutral,green algae,40.98364161,2.321606748466258e-5,1,60,3.869344580777096e-7,3.869344580777096e-7,-14.76501052,0.896369778,-6.748991648,1.02173913,-0.238046404,,,
14,lechowiczadams1974,lechowiczadams1974,figure 5a,pop,cladonia,mitis,14,C,net photosynthesis,1.452898551,mg CO2 * g^-1 * hr^-1,mg_co2,g,hr,NA,NA,NA,T,lab,NA,NA,season,spring,1135,1135,umol * m^-2 * s^-1,NA,43.7972,temperate,neutral,green algae,40.41273940989142,3.301291867757328e-5,1,60,5.50215311292888e-7,5.50215311292888e-7,-14.41295616,0.325467579,-2.748991648,1.452898551,-0.28434816,,,
14,lechowiczadams1974,lechowiczadams1974,figure 5a,pop,cladonia,mitis,17,C,net photosynthesis,2.048913043,mg CO2 * g^-1 * hr^-1,mg_co2,g,hr,NA,NA,NA,T,lab,NA,NA,season,spring,1135,1135,umol * m^-2 * s^-1,NA,43.7972,temperate,neutral,green algae,39.99489271601007,4.6555624698932066e-5,1,60,7.759270783155344e-7,7.759270783155344e-7,-14.06920729,-0.092379115,0.251008352,2.048913043,-0.335956929,,,
14,lechowiczadams1974,lechowiczadams1974,figure 5a,pop,cladonia,mitis,20,C,net photosynthesis,2.35326087,mg CO2 * g^-1 * hr^-1,mg_co2,g,hr,NA,NA,NA,T,lab,NA,NA,season,spring,1135,1135,umol * m^-2 * s^-1,NA,43.7972,temperate,neutral,green algae,39.58559823145258,5.347104907975461e-5,1,60,8.911841513292434e-7,8.911841513292434e-7,-13.93071475,-0.5016736,3.251008352,2.35326087,-0.3825407,,,
14,lechowiczadams1974,lechowiczadams1974,figure 5a,pop,cladonia,mitis,22,C,net photosynthesis,2.35326087,mg CO2 * g^-1 * hr^-1,mg_co2,g,hr,NA,NA,NA,T,lab,NA,NA,season,spring,1135,1135,umol * m^-2 * s^-1,NA,43.7972,temperate,neutral,green algae,39.31735768778696,5.347104907975461e-5,1,60,8.911841513292434e-7,8.911841513292434e-7,-13.93071475,-0.769914143,5.251008352,2.35326087,-0.481092168,,,
14,lechowiczadams1974,lechowiczadams1974,figure 5a,pop,cladonia,mitis,25,C,net photosynthesis,2.327898551,mg CO2 * g^-1 * hr^-1,mg_co2,g,hr,NA,NA,NA,T,lab,NA,NA,season,spring,1135,1135,umol * m^-2 * s^-1,NA,43.7972,temperate,neutral,green algae,38.92174449622782,5.289476371279255e-5,1,60,8.815793952132092e-7,8.815793952132092e-7,-13.94155077,-1.165527335,8.251008352,2.327898551,-0.459992309,,,
14,lechowiczadams1974,lechowiczadams1974,figure 5a,pop,cladonia,mitis,30,C,net photosynthesis,2.150362319,mg CO2 * g^-1 * hr^-1,mg_co2,g,hr,NA,NA,NA,T,lab,NA,NA,season,spring,1135,1135,umol * m^-2 * s^-1,NA,43.7972,temperate,neutral,green algae,38.27978928434875,4.886076616678028e-5,1,60,8.143461027796713e-7,8.143461027796713e-7,-14.02088037,-1.807482547,13.25100835,2.150362319,-0.766414562,,,
14,lechowiczadams1974,lechowiczadams1974,figure 5a,pop,cladonia,mitis,35,C,net photosynthesis,1.414855072,mg CO2 * g^-1 * hr^-1,mg_co2,g,hr,NA,NA,NA,T,lab,NA,NA,season,spring,1135,1135,umol * m^-2 * s^-1,NA,43.7972,temperate,neutral,green algae,37.65866662842876,3.214849061576914e-5,1,60,5.358081769294856e-7,5.358081769294856e-7,-14.43948962,-2.428605203,18.25100835,1.414855072,-0.916728625,,,
15,lechowiczadams1974,lechowiczadams1974,figure 5a,pop,cladonia,uncialis,4,C,net photosynthesis,0.106564361,mg CO2 * g^-1 * hr^-1,mg_co2,g,hr,NA,NA,NA,T,lab,NA,NA,season,summer,1135,1135,umol * m^-2 * s^-1,NA,43.7972,temperate,neutral,green algae,41.87089345679351,2.421366984776187e-6,1,60,4.035611641293645e-8,4.035611641293645e-8,-17.02552287,1.783621626,-12.74899165,0.106564361,-0.102964638,,,
15,lechowiczadams1974,lechowiczadams1974,figure 5a,pop,cladonia,uncialis,10,C,net photosynthesis,0.66342561,mg CO2 * g^-1 * hr^-1,mg_co2,g,hr,NA,NA,NA,T,lab,NA,NA,season,summer,1135,1135,umol * m^-2 * s^-1,NA,43.7972,temperate,neutral,green algae,40.98364161,1.5074428766189503e-5,1,60,2.512404794364917e-7,2.512404794364917e-7,-15.19685527,0.896369778,-6.748991648,0.66342561,-0.08645383,,,
15,lechowiczadams1974,lechowiczadams1974,figure 5a,pop,cladonia,uncialis,15,C,net photosynthesis,1.106404601,mg CO2 * g^-1 * hr^-1,mg_co2,g,hr,NA,NA,NA,T,lab,NA,NA,season,summer,1135,1135,umol * m^-2 * s^-1,NA,43.7972,temperate,neutral,green algae,40.27249044438772,2.5139845512383548e-5,1,60,4.1899742520639245e-7,4.1899742520639245e-7,-14.68540106,0.185218613,-1.748991648,1.106404601,-0.153054174,,,
15,lechowiczadams1974,lechowiczadams1974,figure 5a,pop,cladonia,uncialis,17,C,net photosynthesis,1.34678128,mg CO2 * g^-1 * hr^-1,mg_co2,g,hr,NA,NA,NA,T,lab,NA,NA,season,summer,1135,1135,umol * m^-2 * s^-1,NA,43.7972,temperate,neutral,green algae,39.99489271601007,3.0601710520336286e-5,1,60,5.100285086722715e-7,5.100285086722715e-7,-14.48879921,-0.092379115,0.251008352,1.34678128,-0.183695397,,,
15,lechowiczadams1974,lechowiczadams1974,figure 5a,pop,cladonia,uncialis,20,C,net photosynthesis,1.347651084,mg CO2 * g^-1 * hr^-1,mg_co2,g,hr,NA,NA,NA,T,lab,NA,NA,season,summer,1135,1135,umol * m^-2 * s^-1,NA,43.7972,temperate,neutral,green algae,39.58559823145258,3.062147430129516e-5,1,60,5.10357905021586e-7,5.10357905021586e-7,-14.48815358,-0.5016736,3.251008352,1.347651084,-0.281570046,,,
15,lechowiczadams1974,lechowiczadams1974,figure 5a,pop,cladonia,uncialis,22,C,net photosynthesis,1.487130444,mg CO2 * g^-1 * hr^-1,mg_co2,g,hr,NA,NA,NA,T,lab,NA,NA,season,summer,1135,1135,umol * m^-2 * s^-1,NA,43.7972,temperate,neutral,green algae,39.31735768778696,3.379073946830266e-5,1,60,5.631789911383776e-7,5.631789911383776e-7,-14.38966834,-0.769914143,5.251008352,1.487130444,-0.286381478,,,
15,lechowiczadams1974,lechowiczadams1974,figure 5a,pop,cladonia,uncialis,25,C,net photosynthesis,1.500612413,mg CO2 * g^-1 * hr^-1,mg_co2,g,hr,NA,NA,NA,T,lab,NA,NA,season,summer,1135,1135,umol * m^-2 * s^-1,NA,43.7972,temperate,neutral,green algae,38.92174449622782,3.409707823221995e-5,1,60,5.682846372036659e-7,5.682846372036659e-7,-14.38064342,-1.165527335,8.251008352,1.500612413,-0.33773718,,,
15,lechowiczadams1974,lechowiczadams1974,figure 5a,pop,cladonia,uncialis,30,C,net photosynthesis,1.250046597,mg CO2 * g^-1 * hr^-1,mg_co2,g,hr,NA,NA,NA,T,lab,NA,NA,season,summer,1135,1135,umol * m^-2 * s^-1,NA,43.7972,temperate,neutral,green algae,38.27978928434875,2.8403694546693933e-5,1,60,4.7339490911156557e-7,4.7339490911156557e-7,-14.56333589,-1.807482547,13.25100835,1.250046597,-0.492006873,,,
15,lechowiczadams1974,lechowiczadams1974,figure 5a,pop,cladonia,uncialis,36,C,net photosynthesis,0.810298307,mg CO2 * g^-1 * hr^-1,mg_co2,g,hr,NA,NA,NA,T,lab,NA,NA,season,summer,1135,1135,umol * m^-2 * s^-1,NA,43.7972,temperate,neutral,green algae,37.53685305369666,1.8411686139513747e-5,1,60,3.0686143565856245e-7,3.0686143565856245e-7,-14.99686954,-2.550418777,19.25100835,0.810298307,-0.543109342,,,
16,lechowiczadams1974,lechowiczadams1974,figure 5a,pop,cladonia,rangiferina,3,C,net photosynthesis,0.308048354,mg CO2 * g^-1 * hr^-1,mg_co2,g,hr,NA,NA,NA,T,lab,NA,NA,season,summer,1135,1135,umol * m^-2 * s^-1,NA,43.7972,temperate,neutral,green algae,42.022517188304626,6.999508157236992e-6,1,60,1.166584692872832e-7,1.166584692872832e-7,-15.96401524,1.935245357,-13.74899165,0.308048354,-0.123679117,,,
16,lechowiczadams1974,lechowiczadams1974,figure 5a,pop,cladonia,rangiferina,9,C,net photosynthesis,0.76419867,mg CO2 * g^-1 * hr^-1,mg_co2,g,hr,NA,NA,NA,T,lab,NA,NA,season,summer,1135,1135,umol * m^-2 * s^-1,NA,43.7972,temperate,neutral,green algae,41.12889640811739,1.7364205180640763e-5,1,60,2.8940341967734604e-7,2.8940341967734604e-7,-15.05544421,1.041624577,-7.748991648,0.76419867,-0.179542371,,,
16,lechowiczadams1974,lechowiczadams1974,figure 5a,pop,cladonia,rangiferina,15,C,net photosynthesis,1.459669474,mg CO2 * g^-1 * hr^-1,mg_co2,g,hr,NA,NA,NA,T,lab,NA,NA,season,summer,1135,1135,umol * m^-2 * s^-1,NA,43.7972,temperate,neutral,green algae,40.27249044438772,3.316676832538059e-5,1,60,5.527794720896765e-7,5.527794720896765e-7,-14.4083067,0.185218613,-1.748991648,1.459669474,-0.19438184,,,
16,lechowiczadams1974,lechowiczadams1974,figure 5a,pop,cladonia,rangiferina,18,C,net photosynthesis,1.901965048,mg CO2 * g^-1 * hr^-1,mg_co2,g,hr,NA,NA,NA,T,lab,NA,NA,season,summer,1135,1135,umol * m^-2 * s^-1,NA,43.7972,temperate,neutral,green algae,39.857524030741274,4.321665639627358e-5,1,60,7.202776066045597e-7,7.202776066045597e-7,-14.14362913,-0.2297478,1.251008352,1.901965048,-0.219882427,,,
16,lechowiczadams1974,lechowiczadams1974,figure 5a,pop,cladonia,rangiferina,20,C,net photosynthesis,2.331586328,mg CO2 * g^-1 * hr^-1,mg_co2,g,hr,NA,NA,NA,T,lab,NA,NA,season,summer,1135,1135,umol * m^-2 * s^-1,NA,43.7972,temperate,neutral,green algae,39.58559823145258,5.29785577823222e-5,1,60,8.829759630387034e-7,8.829759630387034e-7,-13.93996786,-0.5016736,3.251008352,2.331586328,-0.317681107,,,
16,lechowiczadams1974,lechowiczadams1974,figure 5a,pop,cladonia,rangiferina,23,C,net photosynthesis,2.483677853,mg CO2 * g^-1 * hr^-1,mg_co2,g,hr,NA,NA,NA,T,lab,NA,NA,season,summer,1135,1135,umol * m^-2 * s^-1,NA,43.7972,temperate,neutral,green algae,39.18459605453426,5.6434397932288116e-5,1,60,9.405732988714686e-7,9.405732988714686e-7,-13.87677626,-0.902675777,6.251008352,2.483677853,-0.384560007,,,
16,lechowiczadams1974,lechowiczadams1974,figure 5a,pop,cladonia,rangiferina,25,C,net photosynthesis,2.547608481,mg CO2 * g^-1 * hr^-1,mg_co2,g,hr,NA,NA,NA,T,lab,NA,NA,season,summer,1135,1135,umol * m^-2 * s^-1,NA,43.7972,temperate,neutral,green algae,38.92174449622782,5.788703660531697e-5,1,60,9.647839434219496e-7,9.647839434219496e-7,-13.85136165,-1.165527335,8.251008352,2.547608481,-0.500439541,,,
16,lechowiczadams1974,lechowiczadams1974,figure 5a,pop,cladonia,rangiferina,30,C,net photosynthesis,2.095061641,mg CO2 * g^-1 * hr^-1,mg_co2,g,hr,NA,NA,NA,T,lab,NA,NA,season,summer,1135,1135,umol * m^-2 * s^-1,NA,43.7972,temperate,neutral,green algae,38.27978928434875,4.760421815496478e-5,1,60,7.934036359160797e-7,7.934036359160797e-7,-14.04693375,-1.807482547,13.25100835,2.095061641,-0.600517319,,,
16,lechowiczadams1974,lechowiczadams1974,figure 5a,pop,cladonia,rangiferina,35,C,net photosynthesis,1.264274113,mg CO2 * g^-1 * hr^-1,mg_co2,g,hr,NA,NA,NA,T,lab,NA,NA,season,summer,1135,1135,umol * m^-2 * s^-1,NA,43.7972,temperate,neutral,green algae,37.65866662842876,2.8726973710520334e-5,1,60,4.787828951753389e-7,4.787828951753389e-7,-14.55201859,-2.428605203,18.25100835,1.264274113,-0.785858732,,,
17,lechowiczadams1974,lechowiczadams1974,figure 5a,pop,cladonia,mitis,5,C,net photosynthesis,0.258345241,mg CO2 * g^-1 * hr^-1,mg_co2,g,hr,NA,NA,NA,T,lab,NA,NA,season,summer,1135,1135,umol * m^-2 * s^-1,NA,43.7972,temperate,neutral,green algae,41.720359955241136,5.8701486253124285e-6,1,60,9.783581042187381e-8,9.783581042187381e-8,-16.13997517,1.633088124,-11.74899165,0.258345241,-0.263008049,,,
17,lechowiczadams1974,lechowiczadams1974,figure 5a,pop,cladonia,mitis,10,C,net photosynthesis,0.764322928,mg CO2 * g^-1 * hr^-1,mg_co2,g,hr,NA,NA,NA,T,lab,NA,NA,season,summer,1135,1135,umol * m^-2 * s^-1,NA,43.7972,temperate,neutral,green algae,40.98364161,1.7367028584412633e-5,1,60,2.894504764068772e-7,2.894504764068772e-7,-15.05528162,0.896369778,-6.748991648,0.764322928,-0.174401736,,,
17,lechowiczadams1974,lechowiczadams1974,figure 5a,pop,cladonia,mitis,15,C,net photosynthesis,1.346284249,mg CO2 * g^-1 * hr^-1,mg_co2,g,hr,NA,NA,NA,T,lab,NA,NA,season,summer,1135,1135,umol * m^-2 * s^-1,NA,43.7972,temperate,neutral,green algae,40.27249044438772,3.059041692797092e-5,1,60,5.098402821328486e-7,5.098402821328486e-7,-14.48916833,0.185218613,-1.748991648,1.346284249,-0.204688433,,,
17,lechowiczadams1974,lechowiczadams1974,figure 5a,pop,cladonia,mitis,17,C,net photosynthesis,1.624373164,mg CO2 * g^-1 * hr^-1,mg_co2,g,hr,NA,NA,NA,T,lab,NA,NA,season,summer,1135,1135,umol * m^-2 * s^-1,NA,43.7972,temperate,neutral,green algae,39.99489271601007,3.690918345830493e-5,1,60,6.151530576384155e-7,6.151530576384155e-7,-14.30139473,-0.092379115,0.251008352,1.624373164,-0.266401375,,,
17,lechowiczadams1974,lechowiczadams1974,figure 5a,pop,cladonia,mitis,20,C,net photosynthesis,1.902710595,mg CO2 * g^-1 * hr^-1,mg_co2,g,hr,NA,NA,NA,T,lab,NA,NA,season,summer,1135,1135,umol * m^-2 * s^-1,NA,43.7972,temperate,neutral,green algae,39.58559823145258,4.323359679618269e-5,1,60,7.205599466030448e-7,7.205599466030448e-7,-14.14323722,-0.5016736,3.251008352,1.902710595,-0.346119201,,,
17,lechowiczadams1974,lechowiczadams1974,figure 5a,pop,cladonia,mitis,23,C,net photosynthesis,2.117925073,mg CO2 * g^-1 * hr^-1,mg_co2,g,hr,NA,NA,NA,T,lab,NA,NA,season,summer,1135,1135,umol * m^-2 * s^-1,NA,43.7972,temperate,neutral,green algae,39.18459605453426,4.812372354010452e-5,1,60,8.02062059001742e-7,8.02062059001742e-7,-14.03607985,-0.902675777,6.251008352,2.117925073,-0.361325857,,,
17,lechowiczadams1974,lechowiczadams1974,figure 5a,pop,cladonia,mitis,25,C,net photosynthesis,2.244792268,mg CO2 * g^-1 * hr^-1,mg_co2,g,hr,NA,NA,NA,T,lab,NA,NA,season,summer,1135,1135,umol * m^-2 * s^-1,NA,43.7972,temperate,neutral,green algae,38.92174449622782,5.1006413724153595e-5,1,60,8.5010689540256e-7,8.5010689540256e-7,-13.97790374,-1.165527335,8.251008352,2.244792268,-0.420392512,,,
17,lechowiczadams1974,lechowiczadams1974,figure 5a,pop,cladonia,mitis,31,C,net photosynthesis,2.13320878,mg CO2 * g^-1 * hr^-1,mg_co2,g,hr,NA,NA,NA,T,lab,NA,NA,season,summer,1135,1135,umol * m^-2 * s^-1,NA,43.7972,temperate,neutral,green algae,38.15393102597508,4.84710015905476e-5,1,60,8.078500265091267e-7,8.078500265091267e-7,-14.02888941,-1.933340805,14.25100835,2.13320878,-0.616116487,,,
17,lechowiczadams1974,lechowiczadams1974,figure 5a,pop,cladonia,mitis,35,C,net photosynthesis,1.629840506,mg CO2 * g^-1 * hr^-1,mg_co2,g,hr,NA,NA,NA,T,lab,NA,NA,season,summer,1135,1135,umol * m^-2 * s^-1,NA,43.7972,temperate,neutral,green algae,37.65866662842876,3.7033412997046124e-5,1,60,6.172235499507687e-7,6.172235499507687e-7,-14.29803456,-2.428605203,18.25100835,1.629840506,-0.765144253,,,
1,macfarlane1983,macfarlane1983,figure 1,pop,cladonia,rangiferina,5,C,gas exchange,1.84962406,mg CO2 * g^-1 * hr^-1,mg_co2,g,hr,NA,NA,NA,T,lab,NA,NA,storage,april_0,600,600,uE m^-2 s^-1,NA,45.1166,temperate,neutral,green algae,41.720359955241136,4.202735878209498e-5,1,60,7.00455979701583e-7,7.00455979701583e-7,-14.17153431,1.633088124,-11.74899165,1.84962406,-0.219109866,,,
1,macfarlane1983,macfarlane1983,figure 1,pop,cladonia,rangiferina,15,C,gas exchange,2.209916684,mg CO2 * g^-1 * hr^-1,mg_co2,g,hr,NA,NA,NA,T,lab,NA,NA,storage,april_0,600,600,uE m^-2 s^-1,NA,45.1166,temperate,neutral,green algae,40.27249044438772,5.021396691660986e-5,1,60,8.368994486101643e-7,8.368994486101643e-7,-13.99356191,0.185218613,-1.748991648,2.209916684,-0.296711277,,,
1,macfarlane1983,macfarlane1983,figure 1,pop,cladonia,rangiferina,25,C,gas exchange,3.028652713,mg CO2 * g^-1 * hr^-1,mg_co2,g,hr,NA,NA,NA,T,lab,NA,NA,storage,april_0,600,600,uE m^-2 s^-1,NA,45.1166,temperate,neutral,green algae,38.92174449622782,6.881737589184276e-5,1,60,1.146956264864046e-6,1.146956264864046e-6,-13.67839885,-1.165527335,8.251008352,3.028652713,-0.873119618,,,
1,macfarlane1983,macfarlane1983,figure 1,pop,cladonia,rangiferina,35,C,gas exchange,0.787644788,mg CO2 * g^-1 * hr^-1,mg_co2,g,hr,NA,NA,NA,T,lab,NA,NA,storage,april_0,600,600,uE m^-2 s^-1,NA,45.1166,temperate,neutral,green algae,37.65866662842876,1.789695042035901e-5,1,60,2.9828250700598353e-7,2.9828250700598353e-7,-15.02522479,-2.428605203,18.25100835,0.787644788,-1.002178649,,,
3,macfarlane1983,macfarlane1983,figure 1,pop,cladonia,rangiferina,5,C,gas exchange,1.049786629,mg CO2 * g^-1 * hr^-1,mg_co2,g,hr,NA,NA,NA,T,lab,NA,NA,storage,april_15,600,600,uE m^-2 s^-1,NA,45.1166,temperate,neutral,green algae,41.720359955241136,2.385336580322654e-5,1,60,3.9755609672044233e-7,3.9755609672044233e-7,-14.73792979,1.633088124,-11.74899165,1.049786629,-0.624131134,,,
3,macfarlane1983,macfarlane1983,figure 1,pop,cladonia,rangiferina,15,C,gas exchange,3.009754115,mg CO2 * g^-1 * hr^-1,mg_co2,g,hr,NA,NA,NA,T,lab,NA,NA,storage,april_15,600,600,uE m^-2 s^-1,NA,45.1166,temperate,neutral,green algae,40.27249044438772,6.83879598954783e-5,1,60,1.139799331591305e-6,1.139799331591305e-6,-13.68465834,0.185218613,-1.748991648,3.009754115,-0.549849569,,,
3,macfarlane1983,macfarlane1983,figure 1,pop,cladonia,rangiferina,25,C,gas exchange,3.079252185,mg CO2 * g^-1 * hr^-1,mg_co2,g,hr,NA,NA,NA,T,lab,NA,NA,storage,april_15,600,600,uE m^-2 s^-1,NA,45.1166,temperate,neutral,green algae,38.92174449622782,6.996710259032038e-5,1,60,1.1661183765053398e-6,1.1661183765053398e-6,-13.66182995,-1.165527335,8.251008352,3.079252185,-0.925822181,,,
5,macfarlane1983,macfarlane1983,figure 1,pop,cladonia,rangiferina,5,C,gas exchange,2.048973786,mg CO2 * g^-1 * hr^-1,mg_co2,g,hr,NA,NA,NA,T,lab,NA,NA,storage,may_15,600,600,uE m^-2 s^-1,NA,45.1166,temperate,neutral,green algae,41.720359955241136,4.6557004907975456e-5,1,60,7.759500817995909e-7,7.759500817995909e-7,-14.06917765,1.633088124,-11.74899165,2.048973786,-0.471003216,,,
5,macfarlane1983,macfarlane1983,figure 1,pop,cladonia,rangiferina,25,C,gas exchange,4.578947368,mg CO2 * g^-1 * hr^-1,mg_co2,g,hr,NA,NA,NA,T,lab,NA,NA,storage,may_15,600,600,uE m^-2 s^-1,NA,45.1166,temperate,neutral,green algae,38.92174449622782,1.0404333942285844e-4,1,60,1.7340556570476405e-6,1.7340556570476405e-6,-13.26504758,-1.165527335,8.251008352,4.578947368,-1.07438531,,,
5,macfarlane1983,macfarlane1983,figure 1,pop,cladonia,rangiferina,35,C,gas exchange,2.888437309,mg CO2 * g^-1 * hr^-1,mg_co2,g,hr,NA,NA,NA,T,lab,NA,NA,storage,may_15,600,600,uE m^-2 s^-1,NA,45.1166,temperate,neutral,green algae,37.65866662842876,6.563138625312429e-5,1,60,1.0938564375520714e-6,1.0938564375520714e-6,-13.72580109,-2.428605203,18.25100835,2.888437309,-1.60929557,,,
7,macfarlane1983,macfarlane1983,figure 1,pop,cladonia,rangiferina,25,C,gas exchange,5.778703516,mg CO2 * g^-1 * hr^-1,mg_co2,g,hr,NA,NA,NA,T,lab,NA,NA,storage,july_20,600,600,uE m^-2 s^-1,NA,45.1166,temperate,neutral,green algae,38.92174449622782,1.3130432892524428e-4,1,60,2.1884054820874048e-6,2.1884054820874048e-6,-13.03233737,-1.165527335,8.251008352,5.778703516,-0.974789916,,,
9,macfarlane1983,macfarlane1983,figure 1,pop,cladonia,rangiferina,15,C,gas exchange,4.66002845,mg CO2 * g^-1 * hr^-1,mg_co2,g,hr,NA,NA,NA,T,lab,NA,NA,storage,august_15,600,600,uE m^-2 s^-1,NA,45.1166,temperate,neutral,green algae,40.27249044438772,1.0588567257441491e-4,1,60,1.764761209573582e-6,1.764761209573582e-6,-13.24749517,0.185218613,-1.748991648,4.66002845,-0.702562506,,,
9,macfarlane1983,macfarlane1983,figure 1,pop,cladonia,rangiferina,25,C,gas exchange,3.580979476,mg CO2 * g^-1 * hr^-1,mg_co2,g,hr,NA,NA,NA,T,lab,NA,NA,storage,august_15,600,600,uE m^-2 s^-1,NA,45.1166,temperate,neutral,green algae,38.92174449622782,8.136740458986593e-5,1,60,1.356123409831099e-6,1.356123409831099e-6,-13.51088036,-1.165527335,8.251008352,3.580979476,-1.127917834,,,
9,macfarlane1983,macfarlane1983,figure 1,pop,cladonia,rangiferina,35,C,gas exchange,2.063300142,mg CO2 * g^-1 * hr^-1,mg_co2,g,hr,NA,NA,NA,T,lab,NA,NA,storage,august_15,600,600,uE m^-2 s^-1,NA,45.1166,temperate,neutral,green algae,37.65866662842876,4.6882529925017045e-5,1,60,7.813754987502841e-7,7.813754987502841e-7,-14.06221001,-2.428605203,18.25100835,2.063300142,-1.254901961,,,
11,macfarlane1983,macfarlane1983,figure 2,pop,cladonia,rangiferina,5,C,gas exchange,1.379310345,mg CO2 * g^-1 * hr^-1,mg_co2,g,hr,NA,NA,NA,T,lab,NA,NA,storage,april_0,600,600,uE m^-2 s^-1,NA,45.1166,temperate,neutral,green algae,41.720359955241136,3.134083946830266e-5,1,60,5.22347324471711e-7,5.22347324471711e-7,-14.4649331,1.633088124,-11.74899165,1.379310345,-0.433582972,,,
11,macfarlane1983,macfarlane1983,figure 2,pop,cladonia,rangiferina,15,C,gas exchange,1.75862069,mg CO2 * g^-1 * hr^-1,mg_co2,g,hr,NA,NA,NA,T,lab,NA,NA,storage,april_0,600,600,uE m^-2 s^-1,NA,45.1166,temperate,neutral,green algae,40.27249044438772,3.9959570324926156e-5,1,60,6.659928387487693e-7,6.659928387487693e-7,-14.22198692,0.185218613,-1.748991648,1.75862069,-1.159637367,,,
11,macfarlane1983,macfarlane1983,figure 2,pop,cladonia,rangiferina,25,C,gas exchange,3.24137931,mg CO2 * g^-1 * hr^-1,mg_co2,g,hr,NA,NA,NA,T,lab,NA,NA,storage,april_0,600,600,uE m^-2 s^-1,NA,45.1166,temperate,neutral,green algae,38.92174449622782,7.365097273346966e-5,1,60,1.2275162122244943e-6,1.2275162122244943e-6,-13.61051777,-1.165527335,8.251008352,3.24137931,-0.69964525,,,
11,macfarlane1983,macfarlane1983,figure 2,pop,cladonia,rangiferina,35,C,gas exchange,2.896551724,mg CO2 * g^-1 * hr^-1,mg_co2,g,hr,NA,NA,NA,T,lab,NA,NA,storage,april_0,600,600,uE m^-2 s^-1,NA,45.1166,temperate,neutral,green algae,37.65866662842876,6.581576287207453e-5,1,60,1.096929381201242e-6,1.096929381201242e-6,-13.72299575,-2.428605203,18.25100835,2.896551724,-1.419392984,,,
13,macfarlane1983,macfarlane1983,figure 2,pop,cladonia,rangiferina,5,C,gas exchange,2.413793103,mg CO2 * g^-1 * hr^-1,mg_co2,g,hr,NA,NA,NA,T,lab,NA,NA,storage,april_15,600,600,uE m^-2 s^-1,NA,45.1166,temperate,neutral,green algae,41.720359955241136,5.4846469052488076e-5,1,60,9.14107817541468e-7,9.14107817541468e-7,-13.90531731,1.633088124,-11.74899165,2.413793103,-0.503350414,,,
13,macfarlane1983,macfarlane1983,figure 2,pop,cladonia,rangiferina,15,C,gas exchange,1.896551724,mg CO2 * g^-1 * hr^-1,mg_co2,g,hr,NA,NA,NA,T,lab,NA,NA,storage,april_15,600,600,uE m^-2 s^-1,NA,45.1166,temperate,neutral,green algae,40.27249044438772,4.309365426039537e-5,1,60,7.182275710065895e-7,7.182275710065895e-7,-14.14647937,0.185218613,-1.748991648,1.896551724,-0.401655499,,,
13,macfarlane1983,macfarlane1983,figure 2,pop,cladonia,rangiferina,25,C,gas exchange,2.689655172,mg CO2 * g^-1 * hr^-1,mg_co2,g,hr,NA,NA,NA,T,lab,NA,NA,storage,april_15,600,600,uE m^-2 s^-1,NA,45.1166,temperate,neutral,green algae,38.92174449622782,6.11146369461486e-5,1,60,1.01857728243581e-6,1.01857728243581e-6,-13.79710373,-1.165527335,8.251008352,2.689655172,-0.630666141,,,
13,macfarlane1983,macfarlane1983,figure 2,pop,cladonia,rangiferina,35,C,gas exchange,1.448275862,mg CO2 * g^-1 * hr^-1,mg_co2,g,hr,NA,NA,NA,T,lab,NA,NA,storage,april_15,600,600,uE m^-2 s^-1,NA,45.1166,temperate,neutral,green algae,37.65866662842876,3.2907881436037266e-5,1,60,5.48464690600621e-7,5.48464690600621e-7,-14.41614293,-2.428605203,18.25100835,1.448275862,-1.177966102,,,
15,macfarlane1983,macfarlane1983,figure 2,pop,cladonia,rangiferina,5,C,gas exchange,3.034482759,mg CO2 * g^-1 * hr^-1,mg_co2,g,hr,NA,NA,NA,T,lab,NA,NA,storage,may_15,600,600,uE m^-2 s^-1,NA,45.1166,temperate,neutral,green algae,41.720359955241136,6.894984683026584e-5,1,60,1.149164113837764e-6,1.149164113837764e-6,-13.67647574,1.633088124,-11.74899165,3.034482759,-0.434371305,,,
15,macfarlane1983,macfarlane1983,figure 2,pop,cladonia,rangiferina,15,C,gas exchange,4.068965517,mg CO2 * g^-1 * hr^-1,mg_co2,g,hr,NA,NA,NA,T,lab,NA,NA,storage,may_15,600,600,uE m^-2 s^-1,NA,45.1166,temperate,neutral,green algae,40.27249044438772,9.245547641445125e-5,1,60,1.5409246069075207e-6,1.5409246069075207e-6,-13.38312793,0.185218613,-1.748991648,4.068965517,-0.26369728,,,
15,macfarlane1983,macfarlane1983,figure 2,pop,cladonia,rangiferina,25,C,gas exchange,7.172413793,mg CO2 * g^-1 * hr^-1,mg_co2,g,hr,NA,NA,NA,T,lab,NA,NA,storage,may_15,600,600,uE m^-2 s^-1,NA,45.1166,temperate,neutral,green algae,38.92174449622782,1.629723652124517e-4,1,60,2.716206086874195e-6,2.716206086874195e-6,-12.81627447,-1.165527335,8.251008352,7.172413793,-0.837603469,,,
15,macfarlane1983,macfarlane1983,figure 2,pop,cladonia,rangiferina,35,C,gas exchange,2.896551724,mg CO2 * g^-1 * hr^-1,mg_co2,g,hr,NA,NA,NA,T,lab,NA,NA,storage,may_15,600,600,uE m^-2 s^-1,NA,45.1166,temperate,neutral,green algae,37.65866662842876,6.581576287207453e-5,1,60,1.096929381201242e-6,1.096929381201242e-6,-13.72299575,-2.428605203,18.25100835,2.896551724,-1.005518329,,,
17,macfarlane1983,macfarlane1983,figure 2,pop,cladonia,rangiferina,15,C,gas exchange,8.275862069,mg CO2 * g^-1 * hr^-1,mg_co2,g,hr,NA,NA,NA,T,lab,NA,NA,storage,july_20,600,600,uE m^-2 s^-1,NA,45.1166,temperate,neutral,green algae,40.27249044438772,1.8804503678709384e-4,1,60,3.134083946451564e-6,3.134083946451564e-6,-12.67317363,0.185218613,-1.748991648,8.275862069,-0.470634608,,,
17,macfarlane1983,macfarlane1983,figure 2,pop,cladonia,rangiferina,25,C,gas exchange,5.448275862,mg CO2 * g^-1 * hr^-1,mg_co2,g,hr,NA,NA,NA,T,lab,NA,NA,storage,july_20,600,600,uE m^-2 s^-1,NA,45.1166,temperate,neutral,green algae,38.92174449622782,1.2379631588275392e-4,1,60,2.063271931379232e-6,2.063271931379232e-6,-13.09121752,-1.165527335,8.251008352,5.448275862,-0.698068585,,,
17,macfarlane1983,macfarlane1983,figure 2,pop,cladonia,rangiferina,35,C,gas exchange,5.862068966,mg CO2 * g^-1 * hr^-1,mg_co2,g,hr,NA,NA,NA,T,lab,NA,NA,storage,july_20,600,600,uE m^-2 s^-1,NA,45.1166,temperate,neutral,green algae,37.65866662842876,1.3319856773460575e-4,1,60,2.219976128910096e-6,2.219976128910096e-6,-13.01801411,-2.428605203,18.25100835,5.862068966,-1.901458415,,,
19,macfarlane1983,macfarlane1983,figure 2,pop,cladonia,rangiferina,5,C,gas exchange,2.827586207,mg CO2 * g^-1 * hr^-1,mg_co2,g,hr,NA,NA,NA,T,lab,NA,NA,storage,august_15,600,600,uE m^-2 s^-1,NA,45.1166,temperate,neutral,green algae,41.720359955241136,6.424872090433993e-5,1,60,1.070812015072332e-6,1.070812015072332e-6,-13.7470933,1.633088124,-11.74899165,2.827586207,-0.43594797,,,
19,macfarlane1983,macfarlane1983,figure 2,pop,cladonia,rangiferina,15,C,gas exchange,5.034482759,mg CO2 * g^-1 * hr^-1,mg_co2,g,hr,NA,NA,NA,T,lab,NA,NA,storage,august_15,600,600,uE m^-2 s^-1,NA,45.1166,temperate,neutral,green algae,40.27249044438772,1.1439406405362418e-4,1,60,1.9065677342270698e-6,1.9065677342270698e-6,-13.17020593,0.185218613,-1.748991648,5.034482759,-0.677571935,,,
19,macfarlane1983,macfarlane1983,figure 2,pop,cladonia,rangiferina,25,C,gas exchange,6.689655172,mg CO2 * g^-1 * hr^-1,mg_co2,g,hr,NA,NA,NA,T,lab,NA,NA,storage,august_15,600,600,uE m^-2 s^-1,NA,45.1166,temperate,neutral,green algae,38.92174449622782,1.5200307139286525e-4,1,60,2.533384523214421e-6,2.533384523214421e-6,-12.88595439,-1.165527335,8.251008352,6.689655172,-0.62751281,,,
19,macfarlane1983,macfarlane1983,figure 2,pop,cladonia,rangiferina,35,C,gas exchange,3.793103448,mg CO2 * g^-1 * hr^-1,mg_co2,g,hr,NA,NA,NA,T,lab,NA,NA,storage,august_15,600,600,uE m^-2 s^-1,NA,45.1166,temperate,neutral,green algae,37.65866662842876,8.618730852079074e-5,1,60,1.436455142013179e-6,1.436455142013179e-6,-13.45333219,-2.428605203,18.25100835,3.793103448,-1.55656287,,,
1,sanchokappen1989,sanchokappen1989,figure 1a,pop,umbilicaria,decussata,-5,C,CO2 exchange,0.074813308,mg CO2 * G (dry weight)^-1 * hr^-1,mg_co2,g,hr,NA,NA,NA,T,lab,NA,NA,NA,NA,620,620,uE m^-2 s^-1,2220-2320,40.2997,temperate,high,green algae,43.276218987694655,1.6999161099750056e-6,1,60,2.8331935166250092e-8,2.8331935166250092e-8,-17.37927622,3.188947157,-21.74899165,0.074813308,-0.04813289,,,
1,sanchokappen1989,sanchokappen1989,figure 1a,pop,umbilicaria,decussata,-3,C,CO2 exchange,0.195558266,mg CO2 * G (dry weight)^-1 * hr^-1,mg_co2,g,hr,NA,NA,NA,T,lab,NA,NA,NA,NA,620,620,uE m^-2 s^-1,2220-2320,40.2997,temperate,high,green algae,42.955832395152036,4.443496159963645e-6,1,60,7.405826933272742e-8,7.405826933272742e-8,-16.41841363,2.868560564,-19.74899165,0.195558266,-0.00902624,,,
1,sanchokappen1989,sanchokappen1989,figure 1a,pop,umbilicaria,decussata,0,C,CO2 exchange,0.497651561,mg CO2 * G (dry weight)^-1 * hr^-1,mg_co2,g,hr,NA,NA,NA,T,lab,NA,NA,NA,NA,620,620,uE m^-2 s^-1,2220-2320,40.2997,temperate,high,green algae,42.4840495,1.1307692819813679e-5,1,60,1.8846154699689465e-7,1.8846154699689465e-7,-15.48437185,2.396777671,-16.74899165,0.497651561,-0.079796886,,,
1,sanchokappen1989,sanchokappen1989,figure 1a,pop,umbilicaria,decussata,6,C,CO2 exchange,0.766641588,mg CO2 * G (dry weight)^-1 * hr^-1,mg_co2,g,hr,NA,NA,NA,T,lab,NA,NA,NA,NA,620,620,uE m^-2 s^-1,2220-2320,40.2997,temperate,high,green algae,41.570904967043965,1.741971342876619e-5,1,60,2.903285571461032e-7,2.903285571461032e-7,-15.0522526,1.483633136,-10.74899165,0.766641588,-0.159811201,,,
1,sanchokappen1989,sanchokappen1989,figure 1a,pop,umbilicaria,decussata,10,C,CO2 exchange,0.966200186,mg CO2 * G (dry weight)^-1 * hr^-1,mg_co2,g,hr,NA,NA,NA,T,lab,NA,NA,NA,NA,620,620,uE m^-2 s^-1,2220-2320,40.2997,temperate,high,green algae,40.98364161,2.195410556691661e-5,1,60,3.659017594486102e-7,3.659017594486102e-7,-14.82090096,0.896369778,-6.748991648,0.966200186,-0.325981755,,,
1,sanchokappen1989,sanchokappen1989,figure 1a,pop,umbilicaria,decussata,15,C,CO2 exchange,0.914147779,mg CO2 * G (dry weight)^-1 * hr^-1,mg_co2,g,hr,NA,NA,NA,T,lab,NA,NA,NA,NA,620,620,uE m^-2 s^-1,2220-2320,40.2997,temperate,high,green algae,40.27249044438772,2.0771365121563282e-5,1,60,3.4618941869272134e-7,3.4618941869272134e-7,-14.87627976,0.185218613,-1.748991648,0.914147779,-0.396706221,,,
1,sanchokappen1989,sanchokappen1989,figure 1a,pop,umbilicaria,decussata,20,C,CO2 exchange,0.694323917,mg CO2 * G (dry weight)^-1 * hr^-1,mg_co2,g,hr,NA,NA,NA,T,lab,NA,NA,NA,NA,620,620,uE m^-2 s^-1,2220-2320,40.2997,temperate,high,green algae,39.58559823145258,1.577650345376051e-5,1,60,2.629417242293418e-7,2.629417242293418e-7,-15.15133341,-0.5016736,3.251008352,0.694323917,-0.497686196,,,
1,sanchokappen1989,sanchokappen1989,figure 1a,pop,umbilicaria,decussata,24,C,CO2 exchange,0.479410514,mg CO2 * G (dry weight)^-1 * hr^-1,mg_co2,g,hr,NA,NA,NA,T,lab,NA,NA,NA,NA,620,620,uE m^-2 s^-1,2220-2320,40.2997,temperate,high,green algae,39.052727987717724,1.0893217768688934e-5,1,60,1.815536294781489e-7,1.815536294781489e-7,-15.52171475,-1.034543843,7.251008352,0.479410514,-0.754669458,,,
1,sanchokappen1989,sanchokappen1989,figure 1a,pop,umbilicaria,decussata,26,C,CO2 exchange,0.395340067,mg CO2 * G (dry weight)^-1 * hr^-1,mg_co2,g,hr,NA,NA,NA,T,lab,NA,NA,NA,NA,620,620,uE m^-2 s^-1,2220-2320,40.2997,temperate,high,green algae,38.79163670917708,8.982959940922517e-6,1,60,1.497159990153753e-7,1.497159990153753e-7,-15.71452568,-1.295635122,9.251008352,0.395340067,-0.895240972,,,
3,sanchokappen1989,sanchokappen1989,figure 1b,pop,umbilicaria,subglabra,-5,C,CO2 exchange,0.104895105,mg CO2 * G (dry weight)^-1 * hr^-1,mg_co2,g,hr,NA,NA,NA,T,lab,NA,NA,NA,NA,620,620,uE m^-2 s^-1,2220-2320,40.2997,temperate,high,green algae,43.276218987694655,2.38343796864349e-6,1,60,3.972396614405817e-8,3.972396614405817e-8,-17.04131115,3.188947157,-21.74899165,0.104895105,-0.006993007,,,
3,sanchokappen1989,sanchokappen1989,figure 1b,pop,umbilicaria,subglabra,-1,C,CO2 exchange,0.473193473,mg CO2 * G (dry weight)^-1 * hr^-1,mg_co2,g,hr,NA,NA,NA,T,lab,NA,NA,NA,NA,620,620,uE m^-2 s^-1,2220-2320,40.2997,temperate,high,green algae,42.640154773287975,1.075195348784367e-5,1,60,1.791992247973945e-7,1.791992247973945e-7,-15.53476766,2.552882942,-17.74899165,0.473193473,-0.086247086,,,
3,sanchokappen1989,sanchokappen1989,figure 1b,pop,umbilicaria,subglabra,5,C,CO2 exchange,0.743589744,mg CO2 * G (dry weight)^-1 * hr^-1,mg_co2,g,hr,NA,NA,NA,T,lab,NA,NA,NA,NA,620,620,uE m^-2 s^-1,2220-2320,40.2997,temperate,high,green algae,41.720359955241136,1.6895926925698706e-5,1,60,2.8159878209497845e-7,2.8159878209497845e-7,-15.08278254,1.633088124,-11.74899165,0.743589744,-0.146853147,,,
3,sanchokappen1989,sanchokappen1989,figure 1b,pop,umbilicaria,subglabra,10,C,CO2 exchange,0.79020979,mg CO2 * G (dry weight)^-1 * hr^-1,mg_co2,g,hr,NA,NA,NA,T,lab,NA,NA,NA,NA,620,620,uE m^-2 s^-1,2220-2320,40.2997,temperate,high,green algae,40.98364161,1.7955232674392184e-5,1,60,2.992538779065364e-7,2.992538779065364e-7,-15.02197353,0.896369778,-6.748991648,0.79020979,-0.268065268,,,
3,sanchokappen1989,sanchokappen1989,figure 1b,pop,umbilicaria,subglabra,14,C,CO2 exchange,0.748251748,mg CO2 * G (dry weight)^-1 * hr^-1,mg_co2,g,hr,NA,NA,NA,T,lab,NA,NA,NA,NA,620,620,uE m^-2 s^-1,2220-2320,40.2997,temperate,high,green algae,40.41273940989142,1.700185748693479e-5,1,60,2.8336429144891313e-7,2.8336429144891313e-7,-15.07653252,0.325467579,-2.748991648,0.748251748,-0.337995338,,,
3,sanchokappen1989,sanchokappen1989,figure 1b,pop,umbilicaria,subglabra,19,C,CO2 exchange,0.776223776,mg CO2 * G (dry weight)^-1 * hr^-1,mg_co2,g,hr,NA,NA,NA,T,lab,NA,NA,NA,NA,620,620,uE m^-2 s^-1,2220-2320,40.2997,temperate,high,green algae,39.72109574,1.763744094523972e-5,1,60,2.9395734908732866e-7,2.9395734908732866e-7,-15.03983115,-0.366176087,2.251008352,0.776223776,-0.515151515,,,
3,sanchokappen1989,sanchokappen1989,figure 1b,pop,umbilicaria,subglabra,24,C,CO2 exchange,0.524475524,mg CO2 * G (dry weight)^-1 * hr^-1,mg_co2,g,hr,NA,NA,NA,T,lab,NA,NA,NA,NA,620,620,uE m^-2 s^-1,2220-2320,40.2997,temperate,high,green algae,39.052727987717724,1.191718982049534e-5,1,60,1.9861983034158902e-7,1.9861983034158902e-7,-15.43187324,-1.034543843,7.251008352,0.524475524,-0.715617716,,,
3,sanchokappen1989,sanchokappen1989,figure 1b,pop,umbilicaria,subglabra,28,C,CO2 exchange,0.333333333,mg CO2 * G (dry weight)^-1 * hr^-1,mg_co2,g,hr,NA,NA,NA,T,lab,NA,NA,NA,NA,620,620,uE m^-2 s^-1,2220-2320,40.2997,temperate,high,green algae,38.53401335397749,7.574036196319018e-6,1,60,1.2623393660531698e-7,1.2623393660531698e-7,-15.88512901,-1.553258477,11.25100835,0.333333333,-0.925407925,,,
5,sanchokappen1989,sanchokappen1989,figure 1c,pop,umbilicaria,havaasii,-5,C,CO2 exchange,0.085596505,mg CO2 * G (dry weight)^-1 * hr^-1,mg_co2,g,hr,NA,NA,NA,T,lab,NA,NA,NA,NA,620,620,uE m^-2 s^-1,2220-2320,40.2997,temperate,high,green algae,43.276218987694655,1.9449330833901388e-6,1,60,3.241555138983565e-8,3.241555138983565e-8,-17.24462755,3.188947157,-21.74899165,0.085596505,-0.003106865,,,
5,sanchokappen1989,sanchokappen1989,figure 1c,pop,umbilicaria,havaasii,-1,C,CO2 exchange,0.222989936,mg CO2 * G (dry weight)^-1 * hr^-1,mg_co2,g,hr,NA,NA,NA,T,lab,NA,NA,NA,NA,620,620,uE m^-2 s^-1,2220-2320,40.2997,temperate,high,green algae,42.640154773287975,5.066801545103386e-6,1,60,8.444669241838976e-8,8.444669241838976e-8,-16.28714536,2.552882942,-17.74899165,0.222989936,-0.038159561,,,
5,sanchokappen1989,sanchokappen1989,figure 1c,pop,umbilicaria,havaasii,9,C,CO2 exchange,0.33015301,mg CO2 * G (dry weight)^-1 * hr^-1,mg_co2,g,hr,NA,NA,NA,T,lab,NA,NA,NA,NA,620,620,uE m^-2 s^-1,2220-2320,40.2997,temperate,high,green algae,41.12889640811739,7.5017725516927975e-6,1,60,1.250295425282133e-7,1.250295425282133e-7,-15.89471579,1.041624577,-7.748991648,0.33015301,-0.266002083,,,
5,sanchokappen1989,sanchokappen1989,figure 1c,pop,umbilicaria,havaasii,14,C,CO2 exchange,0.373865173,mg CO2 * G (dry weight)^-1 * hr^-1,mg_co2,g,hr,NA,NA,NA,T,lab,NA,NA,NA,NA,620,620,uE m^-2 s^-1,2220-2320,40.2997,temperate,high,green algae,40.41273940989142,8.49500506703022e-6,1,60,1.41583417783837e-7,1.41583417783837e-7,-15.77037677,0.325467579,-2.748991648,0.373865173,-0.365127926,,,
5,sanchokappen1989,sanchokappen1989,figure 1c,pop,umbilicaria,havaasii,19,C,CO2 exchange,0.314164971,mg CO2 * G (dry weight)^-1 * hr^-1,mg_co2,g,hr,NA,NA,NA,T,lab,NA,NA,NA,NA,620,620,uE m^-2 s^-1,2220-2320,40.2997,temperate,high,green algae,39.72109574,7.138490593047035e-6,1,60,1.189748432174506e-7,1.189748432174506e-7,-15.94435377,-0.366176087,2.251008352,0.314164971,-0.538179006,,,
5,sanchokappen1989,sanchokappen1989,figure 1c,pop,umbilicaria,havaasii,24,C,CO2 exchange,0.1805741,mg CO2 * G (dry weight)^-1 * hr^-1,mg_co2,g,hr,NA,NA,NA,T,lab,NA,NA,NA,NA,620,620,uE m^-2 s^-1,2220-2320,40.2997,temperate,high,green algae,39.052727987717724,4.103024312656214e-6,1,60,6.838373854427023e-8,6.838373854427023e-8,-16.49813078,-1.034543843,7.251008352,0.1805741,-0.812179429,,,
7,sanchokappen1989,sanchokappen1989,figure 1d,pop,umbilicaria,cinereorufescens,-4,C,CO2 exchange,0.018517387,mg CO2 * G (dry weight)^-1 * hr^-1,mg_co2,g,hr,NA,NA,NA,T,lab,NA,NA,NA,NA,620,620,uE m^-2 s^-1,2220-2320,40.2997,temperate,high,green algae,43.11543050919681,4.2075407861849576e-7,1,60,7.012567976974929e-9,7.012567976974929e-9,-18.77556187,3.028158678,-20.74899165,0.018517387,-0.011099961,,,
7,sanchokappen1989,sanchokappen1989,figure 1d,pop,umbilicaria,cinereorufescens,0,C,CO2 exchange,0.062637986,mg CO2 * G (dry weight)^-1 * hr^-1,mg_co2,g,hr,NA,NA,NA,T,lab,NA,NA,NA,NA,620,620,uE m^-2 s^-1,2220-2320,40.2997,temperate,high,green algae,42.4840495,1.4232671211088391e-6,1,60,2.3721118685147318e-8,2.3721118685147318e-8,-17.5569001,2.396777671,-16.74899165,0.062637986,-0.041520136,,,
7,sanchokappen1989,sanchokappen1989,figure 1d,pop,umbilicaria,cinereorufescens,6,C,CO2 exchange,0.096531262,mg CO2 * G (dry weight)^-1 * hr^-1,mg_co2,g,hr,NA,NA,NA,T,lab,NA,NA,NA,NA,620,620,uE m^-2 s^-1,2220-2320,40.2997,temperate,high,green algae,41.570904967043965,2.193393819586458e-6,1,60,3.6556563659774295e-8,3.6556563659774295e-8,-17.12440509,1.483633136,-10.74899165,0.096531262,-0.0718705,,,
7,sanchokappen1989,sanchokappen1989,figure 1d,pop,umbilicaria,cinereorufescens,11,C,CO2 exchange,0.091016187,mg CO2 * G (dry weight)^-1 * hr^-1,mg_co2,g,hr,NA,NA,NA,T,lab,NA,NA,NA,NA,620,620,uE m^-2 s^-1,2220-2320,40.2997,temperate,high,green algae,40.839409190745464,2.068079686434901e-6,1,60,3.446799477391502e-8,3.446799477391502e-8,-17.18323463,0.75213736,-5.748991648,0.091016187,-0.092307692,,,
7,sanchokappen1989,sanchokappen1989,figure 1d,pop,umbilicaria,cinereorufescens,16,C,CO2 exchange,0.080387451,mg CO2 * G (dry weight)^-1 * hr^-1,mg_co2,g,hr,NA,NA,NA,T,lab,NA,NA,NA,NA,620,620,uE m^-2 s^-1,2220-2320,40.2997,temperate,high,green algae,40.13321156,1.8265723926380367e-6,1,60,3.0442873210633945e-8,3.0442873210633945e-8,-17.30741392,0.045939725,-0.748991648,0.080387451,-0.137545268,,,
7,sanchokappen1989,sanchokappen1989,figure 1d,pop,umbilicaria,cinereorufescens,20,C,CO2 exchange,0.040228631,mg CO2 * G (dry weight)^-1 * hr^-1,mg_co2,g,hr,NA,NA,NA,T,lab,NA,NA,NA,NA,620,620,uE m^-2 s^-1,2220-2320,40.2997,temperate,high,green algae,39.58559823145258,9.140793228811634e-7,1,60,1.5234655381352725e-8,1.5234655381352725e-8,-17.99969304,-0.5016736,3.251008352,0.040228631,-0.182730486,,,
7,sanchokappen1989,sanchokappen1989,figure 1d,pop,umbilicaria,cinereorufescens,25,C,CO2 exchange,0.024782931,mg CO2 * G (dry weight)^-1 * hr^-1,mg_co2,g,hr,NA,NA,NA,T,lab,NA,NA,NA,NA,620,620,uE m^-2 s^-1,2220-2320,40.2997,temperate,high,green algae,38.92174449622782,5.631204498977505e-7,1,60,9.385340831629175e-9,9.385340831629175e-9,-18.48411685,-1.165527335,8.251008352,0.024782931,-0.232977006,,,
7,sanchokappen1989,sanchokappen1989,figure 1d,pop,umbilicaria,cinereorufescens,31,C,CO2 exchange,-0.075064357,mg CO2 * G (dry weight)^-1 * hr^-1,mg_co2,g,hr,NA,NA,NA,T,lab,NA,NA,NA,NA,620,620,uE m^-2 s^-1,2220-2320,40.2997,temperate,high,green algae,38.15393102597508,-1.71E-06,1,60,-2.84E-08,2.842700787699765e-8,-17.37592616,-1.933340805,14.25100835,-0.075064357,-0.288057943,,,
9,sanchokappen1989,sanchokappen1989,figure 2a,pop,lasallia,pustulata,0,C,CO2 exchange,0.525909592,mg CO2 * G (dry weight)^-1 * hr^-1,mg_co2,g,hr,NA,NA,NA,T,lab,NA,NA,NA,NA,620,620,uE m^-2 s^-1,1130,40.5926,temperate,high,green algae,42.4840495,1.1949774869347875e-5,1,60,1.9916291448913125e-7,1.9916291448913125e-7,-15.42914268,2.396777671,-16.74899165,0.525909592,-0.078280044,,,
9,sanchokappen1989,sanchokappen1989,figure 2a,pop,lasallia,pustulata,5,C,CO2 exchange,0.944873208,mg CO2 * G (dry weight)^-1 * hr^-1,mg_co2,g,hr,NA,NA,NA,T,lab,NA,NA,NA,NA,620,620,uE m^-2 s^-1,1130,40.5926,temperate,high,green algae,41.720359955241136,2.1469511656441717e-5,1,60,3.578251942740286e-7,3.578251942740286e-7,-14.84322125,1.633088124,-11.74899165,0.944873208,-0.162072767,,,
9,sanchokappen1989,sanchokappen1989,figure 2a,pop,lasallia,pustulata,11,C,CO2 exchange,1.218302095,mg CO2 * G (dry weight)^-1 * hr^-1,mg_co2,g,hr,NA,NA,NA,T,lab,NA,NA,NA,NA,620,620,uE m^-2 s^-1,1130,40.5926,temperate,high,green algae,40.839409190745464,2.768239252442627e-5,1,60,4.613732087404378e-7,4.613732087404378e-7,-14.58905856,0.75213736,-5.748991648,1.218302095,-0.276736494,,,
9,sanchokappen1989,sanchokappen1989,figure 2a,pop,lasallia,pustulata,15,C,CO2 exchange,1.196251378,mg CO2 * G (dry weight)^-1 * hr^-1,mg_co2,g,hr,NA,NA,NA,T,lab,NA,NA,NA,NA,620,620,uE m^-2 s^-1,1130,40.5926,temperate,high,green algae,40.27249044438772,2.7181353737786865e-5,1,60,4.5302256229644776e-7,4.5302256229644776e-7,-14.60732391,0.185218613,-1.748991648,1.196251378,-0.422271224,,,
9,sanchokappen1989,sanchokappen1989,figure 2a,pop,lasallia,pustulata,20,C,CO2 exchange,1.280044101,mg CO2 * G (dry weight)^-1 * hr^-1,mg_co2,g,hr,NA,NA,NA,T,lab,NA,NA,NA,NA,620,620,uE m^-2 s^-1,1130,40.5926,temperate,high,green algae,39.58559823145258,2.9085301090661216e-5,1,60,4.84755018177687e-7,4.84755018177687e-7,-14.53962219,-0.5016736,3.251008352,1.280044101,-0.607497244,,,
9,sanchokappen1989,sanchokappen1989,figure 2a,pop,lasallia,pustulata,25,C,CO2 exchange,1.055126792,mg CO2 * G (dry weight)^-1 * hr^-1,mg_co2,g,hr,NA,NA,NA,T,lab,NA,NA,NA,NA,620,620,uE m^-2 s^-1,1130,40.5926,temperate,high,green algae,38.92174449622782,2.397470556691661e-5,1,60,3.9957842611527683e-7,3.9957842611527683e-7,-14.73285578,-1.165527335,8.251008352,1.055126792,-0.805953693,,,
11,sanchokappen1989,sanchokappen1989,figure 2b,pop,lasallia,hispanica,0,C,CO2 exchange,0.469298246,mg CO2 * G (dry weight)^-1 * hr^-1,mg_co2,g,hr,NA,NA,NA,T,lab,NA,NA,NA,NA,620,620,uE m^-2 s^-1,1130,40.5926,temperate,high,green algae,42.4840495,1.0663445716882527e-5,1,60,1.7772409528137544e-7,1.7772409528137544e-7,-15.54303352,2.396777671,-16.74899165,0.469298246,-0.100877193,,,
11,sanchokappen1989,sanchokappen1989,figure 2b,pop,lasallia,hispanica,6,C,CO2 exchange,0.706140351,mg CO2 * G (dry weight)^-1 * hr^-1,mg_co2,g,hr,NA,NA,NA,T,lab,NA,NA,NA,NA,620,620,uE m^-2 s^-1,1130,40.5926,temperate,high,green algae,41.570904967043965,1.6044997750511247e-5,1,60,2.674166291751875e-7,2.674166291751875e-7,-15.13445799,1.483633136,-10.74899165,0.706140351,-0.184210526,,,
11,sanchokappen1989,sanchokappen1989,figure 2b,pop,lasallia,hispanica,10,C,CO2 exchange,0.925438596,mg CO2 * G (dry weight)^-1 * hr^-1,mg_co2,g,hr,NA,NA,NA,T,lab,NA,NA,NA,NA,620,620,uE m^-2 s^-1,1130,40.5926,temperate,high,green algae,40.98364161,2.1027916291751875e-5,1,60,3.504652715291979e-7,3.504652715291979e-7,-14.86400422,0.896369778,-6.748991648,0.925438596,-0.271929825,,,
11,sanchokappen1989,sanchokappen1989,figure 2b,pop,lasallia,hispanica,14,C,CO2 exchange,1.030701754,mg CO2 * G (dry weight)^-1 * hr^-1,mg_co2,g,hr,NA,NA,NA,T,lab,NA,NA,NA,NA,620,620,uE m^-2 s^-1,1130,40.5926,temperate,high,green algae,40.41273940989142,2.3419717200636222e-5,1,60,3.903286200106037e-7,3.903286200106037e-7,-14.75627684,0.325467579,-2.748991648,1.030701754,-0.403508772,,,
11,sanchokappen1989,sanchokappen1989,figure 2b,pop,lasallia,hispanica,20,C,CO2 exchange,1.206140351,mg CO2 * G (dry weight)^-1 * hr^-1,mg_co2,g,hr,NA,NA,NA,T,lab,NA,NA,NA,NA,620,620,uE m^-2 s^-1,1130,40.5926,temperate,high,green algae,39.58559823145258,2.740605205635083e-5,1,60,4.5676753427251383e-7,4.5676753427251383e-7,-14.59909125,-0.5016736,3.251008352,1.206140351,-0.504385965,,,
11,sanchokappen1989,sanchokappen1989,figure 2b,pop,lasallia,hispanica,25,C,CO2 exchange,0.688596491,mg CO2 * G (dry weight)^-1 * hr^-1,mg_co2,g,hr,NA,NA,NA,T,lab,NA,NA,NA,NA,620,620,uE m^-2 s^-1,1130,40.5926,temperate,high,green algae,38.92174449622782,1.564636425812315e-5,1,60,2.6077273763538583e-7,2.6077273763538583e-7,-15.15961655,-1.165527335,8.251008352,0.688596491,-0.785087719,,,
11,sanchokappen1989,sanchokappen1989,figure 2b,pop,lasallia,hispanica,30,C,CO2 exchange,0.052631579,mg CO2 * G (dry weight)^-1 * hr^-1,mg_co2,g,hr,NA,NA,NA,T,lab,NA,NA,NA,NA,620,620,uE m^-2 s^-1,1130,40.5926,temperate,high,green algae,38.27978928434875,1.1959004544421722e-6,1,60,1.993167424070287e-8,1.993167424070287e-8,-17.7309557,-1.807482547,13.25100835,0.052631579,-0.881578947,,,
13,sanchokappen1989,sanchokappen1989,figure 2c,pop,lasallia,spodochroa,0,C,CO2 exchange,0.320739123,mg CO2 * G (dry weight)^-1 * hr^-1,mg_co2,g,hr,NA,NA,NA,T,lab,NA,NA,NA,NA,620,620,uE m^-2 s^-1,1500,40.2997,temperate,high,green algae,42.4840495,7.287869188820723e-6,1,60,1.214644864803454e-7,1.214644864803454e-7,-15.92364391,2.396777671,-16.74899165,0.320739123,-0.096867749,,,
13,sanchokappen1989,sanchokappen1989,figure 2c,pop,lasallia,spodochroa,5,C,CO2 exchange,0.696912485,mg CO2 * G (dry weight)^-1 * hr^-1,mg_co2,g,hr,NA,NA,NA,T,lab,NA,NA,NA,NA,620,620,uE m^-2 s^-1,1500,40.2997,temperate,high,green algae,41.720359955241136,1.5835321177005225e-5,1,60,2.6392201961675377e-7,2.6392201961675377e-7,-15.14761216,1.633088124,-11.74899165,0.696912485,-0.152267868,,,
13,sanchokappen1989,sanchokappen1989,figure 2c,pop,lasallia,spodochroa,10,C,CO2 exchange,0.929257086,mg CO2 * G (dry weight)^-1 * hr^-1,mg_co2,g,hr,NA,NA,NA,T,lab,NA,NA,NA,NA,620,620,uE m^-2 s^-1,1500,40.2997,temperate,high,green algae,40.98364161,2.1114680436264484e-5,1,60,3.5191134060440806e-7,3.5191134060440806e-7,-14.85988657,0.896369778,-6.748991648,0.929257086,-0.281932881,,,
13,sanchokappen1989,sanchokappen1989,figure 2c,pop,lasallia,spodochroa,15,C,CO2 exchange,0.781045752,mg CO2 * G (dry weight)^-1 * hr^-1,mg_co2,g,hr,NA,NA,NA,T,lab,NA,NA,NA,NA,620,620,uE m^-2 s^-1,1500,40.2997,temperate,high,green algae,40.27249044438772,1.774700640763463e-5,1,60,2.9578344012724383e-7,2.9578344012724383e-7,-15.03363827,0.185218613,-1.748991648,0.781045752,-0.388342963,,,
13,sanchokappen1989,sanchokappen1989,figure 2c,pop,lasallia,spodochroa,21,C,CO2 exchange,0.818479596,mg CO2 * G (dry weight)^-1 * hr^-1,mg_co2,g,hr,NA,NA,NA,T,lab,NA,NA,NA,NA,620,620,uE m^-2 s^-1,1500,40.2997,temperate,high,green algae,39.451022,1.8597582276755283e-5,1,60,3.0995970461258803e-7,3.0995970461258803e-7,-14.98682353,-0.63624983,4.251008352,0.818479596,-0.45771348,,,
13,sanchokappen1989,sanchokappen1989,figure 2c,pop,lasallia,spodochroa,25,C,CO2 exchange,0.832658508,mg CO2 * G (dry weight)^-1 * hr^-1,mg_co2,g,hr,NA,NA,NA,T,lab,NA,NA,NA,NA,620,620,uE m^-2 s^-1,1500,40.2997,temperate,high,green algae,38.92174449622782,1.8919757055214724e-5,1,60,3.1532928425357874e-7,3.1532928425357874e-7,-14.9696484,-1.165527335,8.251008352,0.832658508,-0.666181399,,,
13,sanchokappen1989,sanchokappen1989,figure 2c,pop,lasallia,spodochroa,30,C,CO2 exchange,0.433863337,mg CO2 * G (dry weight)^-1 * hr^-1,mg_co2,g,hr,NA,NA,NA,T,lab,NA,NA,NA,NA,620,620,uE m^-2 s^-1,1500,40.2997,temperate,high,green algae,38.27978928434875,9.85828986593956e-6,1,60,1.6430483109899267e-7,1.6430483109899267e-7,-15.62154241,-1.807482547,13.25100835,0.433863337,-0.791183295,,,
15,sanchokappen1989,sanchokappen1989,figure 2d,pop,umbilicaria,grisea,0,C,CO2 exchange,0.208095005,mg CO2 * G (dry weight)^-1 * hr^-1,mg_co2,g,hr,NA,NA,NA,T,lab,NA,NA,NA,NA,620,620,uE m^-2 s^-1,2220-2320,40.2997,temperate,high,green algae,42.4840495,4.728357305157918e-6,1,60,7.88059550859653e-8,7.88059550859653e-8,-16.35627727,2.396777671,-16.74899165,0.208095005,-0.083273633,,,
15,sanchokappen1989,sanchokappen1989,figure 2d,pop,umbilicaria,grisea,4,C,CO2 exchange,0.398575528,mg CO2 * G (dry weight)^-1 * hr^-1,mg_co2,g,hr,NA,NA,NA,T,lab,NA,NA,NA,NA,620,620,uE m^-2 s^-1,2220-2320,40.2997,temperate,high,green algae,41.87089345679351,9.05647643717337e-6,1,60,1.509412739528895e-7,1.509412739528895e-7,-15.70637499,1.783621626,-12.74899165,0.398575528,-0.15617265,,,
15,sanchokappen1989,sanchokappen1989,figure 2d,pop,umbilicaria,grisea,16,C,CO2 exchange,0.863716137,mg CO2 * G (dry weight)^-1 * hr^-1,mg_co2,g,hr,NA,NA,NA,T,lab,NA,NA,NA,NA,620,620,uE m^-2 s^-1,2220-2320,40.2997,temperate,high,green algae,40.13321156,1.9625451874573962e-5,1,60,3.270908645762327e-7,3.270908645762327e-7,-14.93302783,0.045939725,-0.748991648,0.863716137,-0.311007251,,,
15,sanchokappen1989,sanchokappen1989,figure 2d,pop,umbilicaria,grisea,20,C,CO2 exchange,0.920149194,mg CO2 * G (dry weight)^-1 * hr^-1,mg_co2,g,hr,NA,NA,NA,T,lab,NA,NA,NA,NA,620,620,uE m^-2 s^-1,2220-2320,40.2997,temperate,high,green algae,39.58559823145258,2.090772992501704e-5,1,60,3.4846216541695065e-7,3.4846216541695065e-7,-14.86973618,-0.5016736,3.251008352,0.920149194,-0.365590542,,,
15,sanchokappen1989,sanchokappen1989,figure 2d,pop,umbilicaria,grisea,26,C,CO2 exchange,0.944635865,mg CO2 * G (dry weight)^-1 * hr^-1,mg_co2,g,hr,NA,NA,NA,T,lab,NA,NA,NA,NA,620,620,uE m^-2 s^-1,2220-2320,40.2997,temperate,high,green algae,38.79163670917708,2.1464118723017494e-5,1,60,3.577353120502916e-7,3.577353120502916e-7,-14.84347248,-1.295635122,9.251008352,0.944635865,-0.521425837,,,
15,sanchokappen1989,sanchokappen1989,figure 2d,pop,umbilicaria,grisea,30,C,CO2 exchange,0.513223181,mg CO2 * G (dry weight)^-1 * hr^-1,mg_co2,g,hr,NA,NA,NA,T,lab,NA,NA,NA,NA,620,620,uE m^-2 s^-1,2220-2320,40.2997,temperate,high,green algae,38.27978928434875,1.1661512860713474e-5,1,60,1.943585476785579e-7,1.943585476785579e-7,-15.4535612,-1.807482547,13.25100835,0.513223181,-0.612761877,,,
1,sonesson1989,sonesson1989,figure 2,pop,parmelia,olivacea,-5,C,CO2 exchange,0.104124652,mg CO2 * g^-1 * hr^-1,mg_co2,g,hr,0.037957596,2 SEM,11,T,lab,NA,NA,NA,NA,500,500,umol * m^-2 * s^-1,NA,68.2,arctic,neutral,green algae,43.276218987694655,2.365931651897296e-6,1,60,3.943219419828827e-8,3.943219419828827e-8,-17.04868324,3.188947157,-21.74899165,0.104124652,-0.005530625,0.037957596,0.033740085,
1,sonesson1989,sonesson1989,figure 2,pop,parmelia,olivacea,0,C,CO2 exchange,0.638975362,mg CO2 * g^-1 * hr^-1,mg_co2,g,hr,0.080132702,2 SEM,11,T,lab,NA,NA,NA,NA,500,500,umol * m^-2 * s^-1,NA,68.2,arctic,neutral,green algae,42.4840495,1.4518867575551013e-5,1,60,2.4198112625918357e-7,2.4198112625918357e-7,-15.2344061,2.396777671,-16.74899165,0.638975362,-0.120356545,0.080132702,0.037957596,
1,sonesson1989,sonesson1989,figure 2,pop,parmelia,olivacea,5,C,CO2 exchange,0.836245229,mg CO2 * g^-1 * hr^-1,mg_co2,g,hr,0.071697681,2 SEM,11,T,lab,NA,NA,NA,NA,500,500,umol * m^-2 * s^-1,NA,68.2,arctic,neutral,green algae,41.720359955241136,1.9001254919336514e-5,1,60,3.166875819889419e-7,3.166875819889419e-7,-14.96535009,1.633088124,-11.74899165,0.836245229,-0.184572338,0.071697681,0.037957596,
1,sonesson1989,sonesson1989,figure 2,pop,parmelia,olivacea,10,C,CO2 exchange,1.041950118,mg CO2 * g^-1 * hr^-1,mg_co2,g,hr,0.042175106,2 SEM,11,T,lab,NA,NA,NA,NA,500,500,umol * m^-2 * s^-1,NA,68.2,arctic,neutral,green algae,40.98364161,2.3675303749147917e-5,1,60,3.9458839581913194e-7,3.9458839581913194e-7,-14.74542265,0.896369778,-6.748991648,1.041950118,-0.316628282,0.042175106,0.033740085,
1,sonesson1989,sonesson1989,figure 2,pop,parmelia,olivacea,15,C,CO2 exchange,1.053469526,mg CO2 * g^-1 * hr^-1,mg_co2,g,hr,0.113872787,2 SEM,11,T,lab,NA,NA,NA,NA,500,500,umol * m^-2 * s^-1,NA,68.2,arctic,neutral,green algae,40.27249044438772,2.3937048988866167e-5,1,60,3.989508164811028e-7,3.989508164811028e-7,-14.73442769,0.185218613,-1.748991648,1.053469526,-0.532854449,0.113872787,0.06748017,
1,sonesson1989,sonesson1989,figure 2,pop,parmelia,olivacea,20,C,CO2 exchange,1.402749768,mg CO2 * g^-1 * hr^-1,mg_co2,g,hr,0.177135447,2 SEM,11,T,lab,NA,NA,NA,NA,500,500,umol * m^-2 * s^-1,NA,68.2,arctic,neutral,green algae,39.58559823145258,3.187343258350375e-5,1,60,5.312238763917292e-7,5.312238763917292e-7,-14.44808229,-0.5016736,3.251008352,1.402749768,-0.934651084,0.177135447,0.092785234,
1,sonesson1989,sonesson1989,figure 2,pop,parmelia,olivacea,25,C,CO2 exchange,0.629452214,mg CO2 * g^-1 * hr^-1,mg_co2,g,hr,0.156137889,2 SEM,11,T,lab,NA,NA,NA,NA,500,500,umol * m^-2 * s^-1,NA,68.2,arctic,neutral,green algae,38.92174449622782,1.4302481572369914e-5,1,60,2.383746928728319e-7,2.383746928728319e-7,-15.24942206,-1.165527335,8.251008352,0.629452214,-1.15087725,0.156137889,0.071697681,
1,sonesson1989,sonesson1989,figure 2,pop,parmelia,olivacea,30,C,CO2 exchange,-0.304110743,mg CO2 * g^-1 * hr^-1,mg_co2,g,hr,0.134960341,2 SEM,11,T,lab,NA,NA,NA,NA,500,500,umol * m^-2 * s^-1,NA,68.2,arctic,neutral,green algae,38.27978928434875,-6.91E-06,1,60,-1.15E-07,1.1516728887374082e-7,-15.97688008,-1.807482547,13.25100835,-0.304110743,-1.519113791,0.134960341,0.097002745,
2,sonesson1989,sonesson1989,figure 2,pop,parmeliopsis,ambigua,-5,C,CO2 exchange,0.087074618,mg CO2 * g^-1 * hr^-1,mg_co2,g,hr,0.037957596,2 SEM,11,T,lab,NA,NA,NA,NA,500,500,umol * m^-2 * s^-1,NA,68.2,arctic,neutral,green algae,43.276218987694655,1.9785189275164736e-6,1,60,3.297531545860789e-8,3.297531545860789e-8,-17.22750657,3.188947157,-21.74899165,0.087074618,-0.013965646,0.037957596,0.033740085,
2,sonesson1989,sonesson1989,figure 2,pop,parmeliopsis,ambigua,0,C,CO2 exchange,0.343749616,mg CO2 * g^-1 * hr^-1,mg_co2,g,hr,0.042175106,2 SEM,11,T,lab,NA,NA,NA,NA,500,500,umol * m^-2 * s^-1,NA,68.2,arctic,neutral,green algae,42.4840495,7.810716109975006e-6,1,60,1.3017860183291677e-7,1.3017860183291677e-7,-15.85435847,2.396777671,-16.74899165,0.343749616,-0.128971557,0.042175106,0.042175106,
2,sonesson1989,sonesson1989,figure 2,pop,parmeliopsis,ambigua,5,C,CO2 exchange,0.422749195,mg CO2 * g^-1 * hr^-1,mg_co2,g,hr,0.029522575,2 SEM,11,T,lab,NA,NA,NA,NA,500,500,umol * m^-2 * s^-1,NA,68.2,arctic,neutral,green algae,41.720359955241136,9.605753124289934e-6,1,60,1.6009588540483224e-7,1.6009588540483224e-7,-15.64749292,1.633088124,-11.74899165,0.422749195,-0.184752329,0.029522575,0.037957596,
2,sonesson1989,sonesson1989,figure 2,pop,parmeliopsis,ambigua,10,C,CO2 exchange,0.417578552,mg CO2 * g^-1 * hr^-1,mg_co2,g,hr,0.03584884,2 SEM,11,T,lab,NA,NA,NA,NA,500,500,umol * m^-2 * s^-1,NA,68.2,arctic,neutral,green algae,40.98364161,9.488265212451716e-6,1,60,1.5813775354086192e-7,1.5813775354086192e-7,-15.65979933,0.896369778,-6.748991648,0.417578552,-0.308193261,0.03584884,0.037957596,
2,sonesson1989,sonesson1989,figure 2,pop,parmeliopsis,ambigua,15,C,CO2 exchange,1.062084538,mg CO2 * g^-1 * hr^-1,mg_co2,g,hr,0.025305064,2 SEM,11,T,lab,NA,NA,NA,NA,500,500,umol * m^-2 * s^-1,NA,68.2,arctic,neutral,green algae,40.27249044438772,2.4132800227221085e-5,1,60,4.022133371203514e-7,4.022133371203514e-7,-14.7262832,0.185218613,-1.748991648,1.062084538,-0.532854449,0.025305064,0.037957596,
2,sonesson1989,sonesson1989,figure 2,pop,parmeliopsis,ambigua,20,C,CO2 exchange,0.64323787,mg CO2 * g^-1 * hr^-1,mg_co2,g,hr,0.059045149,2 SEM,11,T,lab,NA,NA,NA,NA,500,500,umol * m^-2 * s^-1,NA,68.2,arctic,neutral,green algae,39.58559823145258,1.4615720745285162e-5,1,60,2.435953457547527e-7,2.435953457547527e-7,-15.22775741,-0.5016736,3.251008352,0.64323787,-1.002311245,0.059045149,0.096912749,
2,sonesson1989,sonesson1989,figure 2,pop,parmeliopsis,ambigua,25,C,CO2 exchange,-0.366240279,mg CO2 * g^-1 * hr^-1,mg_co2,g,hr,0.160265405,2 SEM,11,T,lab,NA,NA,NA,NA,500,500,umol * m^-2 * s^-1,NA,68.2,arctic,neutral,green algae,38.92174449622782,-8.32E-06,1,60,-1.39E-07,1.3869585662349467e-7,-15.79098238,-1.165527335,8.251008352,-0.366240279,-1.176362305,0.160265405,0.037957596,
1,kappen1983,kappen1983,figure 6,pop,usnea,sulphurea,-1,C,net photosynthesis,0.340659341,mg CO2 * mg Chl^-1 * hr^-1,mg_co2,mg chl,hr,NA,NA,NA,T,lab,NA,NA,variety,shade form,760,760,uE m^-2 s^-1,100,-70.47,antarctic,neutral,green algae,42.640154773287975,7.740498545785049e-6,0.001,60,1.290083090964175e-4,1.290083090964175e-4,-8.955633744,2.552882942,-17.74899165,0.340659341,-0.133241758,,,
1,kappen1983,kappen1983,figure 6,pop,usnea,sulphurea,6,C,net photosynthesis,0.686813187,mg CO2 * mg Chl^-1 * hr^-1,mg_co2,mg chl,hr,NA,NA,NA,T,lab,NA,NA,variety,shade form,760,760,uE m^-2 s^-1,100,-70.47,antarctic,neutral,green algae,41.570904967043965,1.5605843830947514e-5,0.001,60,2.6009739718245857e-4,2.6009739718245857e-4,-8.254454393,1.483633136,-10.74899165,0.686813187,-0.384615385,,,
1,kappen1983,kappen1983,figure 6,pop,usnea,sulphurea,11,C,net photosynthesis,0.67032967,mg CO2 * mg Chl^-1 * hr^-1,mg_co2,mg chl,hr,NA,NA,NA,T,lab,NA,NA,variety,shade form,760,760,uE m^-2 s^-1,100,-70.47,antarctic,neutral,green algae,40.839409190745464,1.5231303567371051e-5,0.001,60,2.538550594561842e-4,2.538550594561842e-4,-8.278747086,0.75213736,-5.748991648,0.67032967,-0.747252747,,,
1,kappen1983,kappen1983,figure 6,pop,usnea,sulphurea,18,C,net photosynthesis,0.43956044,mg CO2 * mg Chl^-1 * hr^-1,mg_co2,mg chl,hr,NA,NA,NA,T,lab,NA,NA,variety,shade form,760,760,uE m^-2 s^-1,100,-70.47,antarctic,neutral,green algae,39.857524030741274,9.987740059077482e-6,0.001,60,1.6646233431795804e-4,1.6646233431795804e-4,-8.700741494,-0.2297478,1.251008352,0.43956044,-1.967032967,,,
1,kappen1983,kappen1983,figure 6,pop,usnea,sulphurea,19,C,net photosynthesis,0.159340659,mg CO2 * mg Chl^-1 * hr^-1,mg_co2,mg chl,hr,NA,NA,NA,T,lab,NA,NA,variety,shade form,760,760,uE m^-2 s^-1,100,-70.47,antarctic,neutral,green algae,39.72109574,3.620555760054533e-6,0.001,60,6.034259600090888e-5,6.034259600090888e-5,-9.715472302,-0.366176087,2.251008352,0.159340659,-1.975274725,,,
3,kappen1983,kappen1983,figure 6,pop,usnea,sulphurea,-6,C,net photosynthesis,0.2421875,mg CO2 * mg Chl^-1 * hr^-1,mg_co2,mg chl,hr,NA,NA,NA,T,lab,NA,NA,variety,light form,850,850,uE m^-2 s^-1,100,-70.47,antarctic,neutral,green algae,43.4382112,5.503010679391047e-6,0.001,60,9.171684465651746e-5,9.171684465651746e-5,-9.296804502,3.350939367,-22.74899165,0.2421875,-0.0625,,,
3,kappen1983,kappen1983,figure 6,pop,usnea,sulphurea,-4,C,net photosynthesis,0.4765625,mg CO2 * mg Chl^-1 * hr^-1,mg_co2,mg chl,hr,NA,NA,NA,T,lab,NA,NA,variety,light form,850,850,uE m^-2 s^-1,100,-70.47,antarctic,neutral,green algae,43.11543050919681,1.0828504885253351e-5,0.001,60,1.804750814208892e-4,1.804750814208892e-4,-8.619917843,3.028158678,-20.74899165,0.4765625,-0.07421875,,,
3,kappen1983,kappen1983,figure 6,pop,usnea,sulphurea,4,C,net photosynthesis,1.0859375,mg CO2 * mg Chl^-1 * hr^-1,mg_co2,mg chl,hr,NA,NA,NA,T,lab,NA,NA,variety,light form,850,850,uE m^-2 s^-1,100,-70.47,antarctic,neutral,green algae,41.87089345679351,2.467478982049534e-5,0.001,60,4.1124649700825566e-4,4.1124649700825566e-4,-7.796317774,1.783621626,-12.74899165,1.0859375,-0.625,,,
3,kappen1983,kappen1983,figure 6,pop,usnea,sulphurea,8,C,net photosynthesis,1.70703125,mg CO2 * mg Chl^-1 * hr^-1,mg_co2,mg chl,hr,NA,NA,NA,T,lab,NA,NA,variety,light form,850,850,uE m^-2 s^-1,100,-70.47,antarctic,neutral,green algae,41.275184497778135,3.878734946603045e-5,0.001,60,6.464558244338408e-4,6.464558244338408e-4,-7.344005692,1.187912667,-8.748991648,1.70703125,-1.3984375,,,
3,kappen1983,kappen1983,figure 6,pop,usnea,sulphurea,9,C,net photosynthesis,2.15234375,mg CO2 * mg Chl^-1 * hr^-1,mg_co2,mg chl,hr,NA,NA,NA,T,lab,NA,NA,variety,light form,850,850,uE m^-2 s^-1,100,-70.47,antarctic,neutral,green algae,41.12889640811739,4.8905788457168824e-5,0.001,60,8.150964742861471e-4,8.150964742861471e-4,-7.112204078,1.041624577,-7.748991648,2.15234375,-1.498046875,,,
3,kappen1983,kappen1983,figure 6,pop,usnea,sulphurea,11,C,net photosynthesis,2.28125,mg CO2 * mg Chl^-1 * hr^-1,mg_co2,mg chl,hr,NA,NA,NA,T,lab,NA,NA,variety,light form,850,850,uE m^-2 s^-1,100,-70.47,antarctic,neutral,green algae,40.839409190745464,5.183481027039309e-5,0.001,60,8.639135045065516e-4,8.639135045065516e-4,-7.054037905,0.75213736,-5.748991648,2.28125,-1.703125,,,
3,kappen1983,kappen1983,figure 6,pop,usnea,sulphurea,13,C,net photosynthesis,2.1640625,mg CO2 * mg Chl^-1 * hr^-1,mg_co2,mg chl,hr,NA,NA,NA,T,lab,NA,NA,variety,light form,850,850,uE m^-2 s^-1,100,-70.47,antarctic,neutral,green algae,40.55396862327563,4.917206316746194e-5,0.001,60,8.195343861243657e-4,8.195343861243657e-4,-7.106774201,0.466696792,-3.748991648,2.1640625,-2.265625,,,
3,kappen1983,kappen1983,figure 6,pop,usnea,sulphurea,15,C,net photosynthesis,2.17578125,mg CO2 * mg Chl^-1 * hr^-1,mg_co2,mg chl,hr,NA,NA,NA,T,lab,NA,NA,variety,light form,850,850,uE m^-2 s^-1,100,-70.47,antarctic,neutral,green algae,40.27249044438772,4.9438337877755054e-5,0.001,60,8.239722979625843e-4,8.239722979625843e-4,-7.101373648,0.185218613,-1.748991648,2.17578125,-2.576171875,,,
3,kappen1983,kappen1983,figure 6,pop,usnea,sulphurea,17,C,net photosynthesis,1.96484375,mg CO2 * mg Chl^-1 * hr^-1,mg_co2,mg chl,hr,NA,NA,NA,T,lab,NA,NA,variety,light form,850,850,uE m^-2 s^-1,100,-70.47,antarctic,neutral,green algae,39.99489271601007,4.464539309247898e-5,0.001,60,7.440898848746498e-4,7.440898848746498e-4,-7.203348717,-0.092379115,0.251008352,1.96484375,-3.109375,,,
3,kappen1983,kappen1983,figure 6,pop,usnea,sulphurea,19,C,net photosynthesis,1.84765625,mg CO2 * mg Chl^-1 * hr^-1,mg_co2,mg chl,hr,NA,NA,NA,T,lab,NA,NA,variety,light form,850,850,uE m^-2 s^-1,100,-70.47,antarctic,neutral,green algae,39.72109574,4.198264598954783e-5,0.001,60,6.997107664924639e-4,6.997107664924639e-4,-7.264843499,-0.366176087,2.251008352,1.84765625,-3.4375,,,
3,kappen1983,kappen1983,figure 6,pop,usnea,sulphurea,21,C,net photosynthesis,1.42578125,mg CO2 * mg Chl^-1 * hr^-1,mg_co2,mg chl,hr,NA,NA,NA,T,lab,NA,NA,variety,light form,850,850,uE m^-2 s^-1,100,-70.47,antarctic,neutral,green algae,39.451022,3.2396756418995683e-5,0.001,60,5.399459403165948e-4,5.399459403165948e-4,-7.524041534,-0.63624983,4.251008352,1.42578125,-3.89453125,,,