tpc_grp,response_id,study_id,depth_broad,broad_coral,latitude,species,mol_gCmin,metabolic_category
1_howe2001,1,howe2001,shallow,hard,-38.15,versipora,1.2097030303030302e-8,npp
1_howe2001,1,howe2001,shallow,hard,-38.15,versipora,1.9724151515151516e-8,npp
1_howe2001,1,howe2001,shallow,hard,-38.15,versipora,4.3670333333333336e-8,npp
1_howe2001,1,howe2001,shallow,hard,-38.15,versipora,3.206686363636364e-8,npp
1_howe2001,1,howe2001,shallow,hard,-38.15,versipora,2.8390916666666667e-8,npp
1_nakamura2003,1,nakamura2003,shallow,hard,34.36,pruinosa,8.09470687121212e-10,npp
1_nakamura2003,1,nakamura2003,shallow,hard,34.36,pruinosa,1.632873570454545e-9,npp
1_nakamura2003,1,nakamura2003,shallow,hard,34.36,pruinosa,2.3308365636363635e-9,npp
1_nakamura2003,1,nakamura2003,shallow,hard,34.36,pruinosa,3.1124428553030302e-9,npp
1_nakamura2003,1,nakamura2003,shallow,hard,34.36,pruinosa,3.5318120174242422e-9,npp
1_nakamura2003,1,nakamura2003,shallow,hard,34.36,pruinosa,4.257739636363636e-9,npp
1_nakamura2003,1,nakamura2003,shallow,hard,34.36,pruinosa,4.8177838984848494e-9,npp
1_nakamura2003,1,nakamura2003,shallow,hard,34.36,pruinosa,5.3904573469696974e-9,npp
1_nakamura2003,1,nakamura2003,shallow,hard,34.36,pruinosa,4.876319173484848e-9,npp
2_nakamura2003,2,nakamura2003,shallow,hard,34.36,pruinosa,1.9100641583333335e-9,npp
2_nakamura2003,2,nakamura2003,shallow,hard,34.36,pruinosa,2.9145856075757574e-9,npp
2_nakamura2003,2,nakamura2003,shallow,hard,34.36,pruinosa,3.3061404909090903e-9,npp
2_nakamura2003,2,nakamura2003,shallow,hard,34.36,pruinosa,3.530458890151515e-9,npp
2_nakamura2003,2,nakamura2003,shallow,hard,34.36,pruinosa,3.754727174242424e-9,npp
2_nakamura2003,2,nakamura2003,shallow,hard,34.36,pruinosa,4.299486112121211e-9,npp
2_nakamura2003,2,nakamura2003,shallow,hard,34.36,pruinosa,4.649194287878788e-9,npp
2_nakamura2003,2,nakamura2003,shallow,hard,34.36,pruinosa,4.608851054545454e-9,npp
2_nakamura2003,2,nakamura2003,shallow,hard,34.36,pruinosa,4.387289025e-9,npp
2_nakamura2003,2,nakamura2003,shallow,hard,34.36,pruinosa,3.357709666666666e-9,npp
17_becker2021,17,becker2021,shallow,hard,-17.5388,spp.,2.5374137272727273e-11,npp
17_becker2021,17,becker2021,shallow,hard,-17.5388,spp.,3.825540613636363e-11,npp
17_becker2021,17,becker2021,shallow,hard,-17.5388,spp.,4.9426054090909076e-11,npp
17_becker2021,17,becker2021,shallow,hard,-17.5388,spp.,5.275792681818181e-11,npp
17_becker2021,17,becker2021,shallow,hard,-17.5388,spp.,4.915191484848485e-11,npp
17_becker2021,17,becker2021,shallow,hard,-17.5388,spp.,4.2722052424242426e-11,npp
17_becker2021,17,becker2021,shallow,hard,-17.5388,spp.,3.2737393863636364e-11,npp
17_becker2021,17,becker2021,shallow,hard,-17.5388,spp.,1.4595562651515152e-11,npp
17_becker2021,17,becker2021,shallow,hard,-17.5388,spp.,-8.987345757575757e-12,npp
18_becker2021,18,becker2021,shallow,hard,-17.5388,spp.,1.2508622348484848e-11,npp
18_becker2021,18,becker2021,shallow,hard,-17.5388,spp.,2.7156543939393935e-11,npp
18_becker2021,18,becker2021,shallow,hard,-17.5388,spp.,3.0562157575757566e-11,npp
18_becker2021,18,becker2021,shallow,hard,-17.5388,spp.,4.10031403030303e-11,npp
18_becker2021,18,becker2021,shallow,hard,-17.5388,spp.,3.723732712121212e-11,npp
18_becker2021,18,becker2021,shallow,hard,-17.5388,spp.,3.5711240833333334e-11,npp
18_becker2021,18,becker2021,shallow,hard,-17.5388,spp.,2.4889446439393935e-11,npp
18_becker2021,18,becker2021,shallow,hard,-17.5388,spp.,2.2708761363636363e-12,npp
18_becker2021,18,becker2021,shallow,hard,-17.5388,spp.,-1.8074151212121208e-11,npp
19_becker2021,19,becker2021,shallow,hard,-17.5388,spp.,2.737001636363636e-11,npp
19_becker2021,19,becker2021,shallow,hard,-17.5388,spp.,3.6789638484848485e-11,npp
19_becker2021,19,becker2021,shallow,hard,-17.5388,spp.,4.6082330303030294e-11,npp
19_becker2021,19,becker2021,shallow,hard,-17.5388,spp.,5.940698803030302e-11,npp
19_becker2021,19,becker2021,shallow,hard,-17.5388,spp.,5.498616553030303e-11,npp
19_becker2021,19,becker2021,shallow,hard,-17.5388,spp.,4.8102195833333325e-11,npp
19_becker2021,19,becker2021,shallow,hard,-17.5388,spp.,3.843113696969697e-11,npp
19_becker2021,19,becker2021,shallow,hard,-17.5388,spp.,9.789722348484848e-12,npp
19_becker2021,19,becker2021,shallow,hard,-17.5388,spp.,-1.3843173333333332e-11,npp
20_becker2021,20,becker2021,shallow,hard,-17.5388,spp.,2.8744701742424238e-11,npp
20_becker2021,20,becker2021,shallow,hard,-17.5388,spp.,3.958566098484848e-11,npp
20_becker2021,20,becker2021,shallow,hard,-17.5388,spp.,4.7835047651515145e-11,npp
20_becker2021,20,becker2021,shallow,hard,-17.5388,spp.,6.143174818181818e-11,npp
20_becker2021,20,becker2021,shallow,hard,-17.5388,spp.,4.5837034696969686e-11,npp
20_becker2021,20,becker2021,shallow,hard,-17.5388,spp.,4.247576507575758e-11,npp
20_becker2021,20,becker2021,shallow,hard,-17.5388,spp.,3.650243931818182e-11,npp
20_becker2021,20,becker2021,shallow,hard,-17.5388,spp.,2.266351136363636e-11,npp
20_becker2021,20,becker2021,shallow,hard,-17.5388,spp.,-2.1578914924242423e-11,npp
21_becker2021,21,becker2021,shallow,hard,-17.5388,spp.,2.2038619924242425e-11,npp
21_becker2021,21,becker2021,shallow,hard,-17.5388,spp.,2.5107857424242423e-11,npp
21_becker2021,21,becker2021,shallow,hard,-17.5388,spp.,3.7174200151515145e-11,npp
21_becker2021,21,becker2021,shallow,hard,-17.5388,spp.,4.8212616287878775e-11,npp
21_becker2021,21,becker2021,shallow,hard,-17.5388,spp.,4.429850090909091e-11,npp
21_becker2021,21,becker2021,shallow,hard,-17.5388,spp.,4.061332477272727e-11,npp
21_becker2021,21,becker2021,shallow,hard,-17.5388,spp.,2.2444075227272722e-11,npp
21_becker2021,21,becker2021,shallow,hard,-17.5388,spp.,-2.3526418181818178e-12,npp
21_becker2021,21,becker2021,shallow,hard,-17.5388,spp.,-2.109364325757576e-11,npp
22_becker2021,22,becker2021,shallow,hard,-17.5388,spp.,3.210619583333333e-11,npp
22_becker2021,22,becker2021,shallow,hard,-17.5388,spp.,3.982755833333334e-11,npp
22_becker2021,22,becker2021,shallow,hard,-17.5388,spp.,4.2278936287878784e-11,npp
22_becker2021,22,becker2021,shallow,hard,-17.5388,spp.,5.6560300757575757e-11,npp
22_becker2021,22,becker2021,shallow,hard,-17.5388,spp.,4.789760106060606e-11,npp
22_becker2021,22,becker2021,shallow,hard,-17.5388,spp.,4.6527557424242426e-11,npp
22_becker2021,22,becker2021,shallow,hard,-17.5388,spp.,2.848352613636363e-11,npp
22_becker2021,22,becker2021,shallow,hard,-17.5388,spp.,1.514233409090909e-12,npp
22_becker2021,22,becker2021,shallow,hard,-17.5388,spp.,-1.801234515151515e-11,npp
23_becker2021,23,becker2021,shallow,hard,-17.5388,spp.,1.6034714924242424e-11,npp
23_becker2021,23,becker2021,shallow,hard,-17.5388,spp.,2.841218674242424e-11,npp
23_becker2021,23,becker2021,shallow,hard,-17.5388,spp.,3.196796227272727e-11,npp
23_becker2021,23,becker2021,shallow,hard,-17.5388,spp.,4.0910391212121205e-11,npp
23_becker2021,23,becker2021,shallow,hard,-17.5388,spp.,3.36966028030303e-11,npp
23_becker2021,23,becker2021,shallow,hard,-17.5388,spp.,2.8658094318181817e-11,npp
23_becker2021,23,becker2021,shallow,hard,-17.5388,spp.,1.5520548863636363e-11,npp
23_becker2021,23,becker2021,shallow,hard,-17.5388,spp.,3.854042045454545e-12,npp
23_becker2021,23,becker2021,shallow,hard,-17.5388,spp.,-1.5660411136363637e-11,npp
24_becker2021,24,becker2021,shallow,hard,-17.5388,spp.,2.924821022727273e-11,npp
24_becker2021,24,becker2021,shallow,hard,-17.5388,spp.,3.755294015151515e-11,npp
24_becker2021,24,becker2021,shallow,hard,-17.5388,spp.,4.1117967651515147e-11,npp
24_becker2021,24,becker2021,shallow,hard,-17.5388,spp.,4.8062773257575756e-11,npp
24_becker2021,24,becker2021,shallow,hard,-17.5388,spp.,4.661632712121211e-11,npp
24_becker2021,24,becker2021,shallow,hard,-17.5388,spp.,3.725428204545454e-11,npp
24_becker2021,24,becker2021,shallow,hard,-17.5388,spp.,3.6152396969696956e-11,npp
24_becker2021,24,becker2021,shallow,hard,-17.5388,spp.,1.4366679924242424e-11,npp
24_becker2021,24,becker2021,shallow,hard,-17.5388,spp.,-1.602733318181818e-11,npp
25_becker2021,25,becker2021,shallow,hard,-17.5388,spp.,1.5853876893939394e-11,npp
25_becker2021,25,becker2021,shallow,hard,-17.5388,spp.,2.9461827727272726e-11,npp
25_becker2021,25,becker2021,shallow,hard,-17.5388,spp.,3.6189727803030296e-11,npp
25_becker2021,25,becker2021,shallow,hard,-17.5388,spp.,4.445460242424243e-11,npp
25_becker2021,25,becker2021,shallow,hard,-17.5388,spp.,4.417484287878788e-11,npp
25_becker2021,25,becker2021,shallow,hard,-17.5388,spp.,3.7659863333333334e-11,npp
25_becker2021,25,becker2021,shallow,hard,-17.5388,spp.,2.7684953333333328e-11,npp
25_becker2021,25,becker2021,shallow,hard,-17.5388,spp.,5.370223863636364e-12,npp
25_becker2021,25,becker2021,shallow,hard,-17.5388,spp.,-1.949898787878788e-11,npp
26_becker2021,26,becker2021,shallow,hard,-17.5388,spp.,2.1935557272727272e-11,npp
26_becker2021,26,becker2021,shallow,hard,-17.5388,spp.,3.100382515151515e-11,npp
26_becker2021,26,becker2021,shallow,hard,-17.5388,spp.,3.933414287878787e-11,npp
26_becker2021,26,becker2021,shallow,hard,-17.5388,spp.,5.2905610984848476e-11,npp
26_becker2021,26,becker2021,shallow,hard,-17.5388,spp.,4.922851386363636e-11,npp
26_becker2021,26,becker2021,shallow,hard,-17.5388,spp.,4.135662507575758e-11,npp
26_becker2021,26,becker2021,shallow,hard,-17.5388,spp.,2.8490299393939395e-11,npp
26_becker2021,26,becker2021,shallow,hard,-17.5388,spp.,6.419981818181818e-12,npp
26_becker2021,26,becker2021,shallow,hard,-17.5388,spp.,-1.40442325e-11,npp
27_becker2021,27,becker2021,shallow,hard,-17.5388,spp.,2.3959348030303027e-11,npp
27_becker2021,27,becker2021,shallow,hard,-17.5388,spp.,3.2241042651515145e-11,npp
27_becker2021,27,becker2021,shallow,hard,-17.5388,spp.,3.967812803030303e-11,npp
27_becker2021,27,becker2021,shallow,hard,-17.5388,spp.,4.7879204772727274e-11,npp
27_becker2021,27,becker2021,shallow,hard,-17.5388,spp.,4.31424825e-11,npp
27_becker2021,27,becker2021,shallow,hard,-17.5388,spp.,4.041424696969697e-11,npp
27_becker2021,27,becker2021,shallow,hard,-17.5388,spp.,2.3717684848484847e-11,npp
27_becker2021,27,becker2021,shallow,hard,-17.5388,spp.,5.160386363636363e-12,npp
27_becker2021,27,becker2021,shallow,hard,-17.5388,spp.,-1.2040471363636363e-11,npp
28_becker2021,28,becker2021,shallow,hard,-17.5388,spp.,7.895851742424242e-12,npp
28_becker2021,28,becker2021,shallow,hard,-17.5388,spp.,9.029955151515153e-12,npp
28_becker2021,28,becker2021,shallow,hard,-17.5388,spp.,1.1958764015151511e-11,npp
28_becker2021,28,becker2021,shallow,hard,-17.5388,spp.,2.4113639090909093e-11,npp
28_becker2021,28,becker2021,shallow,hard,-17.5388,spp.,2.0446438560606063e-11,npp
28_becker2021,28,becker2021,shallow,hard,-17.5388,spp.,1.7336570681818182e-11,npp
28_becker2021,28,becker2021,shallow,hard,-17.5388,spp.,6.207214545454545e-12,npp
28_becker2021,28,becker2021,shallow,hard,-17.5388,spp.,-4.924855681818182e-12,npp
28_becker2021,28,becker2021,shallow,hard,-17.5388,spp.,-1.8489778939393934e-11,npp
29_becker2021,29,becker2021,shallow,hard,-17.5388,spp.,2.0962710151515153e-11,npp
29_becker2021,29,becker2021,shallow,hard,-17.5388,spp.,1.7284107878787878e-11,npp
29_becker2021,29,becker2021,shallow,hard,-17.5388,spp.,2.0050942575757575e-11,npp
29_becker2021,29,becker2021,shallow,hard,-17.5388,spp.,2.0122818409090905e-11,npp
29_becker2021,29,becker2021,shallow,hard,-17.5388,spp.,1.7977895454545452e-11,npp
29_becker2021,29,becker2021,shallow,hard,-17.5388,spp.,1.4911907954545452e-11,npp
29_becker2021,29,becker2021,shallow,hard,-17.5388,spp.,3.5165129545454544e-12,npp
29_becker2021,29,becker2021,shallow,hard,-17.5388,spp.,-6.9785873484848484e-12,npp
29_becker2021,29,becker2021,shallow,hard,-17.5388,spp.,-2.45311075e-11,npp
30_becker2021,30,becker2021,shallow,hard,-17.5388,spp.,1.843979712121212e-11,npp
30_becker2021,30,becker2021,shallow,hard,-17.5388,spp.,2.5999248712121207e-11,npp
30_becker2021,30,becker2021,shallow,hard,-17.5388,spp.,3.528449939393939e-11,npp
30_becker2021,30,becker2021,shallow,hard,-17.5388,spp.,4.3541634090909093e-11,npp
30_becker2021,30,becker2021,shallow,hard,-17.5388,spp.,3.831040477272727e-11,npp
30_becker2021,30,becker2021,shallow,hard,-17.5388,spp.,3.4619341893939394e-11,npp
30_becker2021,30,becker2021,shallow,hard,-17.5388,spp.,1.5576902045454542e-11,npp
30_becker2021,30,becker2021,shallow,hard,-17.5388,spp.,-4.759454166666667e-12,npp
30_becker2021,30,becker2021,shallow,hard,-17.5388,spp.,-2.4552617424242425e-11,npp
31_becker2021,31,becker2021,shallow,hard,-17.5388,spp.,1.9912762272727268e-11,npp
31_becker2021,31,becker2021,shallow,hard,-17.5388,spp.,2.9692351287878786e-11,npp
31_becker2021,31,becker2021,shallow,hard,-17.5388,spp.,3.6869965e-11,npp
31_becker2021,31,becker2021,shallow,hard,-17.5388,spp.,4.6443019318181816e-11,npp
31_becker2021,31,becker2021,shallow,hard,-17.5388,spp.,4.44820675e-11,npp
31_becker2021,31,becker2021,shallow,hard,-17.5388,spp.,4.143039878787879e-11,npp
31_becker2021,31,becker2021,shallow,hard,-17.5388,spp.,2.8870208939393938e-11,npp
31_becker2021,31,becker2021,shallow,hard,-17.5388,spp.,1.1572109772727272e-11,npp
31_becker2021,31,becker2021,shallow,hard,-17.5388,spp.,-8.730070530303029e-12,npp
32_becker2021,32,becker2021,shallow,hard,-17.5388,spp.,1.6859820378787874e-11,npp
32_becker2021,32,becker2021,shallow,hard,-17.5388,spp.,1.9620716515151515e-11,npp
32_becker2021,32,becker2021,shallow,hard,-17.5388,spp.,2.4662479393939392e-11,npp
32_becker2021,32,becker2021,shallow,hard,-17.5388,spp.,3.187940053030303e-11,npp
32_becker2021,32,becker2021,shallow,hard,-17.5388,spp.,2.6524131818181814e-11,npp
32_becker2021,32,becker2021,shallow,hard,-17.5388,spp.,2.398690590909091e-11,npp
32_becker2021,32,becker2021,shallow,hard,-17.5388,spp.,1.3486942954545454e-11,npp
32_becker2021,32,becker2021,shallow,hard,-17.5388,spp.,-2.8833047727272728e-12,npp
32_becker2021,32,becker2021,shallow,hard,-17.5388,spp.,-1.5208444772727272e-11,npp
2_jiang2021,2,jiang2021,shallow,hard,18.2217,damicornis,4.630668410725964e-4,npp
2_jiang2021,2,jiang2021,shallow,hard,18.2217,damicornis,8.831687115761936e-4,npp
2_jiang2021,2,jiang2021,shallow,hard,18.2217,damicornis,0.00114573238718116,npp
2_jiang2021,2,jiang2021,shallow,hard,18.2217,damicornis,8.640731720078482e-4,npp
2_jiang2021,2,jiang2021,shallow,hard,18.2217,damicornis,-2.2437258992805755e-4,npp
1_castillohelmuth2005,1,castillohelmuth2005,shallow,hard,16.1,annularis,5.950552826704545e-11,npp
1_castillohelmuth2005,1,castillohelmuth2005,shallow,hard,16.1,annularis,8.509930385890152e-11,npp
1_castillohelmuth2005,1,castillohelmuth2005,shallow,hard,16.1,annularis,1.2668918918087118e-10,npp
1_castillohelmuth2005,1,castillohelmuth2005,shallow,hard,16.1,annularis,1.0109541358901515e-10,npp
1_castillohelmuth2005,1,castillohelmuth2005,shallow,hard,16.1,annularis,1.1709152334280302e-10,npp
1_castillohelmuth2005,1,castillohelmuth2005,shallow,hard,16.1,annularis,1.5548218674242422e-10,npp
1_castillohelmuth2005,1,castillohelmuth2005,shallow,hard,16.1,annularis,1.3628685504261363e-10,npp
1_castillohelmuth2005,1,castillohelmuth2005,shallow,hard,16.1,annularis,1.6507985258049243e-10,npp
1_castillohelmuth2005,1,castillohelmuth2005,shallow,hard,16.1,annularis,1.7787674038825758e-10,npp
1_castillohelmuth2005,1,castillohelmuth2005,shallow,hard,16.1,annularis,1.3948607698863638e-10,npp
1_castillohelmuth2005,1,castillohelmuth2005,shallow,hard,16.1,annularis,1.4908374282670454e-10,npp
1_castillohelmuth2005,1,castillohelmuth2005,shallow,hard,16.1,annularis,2.0347051598011358e-10,npp
1_castillohelmuth2005,1,castillohelmuth2005,shallow,hard,16.1,annularis,3.391175265151515e-11,npp
1_castillohelmuth2005,1,castillohelmuth2005,shallow,hard,16.1,annularis,7.550163799715906e-11,npp
1_castillohelmuth2005,1,castillohelmuth2005,shallow,hard,16.1,annularis,7.870085994318179e-11,npp
1_castillohelmuth2005,1,castillohelmuth2005,shallow,hard,16.1,annularis,2.1114864865056817e-11,npp
1_castillohelmuth2005,1,castillohelmuth2005,shallow,hard,16.1,annularis,3.071253070549242e-11,npp
1_castillohelmuth2005,1,castillohelmuth2005,shallow,hard,16.1,annularis,4.990786240530303e-11,npp
2_castillohelmuth2005,2,castillohelmuth2005,shallow,hard,16.1,annularis,1.0429463553503787e-10,npp
2_castillohelmuth2005,2,castillohelmuth2005,shallow,hard,16.1,annularis,1.1069307945075756e-10,npp
2_castillohelmuth2005,2,castillohelmuth2005,shallow,hard,16.1,annularis,1.4268529893465907e-10,npp
2_castillohelmuth2005,2,castillohelmuth2005,shallow,hard,16.1,annularis,1.7787674038825758e-10,npp
2_castillohelmuth2005,2,castillohelmuth2005,shallow,hard,16.1,annularis,1.9067362817234848e-10,npp
2_castillohelmuth2005,2,castillohelmuth2005,shallow,hard,16.1,annularis,2.0666973792613635e-10,npp
2_castillohelmuth2005,2,castillohelmuth2005,shallow,hard,16.1,annularis,2.0347051598011358e-10,npp
2_castillohelmuth2005,2,castillohelmuth2005,shallow,hard,16.1,annularis,2.130681818181818e-10,npp
2_castillohelmuth2005,2,castillohelmuth2005,shallow,hard,16.1,annularis,2.2266584765625003e-10,npp
2_castillohelmuth2005,2,castillohelmuth2005,shallow,hard,16.1,annularis,1.9067362817234848e-10,npp
2_castillohelmuth2005,2,castillohelmuth2005,shallow,hard,16.1,annularis,2.5145884517045453e-10,npp
2_castillohelmuth2005,2,castillohelmuth2005,shallow,hard,16.1,annularis,2.6585534398674236e-10,npp
2_castillohelmuth2005,2,castillohelmuth2005,shallow,hard,16.1,annularis,5.3107084351325754e-11,npp
2_castillohelmuth2005,2,castillohelmuth2005,shallow,hard,16.1,annularis,6.590397215909089e-11,npp
2_castillohelmuth2005,2,castillohelmuth2005,shallow,hard,16.1,annularis,8.509930385890152e-11,npp
2_castillohelmuth2005,2,castillohelmuth2005,shallow,hard,16.1,annularis,8.317977069128788e-12,npp
2_castillohelmuth2005,2,castillohelmuth2005,shallow,hard,16.1,annularis,2.4314086813446966e-11,npp
2_castillohelmuth2005,2,castillohelmuth2005,shallow,hard,16.1,annularis,1.7915642916666668e-11,npp
5_silbiger2019,5,silbiger2019,shallow,hard,9.14,franksi,1.4943817613636363e-10,npp
5_silbiger2019,5,silbiger2019,shallow,hard,9.14,franksi,1.6142902431818178e-10,npp
5_silbiger2019,5,silbiger2019,shallow,hard,9.14,franksi,3.066128168939393e-10,npp
5_silbiger2019,5,silbiger2019,shallow,hard,9.14,franksi,1.5783115545454543e-10,npp
5_silbiger2019,5,silbiger2019,shallow,hard,9.14,franksi,2.0074199196969695e-10,npp
5_silbiger2019,5,silbiger2019,shallow,hard,9.14,franksi,1.8035932022727271e-10,npp
5_silbiger2019,5,silbiger2019,shallow,hard,9.14,franksi,1.814469803030303e-10,npp
5_silbiger2019,5,silbiger2019,shallow,hard,9.14,franksi,2.6269492704545456e-10,npp
5_silbiger2019,5,silbiger2019,shallow,hard,9.14,franksi,2.2368707954545456e-11,npp
6_silbiger2019,6,silbiger2019,shallow,hard,9.14,franksi,1.1934818984848484e-10,npp
6_silbiger2019,6,silbiger2019,shallow,hard,9.14,franksi,1.8184396219696968e-10,npp
6_silbiger2019,6,silbiger2019,shallow,hard,9.14,franksi,1.3558975113636363e-10,npp
6_silbiger2019,6,silbiger2019,shallow,hard,9.14,franksi,2.0028898878787878e-10,npp
6_silbiger2019,6,silbiger2019,shallow,hard,9.14,franksi,1.8673378939393936e-10,npp
6_silbiger2019,6,silbiger2019,shallow,hard,9.14,franksi,1.9966912439393937e-10,npp
6_silbiger2019,6,silbiger2019,shallow,hard,9.14,franksi,1.9295978984848488e-10,npp
6_silbiger2019,6,silbiger2019,shallow,hard,9.14,franksi,1.963412615151515e-10,npp
6_silbiger2019,6,silbiger2019,shallow,hard,9.14,franksi,2.6638193674242417e-10,npp
6_silbiger2019,6,silbiger2019,shallow,hard,9.14,franksi,3.6797005151515146e-11,npp
7_silbiger2019,7,silbiger2019,shallow,hard,9.14,franksi,1.5162868901515148e-10,npp
7_silbiger2019,7,silbiger2019,shallow,hard,9.14,franksi,1.220460240909091e-10,npp
7_silbiger2019,7,silbiger2019,shallow,hard,9.14,franksi,9.861688689393938e-11,npp
7_silbiger2019,7,silbiger2019,shallow,hard,9.14,franksi,1.773996620454545e-10,npp
7_silbiger2019,7,silbiger2019,shallow,hard,9.14,franksi,1.4940379363636362e-10,npp
7_silbiger2019,7,silbiger2019,shallow,hard,9.14,franksi,1.1191943780303028e-10,npp
7_silbiger2019,7,silbiger2019,shallow,hard,9.14,franksi,1.4057973272727272e-10,npp
7_silbiger2019,7,silbiger2019,shallow,hard,9.14,franksi,1.562093731060606e-10,npp
8_silbiger2019,8,silbiger2019,shallow,hard,9.14,franksi,1.1892998113636362e-10,npp
8_silbiger2019,8,silbiger2019,shallow,hard,9.14,franksi,1.5320780060606058e-10,npp
8_silbiger2019,8,silbiger2019,shallow,hard,9.14,franksi,1.435476375e-10,npp
8_silbiger2019,8,silbiger2019,shallow,hard,9.14,franksi,1.6806608598484843e-10,npp
8_silbiger2019,8,silbiger2019,shallow,hard,9.14,franksi,1.51126675530303e-10,npp
8_silbiger2019,8,silbiger2019,shallow,hard,9.14,franksi,1.6263831840909088e-10,npp
8_silbiger2019,8,silbiger2019,shallow,hard,9.14,franksi,1.2753990325757575e-10,npp
8_silbiger2019,8,silbiger2019,shallow,hard,9.14,franksi,1.6799600068181818e-10,npp
8_silbiger2019,8,silbiger2019,shallow,hard,9.14,franksi,9.095237272727274e-11,npp
1_silbiger2019,1,silbiger2019,shallow,hard,32.27,franksi,8.590819484848484e-11,npp
1_silbiger2019,1,silbiger2019,shallow,hard,32.27,franksi,5.876662734848485e-11,npp
1_silbiger2019,1,silbiger2019,shallow,hard,32.27,franksi,3.84322384090909e-11,npp
1_silbiger2019,1,silbiger2019,shallow,hard,32.27,franksi,9.873639393939394e-11,npp
1_silbiger2019,1,silbiger2019,shallow,hard,32.27,franksi,8.092022901515152e-11,npp
1_silbiger2019,1,silbiger2019,shallow,hard,32.27,franksi,8.372436393939395e-11,npp
1_silbiger2019,1,silbiger2019,shallow,hard,32.27,franksi,3.193752568181818e-11,npp
1_silbiger2019,1,silbiger2019,shallow,hard,32.27,franksi,-4.325018075757575e-11,npp
2_silbiger2019,2,silbiger2019,shallow,hard,32.27,franksi,4.6839146212121215e-11,npp
2_silbiger2019,2,silbiger2019,shallow,hard,32.27,franksi,5.113654916666666e-11,npp
2_silbiger2019,2,silbiger2019,shallow,hard,32.27,franksi,5.247376840909091e-11,npp
2_silbiger2019,2,silbiger2019,shallow,hard,32.27,franksi,1.2558718606060607e-10,npp
2_silbiger2019,2,silbiger2019,shallow,hard,32.27,franksi,6.295206257575757e-11,npp
2_silbiger2019,2,silbiger2019,shallow,hard,32.27,franksi,6.025713863636364e-11,npp
2_silbiger2019,2,silbiger2019,shallow,hard,32.27,franksi,7.025355606060607e-12,npp
2_silbiger2019,2,silbiger2019,shallow,hard,32.27,franksi,-4.7601601287878785e-11,npp
3_silbiger2019,3,silbiger2019,shallow,hard,32.27,franksi,6.946124931818181e-11,npp
3_silbiger2019,3,silbiger2019,shallow,hard,32.27,franksi,8.080706212121213e-11,npp
3_silbiger2019,3,silbiger2019,shallow,hard,32.27,franksi,6.795261257575757e-11,npp
3_silbiger2019,3,silbiger2019,shallow,hard,32.27,franksi,9.931801462121211e-11,npp
3_silbiger2019,3,silbiger2019,shallow,hard,32.27,franksi,9.549656719696968e-11,npp
3_silbiger2019,3,silbiger2019,shallow,hard,32.27,franksi,7.795175598484849e-11,npp
3_silbiger2019,3,silbiger2019,shallow,hard,32.27,franksi,4.8266609696969685e-11,npp
3_silbiger2019,3,silbiger2019,shallow,hard,32.27,franksi,-3.904557606060606e-11,npp
4_silbiger2019,4,silbiger2019,shallow,hard,32.27,franksi,6.683083886363636e-11,npp
4_silbiger2019,4,silbiger2019,shallow,hard,32.27,franksi,9.07620146969697e-11,npp
4_silbiger2019,4,silbiger2019,shallow,hard,32.27,franksi,5.7536107575757577e-11,npp
4_silbiger2019,4,silbiger2019,shallow,hard,32.27,franksi,1.0055756568181817e-10,npp
4_silbiger2019,4,silbiger2019,shallow,hard,32.27,franksi,9.731296954545455e-11,npp
4_silbiger2019,4,silbiger2019,shallow,hard,32.27,franksi,5.737644090909089e-11,npp
4_silbiger2019,4,silbiger2019,shallow,hard,32.27,franksi,8.593811969696969e-11,npp
4_silbiger2019,4,silbiger2019,shallow,hard,32.27,franksi,-2.9837056666666664e-11,npp
3_hadjioannou2019,3,hadjioannou2019,shallow,hard,34.58,caespitosa,3.608502636363636e-11,npp
3_hadjioannou2019,3,hadjioannou2019,shallow,hard,34.58,caespitosa,-5.246315303030302e-12,npp
3_hadjioannou2019,3,hadjioannou2019,shallow,hard,34.58,caespitosa,-1.9432765757575753e-11,npp
4_hadjioannou2019,4,hadjioannou2019,shallow,hard,34.58,caespitosa,3.50234553030303e-11,npp
4_hadjioannou2019,4,hadjioannou2019,shallow,hard,34.58,caespitosa,6.028157507575758e-11,npp
4_hadjioannou2019,4,hadjioannou2019,shallow,hard,34.58,caespitosa,1.630120090909091e-11,npp
1_juillet-leclerc2014,1,juillet,shallow,hard,43.7328,sp.,8.1535563e-8,npp
1_juillet-leclerc2014,1,juillet,shallow,hard,43.7328,sp.,1.25058879e-7,npp
1_juillet-leclerc2014,1,juillet,shallow,hard,43.7328,sp.,1.9189825718181818e-7,npp
2_rodolfo-metalpa2006,2,rodolfo,shallow,hard,44.03,caespitosa,2.221736596827651e-5,npp
2_rodolfo-metalpa2006,2,rodolfo,shallow,hard,44.03,caespitosa,1.9303613056344698e-5,npp
2_rodolfo-metalpa2006,2,rodolfo,shallow,hard,44.03,caespitosa,2.2581585085227272e-5,npp
2_rodolfo-metalpa2006,2,rodolfo,shallow,hard,44.03,caespitosa,1.9303613056344698e-5,npp
3_godefroid2023,3,godefroid2023,deep,hard,-17.28,speciosa,1.934235977272727e-11,npp
3_godefroid2023,3,godefroid2023,deep,hard,-17.28,speciosa,1.7730496439393936e-11,npp
3_godefroid2023,3,godefroid2023,deep,hard,-17.28,speciosa,1.6602192121212118e-11,npp
3_godefroid2023,3,godefroid2023,deep,hard,-17.28,speciosa,1.5232108333333334e-11,npp
3_godefroid2023,3,godefroid2023,deep,hard,-17.28,speciosa,1.3217279166666664e-11,npp
3_godefroid2023,3,godefroid2023,deep,hard,-17.28,speciosa,1.3056092878787875e-11,npp
3_godefroid2023,3,godefroid2023,deep,hard,-17.28,speciosa,1.2814313333333333e-11,npp
3_godefroid2023,3,godefroid2023,deep,hard,-17.28,speciosa,1.2088974848484847e-11,npp
3_godefroid2023,3,godefroid2023,deep,hard,-17.28,speciosa,1.24113475e-11,npp
3_godefroid2023,3,godefroid2023,deep,hard,-17.28,speciosa,9.268214090909092e-12,npp
4_godefroid2023,4,godefroid2023,deep,hard,-17.28,speciosa,-1.779359393939394e-12,npp
4_godefroid2023,4,godefroid2023,deep,hard,-17.28,speciosa,-2.021999318181818e-12,npp
4_godefroid2023,4,godefroid2023,deep,hard,-17.28,speciosa,-2.021999318181818e-12,npp
4_godefroid2023,4,godefroid2023,deep,hard,-17.28,speciosa,-2.669039166666667e-12,npp
4_godefroid2023,4,godefroid2023,deep,hard,-17.28,speciosa,-2.669039166666667e-12,npp
4_godefroid2023,4,godefroid2023,deep,hard,-17.28,speciosa,-2.2646392424242424e-12,npp
4_godefroid2023,4,godefroid2023,deep,hard,-17.28,speciosa,-2.102879318181818e-12,npp
4_godefroid2023,4,godefroid2023,deep,hard,-17.28,speciosa,-2.5881591666666663e-12,npp
4_godefroid2023,4,godefroid2023,deep,hard,-17.28,speciosa,-2.992559015151515e-12,npp
4_godefroid2023,4,godefroid2023,deep,hard,-17.28,speciosa,-3.720478787878787e-12,npp
1_graham2016,1,graham2016,shallow,hard,25.0115,sp.,5.3537371282196315e-9,npp
1_graham2016,1,graham2016,shallow,hard,25.0115,sp.,8.864269231294898e-10,npp
1_graham2016,1,graham2016,shallow,hard,25.0115,sp.,4.4321346156474496e-10,npp
2_graham2016,2,graham2016,shallow,hard,24.771,sp.,4.533246057765846e-9,npp
2_graham2016,2,graham2016,shallow,hard,24.771,sp.,3.609054264751169e-9,npp
2_graham2016,2,graham2016,shallow,hard,24.771,sp.,4.519226680099595e-9,npp
1_hill2014,1,hill2014,shallow,hard,-23.27,damicornis,4.9032600075757575e-11,npp
1_hill2014,1,hill2014,shallow,hard,-23.27,damicornis,4.2494920075757566e-11,npp
1_hill2014,1,hill2014,shallow,hard,-23.27,damicornis,4.161144977272727e-11,npp
1_jurriaans2019,1,jurriaans2019,shallow,hard,-23.26,spp,5.812672174242424e-11,npp
1_jurriaans2019,1,jurriaans2019,shallow,hard,-23.26,spp,5.764462810606061e-11,npp
1_jurriaans2019,1,jurriaans2019,shallow,hard,-23.26,spp,4.944903583333333e-11,npp
1_jurriaans2019,1,jurriaans2019,shallow,hard,-23.26,spp,5.4269972424242415e-11,npp
1_jurriaans2019,1,jurriaans2019,shallow,hard,-23.26,spp,4.655647386363637e-11,npp
1_jurriaans2019,1,jurriaans2019,shallow,hard,-23.26,spp,4.7520661136363633e-11,npp
1_jurriaans2019,1,jurriaans2019,shallow,hard,-23.26,spp,3.9807162499999996e-11,npp
1_jurriaans2019,1,jurriaans2019,shallow,hard,-23.26,spp,4.5592286515151505e-11,npp
1_jurriaans2019,1,jurriaans2019,shallow,hard,-23.26,spp,3.7396694242424245e-11,npp
1_jurriaans2019,1,jurriaans2019,shallow,hard,-23.26,spp,4.366391181818181e-11,npp
1_jurriaans2019,1,jurriaans2019,shallow,hard,-23.26,spp,4.0771349848484845e-11,npp
1_jurriaans2019,1,jurriaans2019,shallow,hard,-23.26,spp,4.462809916666667e-11,npp
2_jurriaans2019,2,jurriaans2019,shallow,hard,-18.37,spp,3.168044090909091e-12,npp
2_jurriaans2019,2,jurriaans2019,shallow,hard,-18.37,spp,1.6385575227272726e-11,npp
2_jurriaans2019,2,jurriaans2019,shallow,hard,-18.37,spp,1.857945977272727e-11,npp
2_jurriaans2019,2,jurriaans2019,shallow,hard,-18.37,spp,2.022487318181818e-11,npp
2_jurriaans2019,2,jurriaans2019,shallow,hard,-18.37,spp,1.912793090909091e-11,npp
2_jurriaans2019,2,jurriaans2019,shallow,hard,-18.37,spp,1.8030988636363635e-11,npp
2_jurriaans2019,2,jurriaans2019,shallow,hard,-18.37,spp,1.4740161818181816e-11,npp
2_jurriaans2019,2,jurriaans2019,shallow,hard,-18.37,spp,2.241875772727273e-11,npp
2_jurriaans2019,2,jurriaans2019,shallow,hard,-18.37,spp,1.8030988636363635e-11,npp
2_jurriaans2019,2,jurriaans2019,shallow,hard,-18.37,spp,2.5161113409090912e-11,npp
2_jurriaans2019,2,jurriaans2019,shallow,hard,-18.37,spp,2.35157e-11,npp
2_jurriaans2019,2,jurriaans2019,shallow,hard,-18.37,spp,1.8853695303030304e-11,npp
2_jurriaans2019,2,jurriaans2019,shallow,hard,-18.37,spp,1.4740161818181816e-11,npp
2_jurriaans2019,2,jurriaans2019,shallow,hard,-18.37,spp,1.5768545454545453e-12,npp
3_jurriaans2019,3,jurriaans2019,shallow,hard,-14.4,spp,2.2865013787878784e-11,npp
3_jurriaans2019,3,jurriaans2019,shallow,hard,-14.4,spp,2.2865013787878784e-11,npp
3_jurriaans2019,3,jurriaans2019,shallow,hard,-14.4,spp,2.1212121212121217e-11,npp
3_jurriaans2019,3,jurriaans2019,shallow,hard,-14.4,spp,2.01101928030303e-11,npp
3_jurriaans2019,3,jurriaans2019,shallow,hard,-14.4,spp,1.3498622575757574e-11,npp
3_jurriaans2019,3,jurriaans2019,shallow,hard,-14.4,spp,1.597796143939394e-11,npp
3_jurriaans2019,3,jurriaans2019,shallow,hard,-14.4,spp,1.625344356060606e-11,npp
3_jurriaans2019,3,jurriaans2019,shallow,hard,-14.4,spp,1.404958674242424e-11,npp
3_jurriaans2019,3,jurriaans2019,shallow,hard,-14.4,spp,1.515151515151515e-11,npp
3_jurriaans2019,3,jurriaans2019,shallow,hard,-14.4,spp,8.539944924242424e-12,npp
3_jurriaans2019,3,jurriaans2019,shallow,hard,-14.4,spp,1.515151515151515e-11,npp
3_jurriaans2019,3,jurriaans2019,shallow,hard,-14.4,spp,1.184573e-11,npp
3_jurriaans2019,3,jurriaans2019,shallow,hard,-14.4,spp,-3.0303030303030305e-12,npp
3_jurriaans2019,3,jurriaans2019,shallow,hard,-14.4,spp,-1.404958674242424e-11,npp
7_jurriaans2019,7,jurriaans2019,shallow,hard,-23.26,cylindrica,6.87711918939394e-11,npp
7_jurriaans2019,7,jurriaans2019,shallow,hard,-23.26,cylindrica,7.235944409090909e-11,npp
7_jurriaans2019,7,jurriaans2019,shallow,hard,-23.26,cylindrica,6.815930962121212e-11,npp
7_jurriaans2019,7,jurriaans2019,shallow,hard,-23.26,cylindrica,6.820520083333332e-11,npp
7_jurriaans2019,7,jurriaans2019,shallow,hard,-23.26,cylindrica,6.258681075757576e-11,npp
7_jurriaans2019,7,jurriaans2019,shallow,hard,-23.26,cylindrica,7.396344962121209e-11,npp
7_jurriaans2019,7,jurriaans2019,shallow,hard,-23.26,cylindrica,8.534008848484849e-11,npp
7_jurriaans2019,7,jurriaans2019,shallow,hard,-23.26,cylindrica,7.684366674242424e-11,npp
7_jurriaans2019,7,jurriaans2019,shallow,hard,-23.26,cylindrica,1.0946136007575756e-10,npp
7_jurriaans2019,7,jurriaans2019,shallow,hard,-23.26,cylindrica,9.534436295454544e-11,npp
7_jurriaans2019,7,jurriaans2019,shallow,hard,-23.26,cylindrica,8.406387704545453e-11,npp
7_jurriaans2019,7,jurriaans2019,shallow,hard,-23.26,cylindrica,8.55280237878788e-11,npp
7_jurriaans2019,7,jurriaans2019,shallow,hard,-18.37,cylindrica,3.6013639696969686e-11,npp
8_jurriaans2019,8,jurriaans2019,shallow,hard,-18.37,cylindrica,1.6913319242424242e-11,npp
8_jurriaans2019,8,jurriaans2019,shallow,hard,-18.37,cylindrica,1.7970401666666666e-11,npp
8_jurriaans2019,8,jurriaans2019,shallow,hard,-18.37,cylindrica,1.8675123333333333e-11,npp
8_jurriaans2019,8,jurriaans2019,shallow,hard,-18.37,cylindrica,1.7265680075757575e-11,npp
8_jurriaans2019,8,jurriaans2019,shallow,hard,-18.37,cylindrica,1.708949962121212e-11,npp
8_jurriaans2019,8,jurriaans2019,shallow,hard,-18.37,cylindrica,1.4799154318181817e-11,npp
8_jurriaans2019,8,jurriaans2019,shallow,hard,-18.37,cylindrica,1.4446793484848486e-11,npp
8_jurriaans2019,8,jurriaans2019,shallow,hard,-18.37,cylindrica,1.338971106060606e-11,npp
8_jurriaans2019,8,jurriaans2019,shallow,hard,-18.37,cylindrica,1.0570824545454544e-11,npp
8_jurriaans2019,8,jurriaans2019,shallow,hard,-18.37,cylindrica,1.1275546136363637e-11,npp
8_jurriaans2019,8,jurriaans2019,shallow,hard,-18.37,cylindrica,1.0923185378787879e-11,npp
8_jurriaans2019,8,jurriaans2019,shallow,hard,-18.37,cylindrica,1.0923185378787879e-11,npp
8_jurriaans2019,8,jurriaans2019,shallow,hard,-18.37,cylindrica,7.399577196969696e-12,npp
9_jurriaans2019,9,jurriaans2019,shallow,hard,-14.4,cylindrica,4.359066856060606e-11,npp
9_jurriaans2019,9,jurriaans2019,shallow,hard,-14.4,cylindrica,4.845670393939394e-11,npp
9_jurriaans2019,9,jurriaans2019,shallow,hard,-14.4,cylindrica,4.2151115151515146e-11,npp
9_jurriaans2019,9,jurriaans2019,shallow,hard,-14.4,cylindrica,4.282563643939393e-11,npp
9_jurriaans2019,9,jurriaans2019,shallow,hard,-14.4,cylindrica,3.5121439696969686e-11,npp
9_jurriaans2019,9,jurriaans2019,shallow,hard,-14.4,cylindrica,4.207999954545454e-11,npp
9_jurriaans2019,9,jurriaans2019,shallow,hard,-14.4,cylindrica,4.764210636363635e-11,npp
9_jurriaans2019,9,jurriaans2019,shallow,hard,-14.4,cylindrica,4.761947863636364e-11,npp
9_jurriaans2019,9,jurriaans2019,shallow,hard,-14.4,cylindrica,4.620039787878787e-11,npp
9_jurriaans2019,9,jurriaans2019,shallow,hard,-14.4,cylindrica,3.9215977803030305e-11,npp
9_jurriaans2019,9,jurriaans2019,shallow,hard,-14.4,cylindrica,5.0366051742424234e-11,npp
9_jurriaans2019,9,jurriaans2019,shallow,hard,-14.4,cylindrica,3.8472495909090896e-11,npp
9_jurriaans2019,9,jurriaans2019,shallow,hard,-14.4,cylindrica,2.972095939393939e-11,npp
9_jurriaans2019,9,jurriaans2019,shallow,hard,-14.4,cylindrica,6.306666287878788e-12,npp
1_jurriaans2021,1,jurriaans2021,shallow,hard,42.5,caespitosa,5.5054134621212105e-11,npp
1_jurriaans2021,1,jurriaans2021,shallow,hard,42.5,caespitosa,5.870440484848485e-11,npp
1_jurriaans2021,1,jurriaans2021,shallow,hard,42.5,caespitosa,5.6310187651515144e-11,npp
1_jurriaans2021,1,jurriaans2021,shallow,hard,42.5,caespitosa,5.391811393939394e-11,npp
1_jurriaans2021,1,jurriaans2021,shallow,hard,42.5,caespitosa,5.212620204545455e-11,npp
1_jurriaans2021,1,jurriaans2021,shallow,hard,42.5,caespitosa,5.456971825757575e-11,npp
1_jurriaans2021,1,jurriaans2021,shallow,hard,42.5,caespitosa,5.4595439469696973e-11,npp
1_jurriaans2021,1,jurriaans2021,shallow,hard,42.5,caespitosa,6.547551681818182e-11,npp
1_jurriaans2021,1,jurriaans2021,shallow,hard,42.5,caespitosa,5.885015840909089e-11,npp
1_jurriaans2021,1,jurriaans2021,shallow,hard,42.5,caespitosa,4.013582522727272e-11,npp
1_jurriaans2021,1,jurriaans2021,shallow,hard,42.5,caespitosa,5.225052128787879e-11,npp
1_jurriaans2021,1,jurriaans2021,shallow,hard,42.5,caespitosa,5.348085310606061e-11,npp
1_jurriaans2021,1,jurriaans2021,shallow,hard,42.5,caespitosa,2.9933073409090906e-11,npp
2_jurriaans2021,2,jurriaans2021,shallow,hard,42.5,singularis,2.28066e-11,npp
2_jurriaans2021,2,jurriaans2021,shallow,hard,42.5,singularis,2.359987310606061e-11,npp
2_jurriaans2021,2,jurriaans2021,shallow,hard,42.5,singularis,2.0625099166666662e-11,npp
2_jurriaans2021,2,jurriaans2021,shallow,hard,42.5,singularis,2.3004918257575755e-11,npp
2_jurriaans2021,2,jurriaans2021,shallow,hard,42.5,singularis,2.399650962121212e-11,npp
2_jurriaans2021,2,jurriaans2021,shallow,hard,42.5,singularis,2.3004918257575755e-11,npp
2_jurriaans2021,2,jurriaans2021,shallow,hard,42.5,singularis,2.260828174242424e-11,npp
2_jurriaans2021,2,jurriaans2021,shallow,hard,42.5,singularis,2.5186419166666667e-11,npp
2_jurriaans2021,2,jurriaans2021,shallow,hard,42.5,singularis,2.0030144393939393e-11,npp
2_jurriaans2021,2,jurriaans2021,shallow,hard,42.5,singularis,2.0823417424242425e-11,npp
2_jurriaans2021,2,jurriaans2021,shallow,hard,42.5,singularis,8.924321742424242e-12,npp
2_jurriaans2021,2,jurriaans2021,shallow,hard,42.5,singularis,1.1899095681818184e-11,npp
2_jurriaans2021,2,jurriaans2021,shallow,hard,42.5,singularis,6.3461843939393935e-12,npp
3_jurriaans2021,3,jurriaans2021,shallow,hard,-25,intermedia,5.890052356060606e-11,npp
3_jurriaans2021,3,jurriaans2021,shallow,hard,-25,intermedia,5.7710614015151505e-11,npp
3_jurriaans2021,3,jurriaans2021,shallow,hard,-25,intermedia,4.9381247045454535e-11,npp
3_jurriaans2021,3,jurriaans2021,shallow,hard,-25,intermedia,5.4140885303030296e-11,npp
3_jurriaans2021,3,jurriaans2021,shallow,hard,-25,intermedia,4.700142787878788e-11,npp
3_jurriaans2021,3,jurriaans2021,shallow,hard,-25,intermedia,4.8191337424242415e-11,npp
3_jurriaans2021,3,jurriaans2021,shallow,hard,-25,intermedia,3.867206090909091e-11,npp
3_jurriaans2021,3,jurriaans2021,shallow,hard,-25,intermedia,4.4621608787878775e-11,npp
3_jurriaans2021,3,jurriaans2021,shallow,hard,-25,intermedia,3.748215136363635e-11,npp
3_jurriaans2021,3,jurriaans2021,shallow,hard,-25,intermedia,4.4026653939393933e-11,npp
3_jurriaans2021,3,jurriaans2021,shallow,hard,-25,intermedia,4.105188007575758e-11,npp
3_jurriaans2021,3,jurriaans2021,shallow,hard,-25,intermedia,4.4621608787878775e-11,npp
4_jurriaans2021,4,jurriaans2021,shallow,hard,-25,cylindrica,6.863476045454545e-11,npp
4_jurriaans2021,4,jurriaans2021,shallow,hard,-25,cylindrica,7.336111454545456e-11,npp
4_jurriaans2021,4,jurriaans2021,shallow,hard,-25,cylindrica,6.698164598484847e-11,npp
4_jurriaans2021,4,jurriaans2021,shallow,hard,-25,cylindrica,6.853768159090909e-11,npp
4_jurriaans2021,4,jurriaans2021,shallow,hard,-25,cylindrica,6.216098674242423e-11,npp
4_jurriaans2021,4,jurriaans2021,shallow,hard,-25,cylindrica,7.323352515151515e-11,npp
4_jurriaans2021,4,jurriaans2021,shallow,hard,-25,cylindrica,7.558283378787879e-11,npp
4_jurriaans2021,4,jurriaans2021,shallow,hard,-25,cylindrica,8.431161098484848e-11,npp
4_jurriaans2021,4,jurriaans2021,shallow,hard,-25,cylindrica,1.0807651810606059e-10,npp
4_jurriaans2021,4,jurriaans2021,shallow,hard,-25,cylindrica,9.376431916666666e-11,npp
4_jurriaans2021,4,jurriaans2021,shallow,hard,-25,cylindrica,8.262521234848485e-11,npp
4_jurriaans2021,4,jurriaans2021,shallow,hard,-25,cylindrica,8.418402159090909e-11,npp
4_jurriaans2021,4,jurriaans2021,shallow,hard,-25,cylindrica,3.4967808636363633e-11,npp
1_jurriaans2020,1,jurriaans2020,shallow,hard,-18,valenciennesi,1.1623080151515151e-11,npp
1_jurriaans2020,1,jurriaans2020,shallow,hard,-18,valenciennesi,1.4667220151515148e-11,npp
1_jurriaans2020,1,jurriaans2020,shallow,hard,-18,valenciennesi,2.546008022727273e-11,npp
1_jurriaans2020,1,jurriaans2020,shallow,hard,-18,valenciennesi,3.4869240378787876e-11,npp
1_jurriaans2020,1,jurriaans2020,shallow,hard,-18,valenciennesi,3.4315760378787877e-11,npp
1_jurriaans2020,1,jurriaans2020,shallow,hard,-18,valenciennesi,3.5422720378787876e-11,npp
1_jurriaans2020,1,jurriaans2020,shallow,hard,-18,valenciennesi,3.985056037878788e-11,npp
1_jurriaans2020,1,jurriaans2020,shallow,hard,-18,valenciennesi,4.0404040378787874e-11,npp
1_jurriaans2020,1,jurriaans2020,shallow,hard,-18,valenciennesi,3.2932060303030305e-11,npp
1_jurriaans2020,1,jurriaans2020,shallow,hard,-18,valenciennesi,2.8780960303030297e-11,npp
1_jurriaans2020,1,jurriaans2020,shallow,hard,-18,valenciennesi,1.826484015151515e-11,npp
1_jurriaans2020,1,jurriaans2020,shallow,hard,-18,valenciennesi,1.3560260151515152e-11,npp
1_jurriaans2020,1,jurriaans2020,shallow,hard,-18,valenciennesi,1.771136015151515e-11,npp
1_jurriaans2020,1,jurriaans2020,shallow,hard,-18,valenciennesi,1.1069600075757576e-11,npp
2_jurriaans2020,2,jurriaans2020,shallow,hard,-18,valenciennesi,1.881832015151515e-11,npp
2_jurriaans2020,2,jurriaans2020,shallow,hard,-18,valenciennesi,1.881832015151515e-11,npp
2_jurriaans2020,2,jurriaans2020,shallow,hard,-18,valenciennesi,1.9925280227272728e-11,npp
2_jurriaans2020,2,jurriaans2020,shallow,hard,-18,valenciennesi,1.881832015151515e-11,npp
2_jurriaans2020,2,jurriaans2020,shallow,hard,-18,valenciennesi,1.798810015151515e-11,npp
2_jurriaans2020,2,jurriaans2020,shallow,hard,-18,valenciennesi,1.439048015151515e-11,npp
2_jurriaans2020,2,jurriaans2020,shallow,hard,-18,valenciennesi,1.881832015151515e-11,npp
2_jurriaans2020,2,jurriaans2020,shallow,hard,-18,valenciennesi,2.2692680227272724e-11,npp
2_jurriaans2020,2,jurriaans2020,shallow,hard,-18,valenciennesi,2.546008022727273e-11,npp
2_jurriaans2020,2,jurriaans2020,shallow,hard,-18,valenciennesi,2.3522900227272724e-11,npp
2_jurriaans2020,2,jurriaans2020,shallow,hard,-18,valenciennesi,1.9648540227272728e-11,npp
2_jurriaans2020,2,jurriaans2020,shallow,hard,-18,valenciennesi,1.6050920151515148e-11,npp
2_jurriaans2020,2,jurriaans2020,shallow,hard,-18,valenciennesi,1.93718e-12,npp
3_jurriaans2020,3,jurriaans2020,shallow,hard,-18,cylindrica,2.769779242424242e-11,npp
3_jurriaans2020,3,jurriaans2020,shallow,hard,-18,cylindrica,2.8520499090909087e-11,npp
3_jurriaans2020,3,jurriaans2020,shallow,hard,-18,cylindrica,2.7423556818181816e-11,npp
3_jurriaans2020,3,jurriaans2020,shallow,hard,-18,cylindrica,2.7423556818181816e-11,npp
3_jurriaans2020,3,jurriaans2020,shallow,hard,-18,cylindrica,3.373097492424242e-11,npp
3_jurriaans2020,3,jurriaans2020,shallow,hard,-18,cylindrica,3.3182503787878786e-11,npp
3_jurriaans2020,3,jurriaans2020,shallow,hard,-18,cylindrica,2.8794734696969693e-11,npp
3_jurriaans2020,3,jurriaans2020,shallow,hard,-18,cylindrica,2.5229672272727268e-11,npp
3_jurriaans2020,3,jurriaans2020,shallow,hard,-18,cylindrica,1.5082956287878788e-11,npp
3_jurriaans2020,3,jurriaans2020,shallow,hard,-18,cylindrica,2.2761552196969697e-11,npp
3_jurriaans2020,3,jurriaans2020,shallow,hard,-18,cylindrica,1.892225424242424e-11,npp
3_jurriaans2020,3,jurriaans2020,shallow,hard,-18,cylindrica,1.5905662954545453e-11,npp
3_jurriaans2020,3,jurriaans2020,shallow,hard,-18,cylindrica,1.2340600606060604e-11,npp
3_jurriaans2020,3,jurriaans2020,shallow,hard,-18,cylindrica,7.678595909090909e-12,npp
4_jurriaans2020,4,jurriaans2020,shallow,hard,-18,cylindrica,1.7825311969696968e-11,npp
4_jurriaans2020,4,jurriaans2020,shallow,hard,-18,cylindrica,1.8373783106060604e-11,npp
4_jurriaans2020,4,jurriaans2020,shallow,hard,-18,cylindrica,1.8648018636363637e-11,npp
4_jurriaans2020,4,jurriaans2020,shallow,hard,-18,cylindrica,1.7276840833333333e-11,npp
4_jurriaans2020,4,jurriaans2020,shallow,hard,-18,cylindrica,1.7002605227272727e-11,npp
4_jurriaans2020,4,jurriaans2020,shallow,hard,-18,cylindrica,1.4534485151515148e-11,npp
4_jurriaans2020,4,jurriaans2020,shallow,hard,-18,cylindrica,1.3437542878787878e-11,npp
4_jurriaans2020,4,jurriaans2020,shallow,hard,-18,cylindrica,1.6728369696969697e-11,npp
4_jurriaans2020,4,jurriaans2020,shallow,hard,-18,cylindrica,9.598244924242424e-12,npp
4_jurriaans2020,4,jurriaans2020,shallow,hard,-18,cylindrica,1.1517893863636363e-11,npp
4_jurriaans2020,4,jurriaans2020,shallow,hard,-18,cylindrica,1.1243658333333332e-11,npp
4_jurriaans2020,4,jurriaans2020,shallow,hard,-18,cylindrica,1.1243658333333332e-11,npp
4_jurriaans2020,4,jurriaans2020,shallow,hard,-18,cylindrica,7.678595909090909e-12,npp
2_zelli2023,2,zelli2023,shallow,soft,0,flava,8.025035628787879e-11,npp
2_zelli2023,2,zelli2023,shallow,soft,0,flava,7.033525439393939e-11,npp
2_zelli2023,2,zelli2023,shallow,soft,0,flava,3.4393009848484845e-11,npp
2_zelli2023,2,zelli2023,shallow,soft,0,flava,5.887091742424242e-12,npp
6_simancas-giraldo2021,6,simancas,shallow,soft,29.53,umbellata,1.4264156853693182e-5,npp
6_simancas-giraldo2021,6,simancas,shallow,soft,29.53,umbellata,3.1508883806818183e-6,npp
6_simancas-giraldo2021,6,simancas,shallow,soft,29.53,umbellata,2.576064148910985e-6,npp
6_simancas-giraldo2021,6,simancas,shallow,soft,29.53,umbellata,5.961140175189394e-7,npp
1_puntin2023,1,puntin2023,shallow,hard,22.3054,fascicularis,2.4809152462121217e-11,npp
1_puntin2023,1,puntin2023,shallow,hard,22.3054,fascicularis,3.089282433712121e-11,npp
1_puntin2023,1,puntin2023,shallow,hard,22.3054,fascicularis,2.247419981060606e-11,npp
1_puntin2023,1,puntin2023,shallow,hard,22.3054,fascicularis,2.293956912878788e-11,npp
1_puntin2023,1,puntin2023,shallow,hard,22.3054,fascicularis,2.3050572916666667e-11,npp
1_puntin2023,1,puntin2023,shallow,hard,22.3054,fascicularis,2.007644176136364e-11,npp
1_puntin2023,1,puntin2023,shallow,hard,22.3054,fascicularis,2.0777485795454547e-11,npp
1_puntin2023,1,puntin2023,shallow,hard,22.3054,fascicularis,2.365453598484849e-11,npp
1_puntin2023,1,puntin2023,shallow,hard,22.3054,fascicularis,1.4483667140151515e-11,npp
1_puntin2023,1,puntin2023,shallow,hard,22.3054,fascicularis,7.707445549242424e-12,npp
1_rodolfo-metalpa2014,1,rodolfo,shallow,hard,44.19,patagonica,8.936770303030303e-5,npp
1_rodolfo-metalpa2014,1,rodolfo,shallow,hard,44.19,patagonica,8.034894401515153e-5,npp
1_rodolfo-metalpa2014,1,rodolfo,shallow,hard,44.19,patagonica,1.2544273909090908e-4,npp
1_rodolfo-metalpa2014,1,rodolfo,shallow,hard,44.19,patagonica,5.1652892575757574e-5,npp
1_rodolfo-metalpa2014,1,rodolfo,shallow,hard,44.19,patagonica,5.1652892575757574e-5,npp
1_rodolfo-metalpa2014,1,rodolfo,shallow,hard,44.19,patagonica,4.591368227272727e-5,npp
1_rodolfo-metalpa2014,1,rodolfo,shallow,hard,44.19,patagonica,2.4596615151515153e-6,npp
3_rodolfo-metalpa2014,3,rodolfo,shallow,hard,38.2,patagonica,5.2742616060606064e-5,npp
3_rodolfo-metalpa2014,3,rodolfo,shallow,hard,38.2,patagonica,5.913566037878788e-5,npp
3_rodolfo-metalpa2014,3,rodolfo,shallow,hard,38.2,patagonica,7.112261856060607e-5,npp
3_rodolfo-metalpa2014,3,rodolfo,shallow,hard,38.2,patagonica,8.151131568181818e-5,npp
3_rodolfo-metalpa2014,3,rodolfo,shallow,hard,38.2,patagonica,3.8358266212121216e-5,npp
3_rodolfo-metalpa2014,3,rodolfo,shallow,hard,38.2,patagonica,5.5939138181818175e-5,npp
5_rodolfo-metalpa2014,5,rodolfo,shallow,hard,37.34,patagonica,3.978864272727273e-5,npp
5_rodolfo-metalpa2014,5,rodolfo,shallow,hard,37.34,patagonica,4.695059840909091e-5,npp
5_rodolfo-metalpa2014,5,rodolfo,shallow,hard,37.34,patagonica,5.570409984848485e-5,npp
5_rodolfo-metalpa2014,5,rodolfo,shallow,hard,37.34,patagonica,5.490832696969697e-5,npp
5_rodolfo-metalpa2014,5,rodolfo,shallow,hard,37.34,patagonica,4.3767506969696966e-5,npp
5_rodolfo-metalpa2014,5,rodolfo,shallow,hard,37.34,patagonica,4.217596128787879e-5,npp
5_rodolfo-metalpa2014,5,rodolfo,shallow,hard,37.34,patagonica,1.034504712121212e-5,npp
7_rodolfo-metalpa2014,7,rodolfo,shallow,hard,32.3,patagonica,7.347178681818182e-5,npp
7_rodolfo-metalpa2014,7,rodolfo,shallow,hard,32.3,patagonica,5.877742946969697e-5,npp
7_rodolfo-metalpa2014,7,rodolfo,shallow,hard,32.3,patagonica,1.1102403340909092e-4,npp
7_rodolfo-metalpa2014,7,rodolfo,shallow,hard,32.3,patagonica,7.673719954545454e-5,npp
7_rodolfo-metalpa2014,7,rodolfo,shallow,hard,32.3,patagonica,4.734848484848485e-5,npp
7_rodolfo-metalpa2014,7,rodolfo,shallow,hard,32.3,patagonica,4.734848484848485e-5,npp
7_rodolfo-metalpa2014,7,rodolfo,shallow,hard,32.3,patagonica,2.285788924242424e-5,npp
3_ezzat2013,3,ezzat2013,shallow,soft,43.19,singularis,3.3878724393939394e-11,npp
3_ezzat2013,3,ezzat2013,shallow,soft,43.19,singularis,-4.5287240151515145e-12,npp
3_ezzat2013,3,ezzat2013,shallow,soft,43.19,singularis,2.782398030303031e-12,npp
1_aichelman2019,1,aichelman2019,shallow,hard,41.4774,poculata,-1.0364057272727272e-11,npp
1_aichelman2019,1,aichelman2019,shallow,hard,41.4774,poculata,-3.1565659090909185e-13,npp
1_aichelman2019,1,aichelman2019,shallow,hard,41.4774,poculata,-6.026170833333333e-12,npp
1_aichelman2019,1,aichelman2019,shallow,hard,41.4774,poculata,8.207070681818181e-12,npp
1_aichelman2019,1,aichelman2019,shallow,hard,41.4774,poculata,-1.2521043787878784e-11,npp
1_aichelman2019,1,aichelman2019,shallow,hard,41.4774,poculata,-1.5017600000000017e-12,npp
1_aichelman2019,1,aichelman2019,shallow,hard,41.4774,poculata,6.236608484848486e-12,npp
1_aichelman2019,1,aichelman2019,shallow,hard,41.4774,poculata,-1.1473637878787872e-11,npp
1_aichelman2019,1,aichelman2019,shallow,hard,41.4774,poculata,-1.9795492803030297e-11,npp
2_aichelman2019,2,aichelman2019,deep,hard,37.8992,poculata,-6.88705227272727e-13,npp
2_aichelman2019,2,aichelman2019,deep,hard,37.8992,poculata,-6.7340067424242406e-12,npp
2_aichelman2019,2,aichelman2019,deep,hard,37.8992,poculata,-1.1574074090909093e-11,npp
2_aichelman2019,2,aichelman2019,deep,hard,37.8992,poculata,8.36968106060607e-13,npp
2_aichelman2019,2,aichelman2019,deep,hard,37.8992,poculata,-8.369681818181809e-13,npp
2_aichelman2019,2,aichelman2019,deep,hard,37.8992,poculata,-9.871441742424238e-12,npp
2_aichelman2019,2,aichelman2019,deep,hard,37.8992,poculata,-3.338307348484847e-12,npp
2_aichelman2019,2,aichelman2019,deep,hard,37.8992,poculata,-1.0713192500000002e-11,npp
2_aichelman2019,2,aichelman2019,deep,hard,37.8992,poculata,-2.101985765151515e-11,npp
1_kemp2011,1,kemp2011,shallow,hard,24.84,siderea,7.879099005681815e-7,npp
1_kemp2011,1,kemp2011,shallow,hard,24.84,siderea,1.2780201988636362e-6,npp
1_kemp2011,1,kemp2011,shallow,hard,24.84,siderea,-3.768433806818182e-7,npp
2_kemp2011,2,kemp2011,shallow,hard,24.84,siderea,1.8580634375e-6,npp
2_kemp2011,2,kemp2011,shallow,hard,24.84,siderea,1.5730002840909086e-6,npp
2_kemp2011,2,kemp2011,shallow,hard,24.84,siderea,2.832158806818182e-7,npp
3_kemp2011,3,kemp2011,shallow,hard,24.84,astreoides,2.6581750568181817e-6,npp
3_kemp2011,3,kemp2011,shallow,hard,24.84,astreoides,3.1484797869318173e-6,npp
3_kemp2011,3,kemp2011,shallow,hard,24.84,astreoides,2.991607670454545e-7,npp
4_kemp2011,4,kemp2011,shallow,hard,24.84,faveolata,3.6958068892045455e-6,npp
4_kemp2011,4,kemp2011,shallow,hard,24.84,faveolata,3.3524088494318175e-6,npp
4_kemp2011,4,kemp2011,shallow,hard,24.84,faveolata,1.1676700284090913e-7,npp
1_higuchi2015,1,higuchi2015,shallow,hard,33.9481,pruinosa,1.6666666666666674e-8,npp
1_higuchi2015,1,higuchi2015,shallow,hard,33.9481,pruinosa,3.4848484848484845e-8,npp
1_higuchi2015,1,higuchi2015,shallow,hard,33.9481,pruinosa,1.8939393939393937e-8,npp
5_nakamura2003,5,nakamura2003,shallow,hard,34.36,pruinosa,1.2180306212121212e-9,gpp
5_nakamura2003,5,nakamura2003,shallow,hard,34.36,pruinosa,2.272063068181818e-9,gpp
5_nakamura2003,5,nakamura2003,shallow,hard,34.36,pruinosa,3.189341809090909e-9,gpp
5_nakamura2003,5,nakamura2003,shallow,hard,34.36,pruinosa,3.9972562310606055e-9,gpp
5_nakamura2003,5,nakamura2003,shallow,hard,34.36,pruinosa,4.477077692424242e-9,gpp
5_nakamura2003,5,nakamura2003,shallow,hard,34.36,pruinosa,4.791500112121212e-9,gpp
5_nakamura2003,5,nakamura2003,shallow,hard,34.36,pruinosa,5.421697513636363e-9,gpp
5_nakamura2003,5,nakamura2003,shallow,hard,34.36,pruinosa,6.051991527272727e-9,gpp
5_nakamura2003,5,nakamura2003,shallow,hard,34.36,pruinosa,6.299413809090909e-9,gpp
5_nakamura2003,5,nakamura2003,shallow,hard,34.36,pruinosa,6.820246890909091e-9,gpp
5_nakamura2003,5,nakamura2003,shallow,hard,34.36,pruinosa,6.876329918939394e-9,gpp
6_nakamura2003,6,nakamura2003,shallow,hard,34.36,pruinosa,2.5850846196969692e-9,gpp
6_nakamura2003,6,nakamura2003,shallow,hard,34.36,pruinosa,3.87146794090909e-9,gpp
6_nakamura2003,6,nakamura2003,shallow,hard,34.36,pruinosa,4.488043108333333e-9,gpp
6_nakamura2003,6,nakamura2003,shallow,hard,34.36,pruinosa,4.858500249999999e-9,gpp
6_nakamura2003,6,nakamura2003,shallow,hard,34.36,pruinosa,5.311028937878787e-9,gpp
6_nakamura2003,6,nakamura2003,shallow,hard,34.36,pruinosa,5.447686031818181e-9,gpp
6_nakamura2003,6,nakamura2003,shallow,hard,34.36,pruinosa,6.351342538636363e-9,gpp
6_nakamura2003,6,nakamura2003,shallow,hard,34.36,pruinosa,7.008929326515151e-9,gpp
6_nakamura2003,6,nakamura2003,shallow,hard,34.36,pruinosa,7.229010528030303e-9,gpp
6_nakamura2003,6,nakamura2003,shallow,hard,34.36,pruinosa,7.859207931818182e-9,gpp
6_nakamura2003,6,nakamura2003,shallow,hard,34.36,pruinosa,6.766917293181818e-9,gpp
1_becker2021,1,becker2021,shallow,hard,-17.5388,spp.,5.0499872727272714e-11,gpp
1_becker2021,1,becker2021,shallow,hard,-17.5388,spp.,6.191342492424242e-11,gpp
1_becker2021,1,becker2021,shallow,hard,-17.5388,spp.,7.621879568181818e-11,gpp
1_becker2021,1,becker2021,shallow,hard,-17.5388,spp.,8.880924318181816e-11,gpp
1_becker2021,1,becker2021,shallow,hard,-17.5388,spp.,8.597100787878788e-11,gpp
1_becker2021,1,becker2021,shallow,hard,-17.5388,spp.,7.981585477272726e-11,gpp
1_becker2021,1,becker2021,shallow,hard,-17.5388,spp.,7.435942878787879e-11,gpp
1_becker2021,1,becker2021,shallow,hard,-17.5388,spp.,5.570931628787879e-11,gpp
1_becker2021,1,becker2021,shallow,hard,-17.5388,spp.,2.8271496212121208e-11,gpp
2_becker2021,2,becker2021,shallow,hard,-17.5388,spp.,3.858450992424243e-11,gpp
2_becker2021,2,becker2021,shallow,hard,-17.5388,spp.,4.973342772727273e-11,gpp
2_becker2021,2,becker2021,shallow,hard,-17.5388,spp.,5.5019824848484846e-11,gpp
2_becker2021,2,becker2021,shallow,hard,-17.5388,spp.,6.968364303030303e-11,gpp
2_becker2021,2,becker2021,shallow,hard,-17.5388,spp.,7.083226598484846e-11,gpp
2_becker2021,2,becker2021,shallow,hard,-17.5388,spp.,7.292115143939394e-11,gpp
2_becker2021,2,becker2021,shallow,hard,-17.5388,spp.,6.727636962121213e-11,gpp
2_becker2021,2,becker2021,shallow,hard,-17.5388,spp.,3.763506303030303e-11,gpp
2_becker2021,2,becker2021,shallow,hard,-17.5388,spp.,1.4692037045454544e-11,gpp
3_becker2021,3,becker2021,shallow,hard,-17.5388,spp.,4.3725274318181814e-11,gpp
3_becker2021,3,becker2021,shallow,hard,-17.5388,spp.,5.2451778636363625e-11,gpp
3_becker2021,3,becker2021,shallow,hard,-17.5388,spp.,6.508637742424242e-11,gpp
3_becker2021,3,becker2021,shallow,hard,-17.5388,spp.,8.339332704545454e-11,gpp
3_becker2021,3,becker2021,shallow,hard,-17.5388,spp.,7.978674742424242e-11,gpp
3_becker2021,3,becker2021,shallow,hard,-17.5388,spp.,7.526023363636362e-11,gpp
3_becker2021,3,becker2021,shallow,hard,-17.5388,spp.,6.866207856060606e-11,gpp
3_becker2021,3,becker2021,shallow,hard,-17.5388,spp.,3.493262053030303e-11,gpp
3_becker2021,3,becker2021,shallow,hard,-17.5388,spp.,9.026489696969696e-12,gpp
4_becker2021,4,becker2021,shallow,hard,-17.5388,spp.,5.6888507500000005e-11,gpp
4_becker2021,4,becker2021,shallow,hard,-17.5388,spp.,6.870129992424241e-11,gpp
4_becker2021,4,becker2021,shallow,hard,-17.5388,spp.,8.17116e-11,gpp
4_becker2021,4,becker2021,shallow,hard,-17.5388,spp.,1.0129662787878788e-10,gpp
4_becker2021,4,becker2021,shallow,hard,-17.5388,spp.,8.906390037878786e-11,gpp
4_becker2021,4,becker2021,shallow,hard,-17.5388,spp.,9.918389871212119e-11,gpp
4_becker2021,4,becker2021,shallow,hard,-17.5388,spp.,9.791285916666667e-11,gpp
4_becker2021,4,becker2021,shallow,hard,-17.5388,spp.,7.59020290151515e-11,gpp
4_becker2021,4,becker2021,shallow,hard,-17.5388,spp.,2.491962068181818e-11,gpp
5_becker2021,5,becker2021,shallow,hard,-17.5388,spp.,4.1751117499999994e-11,gpp
5_becker2021,5,becker2021,shallow,hard,-17.5388,spp.,4.489253030303031e-11,gpp
5_becker2021,5,becker2021,shallow,hard,-17.5388,spp.,5.92762528030303e-11,gpp
5_becker2021,5,becker2021,shallow,hard,-17.5388,spp.,7.381289696969696e-11,gpp
5_becker2021,5,becker2021,shallow,hard,-17.5388,spp.,7.201296325757576e-11,gpp
5_becker2021,5,becker2021,shallow,hard,-17.5388,spp.,7.091544257575757e-11,gpp
5_becker2021,5,becker2021,shallow,hard,-17.5388,spp.,6.002531e-11,gpp
5_becker2021,5,becker2021,shallow,hard,-17.5388,spp.,3.2187627196969696e-11,gpp
5_becker2021,5,becker2021,shallow,hard,-17.5388,spp.,9.661530681818184e-12,gpp
6_becker2021,6,becker2021,shallow,hard,-17.5388,spp.,5.3637944393939394e-11,gpp
6_becker2021,6,becker2021,shallow,hard,-17.5388,spp.,6.576059303030303e-11,gpp
6_becker2021,6,becker2021,shallow,hard,-17.5388,spp.,7.373613772727273e-11,gpp
6_becker2021,6,becker2021,shallow,hard,-17.5388,spp.,9.120532712121211e-11,gpp
6_becker2021,6,becker2021,shallow,hard,-17.5388,spp.,8.479992492424243e-11,gpp
6_becker2021,6,becker2021,shallow,hard,-17.5388,spp.,8.815049181818181e-11,gpp
6_becker2021,6,becker2021,shallow,hard,-17.5388,spp.,7.542784015151515e-11,gpp
6_becker2021,6,becker2021,shallow,hard,-17.5388,spp.,4.9785334166666655e-11,gpp
6_becker2021,6,becker2021,shallow,hard,-17.5388,spp.,2.5904875530303027e-11,gpp
7_becker2021,7,becker2021,shallow,hard,-17.5388,spp.,3.122233863636363e-11,gpp
7_becker2021,7,becker2021,shallow,hard,-17.5388,spp.,4.647234484848485e-11,gpp
7_becker2021,7,becker2021,shallow,hard,-17.5388,spp.,5.371183181818181e-11,gpp
7_becker2021,7,becker2021,shallow,hard,-17.5388,spp.,6.881838765151516e-11,gpp
7_becker2021,7,becker2021,shallow,hard,-17.5388,spp.,6.626118856060606e-11,gpp
7_becker2021,7,becker2021,shallow,hard,-17.5388,spp.,6.247134166666665e-11,gpp
7_becker2021,7,becker2021,shallow,hard,-17.5388,spp.,4.7898355075757573e-11,gpp
7_becker2021,7,becker2021,shallow,hard,-17.5388,spp.,3.283286659090909e-11,gpp
7_becker2021,7,becker2021,shallow,hard,-17.5388,spp.,7.619485454545455e-12,gpp
8_becker2021,8,becker2021,shallow,hard,-17.5388,spp.,5.840923606060606e-11,gpp
8_becker2021,8,becker2021,shallow,hard,-17.5388,spp.,6.739499666666667e-11,gpp
8_becker2021,8,becker2021,shallow,hard,-17.5388,spp.,7.479101333333333e-11,gpp
8_becker2021,8,becker2021,shallow,hard,-17.5388,spp.,8.906426098484848e-11,gpp
8_becker2021,8,becker2021,shallow,hard,-17.5388,spp.,9.657898522727271e-11,gpp
8_becker2021,8,becker2021,shallow,hard,-17.5388,spp.,9.254110113636364e-11,gpp
8_becker2021,8,becker2021,shallow,hard,-17.5388,spp.,9.752381946969695e-11,gpp
8_becker2021,8,becker2021,shallow,hard,-17.5388,spp.,7.010911575757575e-11,gpp
8_becker2021,8,becker2021,shallow,hard,-17.5388,spp.,3.5759340757575756e-11,gpp
9_becker2021,9,becker2021,shallow,hard,-17.5388,spp.,5.862051765151514e-11,gpp
9_becker2021,9,becker2021,shallow,hard,-17.5388,spp.,7.584670015151515e-11,gpp
9_becker2021,9,becker2021,shallow,hard,-17.5388,spp.,8.415800181818182e-11,gpp
9_becker2021,9,becker2021,shallow,hard,-17.5388,spp.,1.0122381787878788e-10,gpp
9_becker2021,9,becker2021,shallow,hard,-17.5388,spp.,9.947087083333332e-11,gpp
9_becker2021,9,becker2021,shallow,hard,-17.5388,spp.,1.0136154439393939e-10,gpp
9_becker2021,9,becker2021,shallow,hard,-17.5388,spp.,1.0032071984848483e-10,gpp
9_becker2021,9,becker2021,shallow,hard,-17.5388,spp.,7.792784553030302e-11,gpp
9_becker2021,9,becker2021,shallow,hard,-17.5388,spp.,4.8200027499999986e-11,gpp
10_becker2021,10,becker2021,shallow,hard,-17.5388,spp.,3.874075901515151e-11,gpp
10_becker2021,10,becker2021,shallow,hard,-17.5388,spp.,5.2926742727272715e-11,gpp
10_becker2021,10,becker2021,shallow,hard,-17.5388,spp.,7.507876439393939e-11,gpp
10_becker2021,10,becker2021,shallow,hard,-17.5388,spp.,8.243302469696969e-11,gpp
10_becker2021,10,becker2021,shallow,hard,-17.5388,spp.,7.863271492424242e-11,gpp
10_becker2021,10,becker2021,shallow,hard,-17.5388,spp.,7.756014909090909e-11,gpp
10_becker2021,10,becker2021,shallow,hard,-17.5388,spp.,6.886011522727271e-11,gpp
10_becker2021,10,becker2021,shallow,hard,-17.5388,spp.,4.4050673787878786e-11,gpp
10_becker2021,10,becker2021,shallow,hard,-17.5388,spp.,1.801301803030303e-11,gpp
11_becker2021,11,becker2021,shallow,hard,-17.5388,spp.,4.3325126666666665e-11,gpp
11_becker2021,11,becker2021,shallow,hard,-17.5388,spp.,5.162342651515151e-11,gpp
11_becker2021,11,becker2021,shallow,hard,-17.5388,spp.,6.071647143939393e-11,gpp
11_becker2021,11,becker2021,shallow,hard,-17.5388,spp.,7.517738280303029e-11,gpp
11_becker2021,11,becker2021,shallow,hard,-17.5388,spp.,7.136419e-11,gpp
11_becker2021,11,becker2021,shallow,hard,-17.5388,spp.,7.201291590909091e-11,gpp
11_becker2021,11,becker2021,shallow,hard,-17.5388,spp.,6.172322037878788e-11,gpp
11_becker2021,11,becker2021,shallow,hard,-17.5388,spp.,3.9975906287878785e-11,gpp
11_becker2021,11,becker2021,shallow,hard,-17.5388,spp.,1.8755455075757577e-11,gpp
12_becker2021,12,becker2021,shallow,hard,-17.5388,spp.,3.113649734848485e-11,gpp
12_becker2021,12,becker2021,shallow,hard,-17.5388,spp.,3.294171787878788e-11,gpp
12_becker2021,12,becker2021,shallow,hard,-17.5388,spp.,3.9070886590909087e-11,gpp
12_becker2021,12,becker2021,shallow,hard,-17.5388,spp.,5.64517575e-11,gpp
12_becker2021,12,becker2021,shallow,hard,-17.5388,spp.,5.3413479999999986e-11,gpp
12_becker2021,12,becker2021,shallow,hard,-17.5388,spp.,5.8191637575757576e-11,gpp
12_becker2021,12,becker2021,shallow,hard,-17.5388,spp.,4.9370548106060607e-11,gpp
12_becker2021,12,becker2021,shallow,hard,-17.5388,spp.,3.9809380454545447e-11,gpp
12_becker2021,12,becker2021,shallow,hard,-17.5388,spp.,2.092260287878788e-11,gpp
13_becker2021,13,becker2021,shallow,hard,-17.5388,spp.,3.3168450378787875e-11,gpp
13_becker2021,13,becker2021,shallow,hard,-17.5388,spp.,3.32018675e-11,gpp
13_becker2021,13,becker2021,shallow,hard,-17.5388,spp.,3.756688439393939e-11,gpp
13_becker2021,13,becker2021,shallow,hard,-17.5388,spp.,3.3803428560606064e-11,gpp
13_becker2021,13,becker2021,shallow,hard,-17.5388,spp.,4.035645863636363e-11,gpp
13_becker2021,13,becker2021,shallow,hard,-17.5388,spp.,3.853935439393939e-11,gpp
13_becker2021,13,becker2021,shallow,hard,-17.5388,spp.,3.2853107272727276e-11,gpp
13_becker2021,13,becker2021,shallow,hard,-17.5388,spp.,2.1591152045454543e-11,gpp
13_becker2021,13,becker2021,shallow,hard,-17.5388,spp.,3.3096423484848484e-12,gpp
14_becker2021,14,becker2021,shallow,hard,-17.5388,spp.,4.031421575757576e-11,gpp
14_becker2021,14,becker2021,shallow,hard,-17.5388,spp.,4.29271546969697e-11,gpp
14_becker2021,14,becker2021,shallow,hard,-17.5388,spp.,5.508644037878788e-11,gpp
14_becker2021,14,becker2021,shallow,hard,-17.5388,spp.,7.075650598484848e-11,gpp
14_becker2021,14,becker2021,shallow,hard,-17.5388,spp.,6.945740977272727e-11,gpp
14_becker2021,14,becker2021,shallow,hard,-17.5388,spp.,6.627736742424243e-11,gpp
14_becker2021,14,becker2021,shallow,hard,-17.5388,spp.,5.284828674242424e-11,gpp
14_becker2021,14,becker2021,shallow,hard,-17.5388,spp.,3.2194243712121205e-11,gpp
14_becker2021,14,becker2021,shallow,hard,-17.5388,spp.,1.104238696969697e-11,gpp
15_becker2021,15,becker2021,shallow,hard,-17.5388,spp.,5.076966651515152e-11,gpp
15_becker2021,15,becker2021,shallow,hard,-17.5388,spp.,5.999154545454545e-11,gpp
15_becker2021,15,becker2021,shallow,hard,-17.5388,spp.,6.944849931818182e-11,gpp
15_becker2021,15,becker2021,shallow,hard,-17.5388,spp.,8.520542492424242e-11,gpp
15_becker2021,15,becker2021,shallow,hard,-17.5388,spp.,8.410873909090907e-11,gpp
15_becker2021,15,becker2021,shallow,hard,-17.5388,spp.,8.56266e-11,gpp
15_becker2021,15,becker2021,shallow,hard,-17.5388,spp.,8.10574303030303e-11,gpp
15_becker2021,15,becker2021,shallow,hard,-17.5388,spp.,6.182498628787878e-11,gpp
15_becker2021,15,becker2021,shallow,hard,-17.5388,spp.,3.40436025e-11,gpp
16_becker2021,16,becker2021,shallow,hard,-17.5388,spp.,3.745169863636364e-11,gpp
16_becker2021,16,becker2021,shallow,hard,-17.5388,spp.,4.020363386363636e-11,gpp
16_becker2021,16,becker2021,shallow,hard,-17.5388,spp.,4.8771156818181817e-11,gpp
16_becker2021,16,becker2021,shallow,hard,-17.5388,spp.,5.755190863636363e-11,gpp
16_becker2021,16,becker2021,shallow,hard,-17.5388,spp.,5.470418477272727e-11,gpp
16_becker2021,16,becker2021,shallow,hard,-17.5388,spp.,5.500456795454545e-11,gpp
16_becker2021,16,becker2021,shallow,hard,-17.5388,spp.,4.926300424242425e-11,gpp
16_becker2021,16,becker2021,shallow,hard,-17.5388,spp.,3.3826296818181814e-11,gpp
16_becker2021,16,becker2021,shallow,hard,-17.5388,spp.,1.977766818181818e-11,gpp
1_kemp2011,1,kemp2011,shallow,hard,24.84,siderea,5.3030302982954554e-8,gpp
1_kemp2011,1,kemp2011,shallow,hard,24.84,siderea,2.3674242471590906e-8,gpp
1_kemp2011,1,kemp2011,shallow,hard,24.84,siderea,5.681818181818182e-9,gpp
2_kemp2011,2,kemp2011,shallow,hard,24.84,siderea,4.8768939346590915e-8,gpp
2_kemp2011,2,kemp2011,shallow,hard,24.84,siderea,4.1193181818181826e-8,gpp
2_kemp2011,2,kemp2011,shallow,hard,24.84,siderea,1.1363636363636364e-8,gpp
3_kemp2011,3,kemp2011,shallow,hard,24.84,astreoides,7.173295454545456e-8,gpp
3_kemp2011,3,kemp2011,shallow,hard,24.84,astreoides,6.889204545454544e-8,gpp
3_kemp2011,3,kemp2011,shallow,hard,24.84,astreoides,1.2310606107954546e-8,gpp
4_kemp2011,4,kemp2011,shallow,hard,24.84,faveolata,7.528409090909093e-8,gpp
4_kemp2011,4,kemp2011,shallow,hard,24.84,faveolata,3.929924247159091e-8,gpp
4_kemp2011,4,kemp2011,shallow,hard,24.84,faveolata,6.155302982954546e-9,gpp
3_jiang2021,3,jiang2021,shallow,hard,18.2217,damicornis,5.364452060170045e-4,gpp
3_jiang2021,3,jiang2021,shallow,hard,18.2217,damicornis,8.744791693917594e-4,gpp
3_jiang2021,3,jiang2021,shallow,hard,18.2217,damicornis,0.0011941417266187,gpp
3_jiang2021,3,jiang2021,shallow,hard,18.2217,damicornis,8.267134990189666e-4,gpp
3_jiang2021,3,jiang2021,shallow,hard,18.2217,damicornis,1.9106267495094833e-4,gpp
5_castillohelmuth2005,5,castillohelmuth2005,shallow,hard,16.1,annularis,9.494105920928032e-11,gpp
5_castillohelmuth2005,5,castillohelmuth2005,shallow,hard,16.1,annularis,1.187739598248106e-10,gpp
5_castillohelmuth2005,5,castillohelmuth2005,shallow,hard,16.1,annularis,1.2770763622159088e-10,gpp
5_castillohelmuth2005,5,castillohelmuth2005,shallow,hard,16.1,annularis,2.058748637073863e-10,gpp
5_castillohelmuth2005,5,castillohelmuth2005,shallow,hard,16.1,annularis,2.1183064796401515e-10,gpp
5_castillohelmuth2005,5,castillohelmuth2005,shallow,hard,16.1,annularis,2.4458746141098477e-10,gpp
5_castillohelmuth2005,5,castillohelmuth2005,shallow,hard,16.1,annularis,2.2126226697443179e-10,gpp
5_castillohelmuth2005,5,castillohelmuth2005,shallow,hard,16.1,annularis,2.2721805123106056e-10,gpp
5_castillohelmuth2005,5,castillohelmuth2005,shallow,hard,16.1,annularis,3.0761137499999985e-10,gpp
5_castillohelmuth2005,5,castillohelmuth2005,shallow,hard,16.1,annularis,2.723746122159091e-10,gpp
5_castillohelmuth2005,5,castillohelmuth2005,shallow,hard,16.1,annularis,2.872640729166667e-10,gpp
5_castillohelmuth2005,5,castillohelmuth2005,shallow,hard,16.1,annularis,3.289545627367424e-10,gpp
5_castillohelmuth2005,5,castillohelmuth2005,shallow,hard,16.1,annularis,1.5822370785984843e-10,gpp
5_castillohelmuth2005,5,castillohelmuth2005,shallow,hard,16.1,annularis,1.8055789881628787e-10,gpp
5_castillohelmuth2005,5,castillohelmuth2005,shallow,hard,16.1,annularis,1.8651368307291664e-10,gpp
5_castillohelmuth2005,5,castillohelmuth2005,shallow,hard,16.1,annularis,6.491804841382575e-11,gpp
5_castillohelmuth2005,5,castillohelmuth2005,shallow,hard,16.1,annularis,6.491804841382575e-11,gpp
5_castillohelmuth2005,5,castillohelmuth2005,shallow,hard,16.1,annularis,6.491804841382575e-11,gpp
6_castillohelmuth2005,6,castillohelmuth2005,shallow,hard,16.1,annularis,1.4854311754261362e-10,gpp
6_castillohelmuth2005,6,castillohelmuth2005,shallow,hard,16.1,annularis,1.5449890179924242e-10,gpp
6_castillohelmuth2005,6,castillohelmuth2005,shallow,hard,16.1,annularis,1.664104703125e-10,gpp
6_castillohelmuth2005,6,castillohelmuth2005,shallow,hard,16.1,annularis,3.3391446164772724e-10,gpp
6_castillohelmuth2005,6,castillohelmuth2005,shallow,hard,16.1,annularis,3.4582603006628786e-10,gpp
6_castillohelmuth2005,6,castillohelmuth2005,shallow,hard,16.1,annularis,3.9049441216856054e-10,gpp
6_castillohelmuth2005,6,castillohelmuth2005,shallow,hard,16.1,annularis,3.8503657054924236e-10,gpp
6_castillohelmuth2005,6,castillohelmuth2005,shallow,hard,16.1,annularis,4.237491680871211e-10,gpp
6_castillohelmuth2005,6,castillohelmuth2005,shallow,hard,16.1,annularis,4.326828444602272e-10,gpp
6_castillohelmuth2005,6,castillohelmuth2005,shallow,hard,16.1,annularis,3.5277769957386357e-10,gpp
6_castillohelmuth2005,6,castillohelmuth2005,shallow,hard,16.1,annularis,3.5277769957386357e-10,gpp
6_castillohelmuth2005,6,castillohelmuth2005,shallow,hard,16.1,annularis,4.510481399147727e-10,gpp
6_castillohelmuth2005,6,castillohelmuth2005,shallow,hard,16.1,annularis,1.9544735946969695e-10,gpp
6_castillohelmuth2005,6,castillohelmuth2005,shallow,hard,16.1,annularis,2.371378491950758e-10,gpp
6_castillohelmuth2005,6,castillohelmuth2005,shallow,hard,16.1,annularis,2.7585044696969695e-10,gpp
6_castillohelmuth2005,6,castillohelmuth2005,shallow,hard,16.1,annularis,2.3227558605587123e-11,gpp
6_castillohelmuth2005,6,castillohelmuth2005,shallow,hard,16.1,annularis,3.2161234990530305e-11,gpp
6_castillohelmuth2005,6,castillohelmuth2005,shallow,hard,16.1,annularis,5.002858776041667e-11,gpp
1_silbiger2019,1,silbiger2019,shallow,hard,9.14,franksi,2.463934317424242e-10,gpp
1_silbiger2019,1,silbiger2019,shallow,hard,9.14,franksi,2.6399870772727273e-10,gpp
1_silbiger2019,1,silbiger2019,shallow,hard,9.14,franksi,4.6038873090909086e-10,gpp
1_silbiger2019,1,silbiger2019,shallow,hard,9.14,franksi,3.0491638946969695e-10,gpp
1_silbiger2019,1,silbiger2019,shallow,hard,9.14,franksi,3.2876442121212116e-10,gpp
1_silbiger2019,1,silbiger2019,shallow,hard,9.14,franksi,3.1835895931818174e-10,gpp
1_silbiger2019,1,silbiger2019,shallow,hard,9.14,franksi,2.7990924106060606e-10,gpp
1_silbiger2019,1,silbiger2019,shallow,hard,9.14,franksi,4.1642518166666664e-10,gpp
1_silbiger2019,1,silbiger2019,shallow,hard,9.14,franksi,1.070715225e-10,gpp
2_silbiger2019,2,silbiger2019,shallow,hard,9.14,franksi,1.9670374196969694e-10,gpp
2_silbiger2019,2,silbiger2019,shallow,hard,9.14,franksi,2.7163390757575755e-10,gpp
2_silbiger2019,2,silbiger2019,shallow,hard,9.14,franksi,3.1237856598484845e-10,gpp
2_silbiger2019,2,silbiger2019,shallow,hard,9.14,franksi,3.3151377515151513e-10,gpp
2_silbiger2019,2,silbiger2019,shallow,hard,9.14,franksi,3.222105400757576e-10,gpp
2_silbiger2019,2,silbiger2019,shallow,hard,9.14,franksi,3.3473179106060607e-10,gpp
2_silbiger2019,2,silbiger2019,shallow,hard,9.14,franksi,3.2317283128787883e-10,gpp
2_silbiger2019,2,silbiger2019,shallow,hard,9.14,franksi,3.1584939068181817e-10,gpp
2_silbiger2019,2,silbiger2019,shallow,hard,9.14,franksi,4.48839744469697e-10,gpp
2_silbiger2019,2,silbiger2019,shallow,hard,9.14,franksi,1.2114183515151515e-10,gpp
3_silbiger2019,3,silbiger2019,shallow,hard,9.14,franksi,2.2089814674242423e-10,gpp
3_silbiger2019,3,silbiger2019,shallow,hard,9.14,franksi,2.081024361363636e-10,gpp
3_silbiger2019,3,silbiger2019,shallow,hard,9.14,franksi,2.117702639393939e-10,gpp
3_silbiger2019,3,silbiger2019,shallow,hard,9.14,franksi,2.853534806818182e-10,gpp
3_silbiger2019,3,silbiger2019,shallow,hard,9.14,franksi,2.469447149242424e-10,gpp
3_silbiger2019,3,silbiger2019,shallow,hard,9.14,franksi,2.1342827439393937e-10,gpp
3_silbiger2019,3,silbiger2019,shallow,hard,9.14,franksi,2.2366409939393934e-10,gpp
3_silbiger2019,3,silbiger2019,shallow,hard,9.14,franksi,3.018876215151514e-10,gpp
3_silbiger2019,3,silbiger2019,shallow,hard,9.14,franksi,5.374292151515152e-11,gpp
4_silbiger2019,4,silbiger2019,shallow,hard,9.14,franksi,1.8668842606060606e-10,gpp
4_silbiger2019,4,silbiger2019,shallow,hard,9.14,franksi,2.4678604340909086e-10,gpp
4_silbiger2019,4,silbiger2019,shallow,hard,9.14,franksi,2.5586663454545455e-10,gpp
4_silbiger2019,4,silbiger2019,shallow,hard,9.14,franksi,3.1099901431818177e-10,gpp
4_silbiger2019,4,silbiger2019,shallow,hard,9.14,franksi,2.7605029484848477e-10,gpp
4_silbiger2019,4,silbiger2019,shallow,hard,9.14,franksi,3.1228336386363636e-10,gpp
4_silbiger2019,4,silbiger2019,shallow,hard,9.14,franksi,2.341660540909091e-10,gpp
4_silbiger2019,4,silbiger2019,shallow,hard,9.14,franksi,3.34233504469697e-10,gpp
4_silbiger2019,4,silbiger2019,shallow,hard,9.14,franksi,2.1023627681818178e-10,gpp
4_silbiger2019,4,silbiger2019,shallow,hard,9.14,franksi,1.2133668242424238e-10,gpp
9_silbiger2019,9,silbiger2019,shallow,hard,32.27,franksi,1.2615807310606058e-10,gpp
9_silbiger2019,9,silbiger2019,shallow,hard,32.27,franksi,9.238053189393939e-11,gpp
9_silbiger2019,9,silbiger2019,shallow,hard,32.27,franksi,8.293623272727273e-11,gpp
9_silbiger2019,9,silbiger2019,shallow,hard,32.27,franksi,1.6938766696969701e-10,gpp
9_silbiger2019,9,silbiger2019,shallow,hard,32.27,franksi,1.5035947848484849e-10,gpp
9_silbiger2019,9,silbiger2019,shallow,hard,32.27,franksi,1.4866096477272726e-10,gpp
9_silbiger2019,9,silbiger2019,shallow,hard,32.27,franksi,1.1672501378787876e-10,gpp
9_silbiger2019,9,silbiger2019,shallow,hard,32.27,franksi,-7.559309090909089e-12,gpp
10_silbiger2019,10,silbiger2019,shallow,hard,32.27,franksi,7.524680954545454e-11,gpp
10_silbiger2019,10,silbiger2019,shallow,hard,32.27,franksi,8.969186909090909e-11,gpp
10_silbiger2019,10,silbiger2019,shallow,hard,32.27,franksi,1.090020925e-10,gpp
10_silbiger2019,10,silbiger2019,shallow,hard,32.27,franksi,2.0566936803030303e-10,gpp
10_silbiger2019,10,silbiger2019,shallow,hard,32.27,franksi,1.349142575757576e-10,gpp
10_silbiger2019,10,silbiger2019,shallow,hard,32.27,franksi,1.3110009568181815e-10,gpp
10_silbiger2019,10,silbiger2019,shallow,hard,32.27,franksi,8.474738068181818e-11,gpp
10_silbiger2019,10,silbiger2019,shallow,hard,32.27,franksi,2.3196553030303033e-13,gpp
11_silbiger2019,11,silbiger2019,shallow,hard,32.27,franksi,1.0182159757575758e-10,gpp
11_silbiger2019,11,silbiger2019,shallow,hard,32.27,franksi,9.63293531060606e-11,gpp
11_silbiger2019,11,silbiger2019,shallow,hard,32.27,franksi,1.0638948659090908e-10,gpp
11_silbiger2019,11,silbiger2019,shallow,hard,32.27,franksi,1.5398928962121212e-10,gpp
11_silbiger2019,11,silbiger2019,shallow,hard,32.27,franksi,1.6698080780303028e-10,gpp
11_silbiger2019,11,silbiger2019,shallow,hard,32.27,franksi,1.2661536325757576e-10,gpp
11_silbiger2019,11,silbiger2019,shallow,hard,32.27,franksi,9.59014375e-11,gpp
11_silbiger2019,11,silbiger2019,shallow,hard,32.27,franksi,-6.721077727272726e-12,gpp
12_silbiger2019,12,silbiger2019,shallow,hard,32.27,franksi,7.755748189393939e-11,gpp
12_silbiger2019,12,silbiger2019,shallow,hard,32.27,franksi,1.2661979166666667e-10,gpp
12_silbiger2019,12,silbiger2019,shallow,hard,32.27,franksi,1.0316759325757575e-10,gpp
12_silbiger2019,12,silbiger2019,shallow,hard,32.27,franksi,1.584957340151515e-10,gpp
12_silbiger2019,12,silbiger2019,shallow,hard,32.27,franksi,1.8060988825757574e-10,gpp
12_silbiger2019,12,silbiger2019,shallow,hard,32.27,franksi,9.929967560606059e-11,gpp
12_silbiger2019,12,silbiger2019,shallow,hard,32.27,franksi,1.4830351446969695e-10,gpp
12_silbiger2019,12,silbiger2019,shallow,hard,32.27,franksi,-1.7786352272727273e-12,gpp
5_hadjioannou2019,5,hadjioannou2019,shallow,hard,34.58,caespitosa,5.89730303030303e-14,gpp
5_hadjioannou2019,5,hadjioannou2019,shallow,hard,34.58,caespitosa,1.797901515151515e-14,gpp
5_hadjioannou2019,5,hadjioannou2019,shallow,hard,34.58,caespitosa,9.257575757575757e-14,gpp
6_hadjioannou2019,6,hadjioannou2019,shallow,hard,34.58,caespitosa,-5.318181818181818e-15,gpp
6_hadjioannou2019,6,hadjioannou2019,shallow,hard,34.58,caespitosa,1.17430303030303e-14,gpp
6_hadjioannou2019,6,hadjioannou2019,shallow,hard,34.58,caespitosa,5.948893939393939e-14,gpp
1_higuchi2015,1,higuchi2015,shallow,hard,33.9481,pruinosa,6.287878787878787e-10,gpp
1_higuchi2015,1,higuchi2015,shallow,hard,33.9481,pruinosa,9.015151515151515e-10,gpp
1_higuchi2015,1,higuchi2015,shallow,hard,33.9481,pruinosa,2.2727272727272728e-10,gpp
1_jones1998,1,jones1998,shallow,hard,-23.31,pistillata,5.5726446915195093e-8,gpp
1_jones1998,1,jones1998,shallow,hard,-23.31,pistillata,7.581456834532371e-8,gpp
1_jones1998,1,jones1998,shallow,hard,-23.31,pistillata,8.962833300632219e-8,gpp
1_jones1998,1,jones1998,shallow,hard,-23.31,pistillata,6.299622204054936e-8,gpp
1_jones1998,1,jones1998,shallow,hard,-23.31,pistillata,1.5130131022454757e-8,gpp
2_jones1998,2,jones1998,shallow,hard,-23.31,pistillata,6.39127156093307e-8,gpp
2_jones1998,2,jones1998,shallow,hard,-23.31,pistillata,7.048891922825374e-8,gpp
2_jones1998,2,jones1998,shallow,hard,-23.31,pistillata,7.416777915849136e-8,gpp
2_jones1998,2,jones1998,shallow,hard,-23.31,pistillata,4.077970939611945e-8,gpp
2_jones1998,2,jones1998,shallow,hard,-23.31,pistillata,-2.25276069326357e-8,gpp
3_jones1998,3,jones1998,shallow,hard,-23.31,pistillata,9.204757401351643e-8,gpp
3_jones1998,3,jones1998,shallow,hard,-23.31,pistillata,1.0052564006976235e-7,gpp
3_jones1998,3,jones1998,shallow,hard,-23.31,pistillata,8.780854109439718e-8,gpp
3_jones1998,3,jones1998,shallow,hard,-23.31,pistillata,4.84460911270983e-9,gpp
2_simancas-giraldo2021,2,simancas,shallow,soft,29.53,umbellata,2.2985537192234852e-5,gpp
2_simancas-giraldo2021,2,simancas,shallow,soft,29.53,umbellata,5.25137741003788e-6,gpp
2_simancas-giraldo2021,2,simancas,shallow,soft,29.53,umbellata,5.767906336410985e-6,gpp
2_simancas-giraldo2021,2,simancas,shallow,soft,29.53,umbellata,2.8409090909090907e-6,gpp
1_ezzat2013,1,ezzat2013,shallow,soft,43.19,singularis,8.275649901515149e-11,gpp
1_ezzat2013,1,ezzat2013,shallow,soft,43.19,singularis,1.5689893863636365e-11,gpp
1_ezzat2013,1,ezzat2013,shallow,soft,43.19,singularis,1.8766343636363635e-11,gpp
3_aichelman2019,3,aichelman2019,deep,hard,41.4774,poculata,2.5252525e-12,gpp
3_aichelman2019,3,aichelman2019,deep,hard,41.4774,poculata,1.5993265984848484e-11,gpp
3_aichelman2019,3,aichelman2019,deep,hard,41.4774,poculata,3.443526136363636e-12,gpp
3_aichelman2019,3,aichelman2019,deep,hard,41.4774,poculata,2.609427606060606e-11,gpp
3_aichelman2019,3,aichelman2019,deep,hard,41.4774,poculata,2.2727272727272728e-11,gpp
3_aichelman2019,3,aichelman2019,deep,hard,41.4774,poculata,6.741659015151515e-11,gpp
3_aichelman2019,3,aichelman2019,deep,hard,41.4774,poculata,7.568105295454544e-11,gpp
3_aichelman2019,3,aichelman2019,deep,hard,41.4774,poculata,5.823385371212122e-11,gpp
3_aichelman2019,3,aichelman2019,deep,hard,41.4774,poculata,2.150290787878788e-11,gpp
4_aichelman2019,4,aichelman2019,deep,hard,37.8992,poculata,7.728803181818182e-12,gpp
4_aichelman2019,4,aichelman2019,deep,hard,37.8992,poculata,5.892255909090909e-12,gpp
4_aichelman2019,4,aichelman2019,deep,hard,37.8992,poculata,-4.208754242424242e-12,gpp
4_aichelman2019,4,aichelman2019,deep,hard,37.8992,poculata,1.1095806515151514e-11,gpp
4_aichelman2019,4,aichelman2019,deep,hard,37.8992,poculata,1.4156718712121213e-11,gpp
4_aichelman2019,4,aichelman2019,deep,hard,37.8992,poculata,3.2216100378787875e-11,gpp
4_aichelman2019,4,aichelman2019,deep,hard,37.8992,poculata,4.8745025984848485e-11,gpp
4_aichelman2019,4,aichelman2019,deep,hard,37.8992,poculata,5.241812060606059e-11,gpp
4_aichelman2019,4,aichelman2019,deep,hard,37.8992,poculata,2.027854303030303e-11,gpp
1_jurriaans2019,1,jurriaans2019,shallow,hard,-23.26,spp,8.674090090909091e-11,gpp
1_jurriaans2019,1,jurriaans2019,shallow,hard,-23.26,spp,8.734144712121212e-11,gpp
1_jurriaans2019,1,jurriaans2019,shallow,hard,-23.26,spp,8.298491409090909e-11,gpp
1_jurriaans2019,1,jurriaans2019,shallow,hard,-23.26,spp,8.944027674242423e-11,gpp
1_jurriaans2019,1,jurriaans2019,shallow,hard,-23.26,spp,8.060645946969697e-11,gpp
1_jurriaans2019,1,jurriaans2019,shallow,hard,-23.26,spp,8.651076666666665e-11,gpp
1_jurriaans2019,1,jurriaans2019,shallow,hard,-23.26,spp,7.988074515151515e-11,gpp
1_jurriaans2019,1,jurriaans2019,shallow,hard,-23.26,spp,8.566586916666667e-11,gpp
1_jurriaans2019,1,jurriaans2019,shallow,hard,-23.26,spp,7.414616234848484e-11,gpp
1_jurriaans2019,1,jurriaans2019,shallow,hard,-23.26,spp,8.314970393939394e-11,gpp
1_jurriaans2019,1,jurriaans2019,shallow,hard,-23.26,spp,7.913682325757575e-11,gpp
1_jurriaans2019,1,jurriaans2019,shallow,hard,-23.26,spp,8.132230492424242e-11,gpp
2_jurriaans2019,2,jurriaans2019,shallow,hard,-18.37,spp,3.764003318181818e-11,gpp
2_jurriaans2019,2,jurriaans2019,shallow,hard,-18.37,spp,2.555988712121212e-11,gpp
2_jurriaans2019,2,jurriaans2019,shallow,hard,-18.37,spp,2.8031781136363635e-11,gpp
2_jurriaans2019,2,jurriaans2019,shallow,hard,-18.37,spp,2.953818984848484e-11,gpp
2_jurriaans2019,2,jurriaans2019,shallow,hard,-18.37,spp,2.8858261742424245e-11,gpp
2_jurriaans2019,2,jurriaans2019,shallow,hard,-18.37,spp,2.7761319469696967e-11,gpp
2_jurriaans2019,2,jurriaans2019,shallow,hard,-18.37,spp,2.8362625000000003e-11,gpp
2_jurriaans2019,2,jurriaans2019,shallow,hard,-18.37,spp,4.1045391060606055e-11,gpp
2_jurriaans2019,2,jurriaans2019,shallow,hard,-18.37,spp,2.7483309999999996e-11,gpp
2_jurriaans2019,2,jurriaans2019,shallow,hard,-18.37,spp,4.4343765606060605e-11,gpp
2_jurriaans2019,2,jurriaans2019,shallow,hard,-18.37,spp,4.3532380530303023e-11,gpp
2_jurriaans2019,2,jurriaans2019,shallow,hard,-18.37,spp,4.0538432575757575e-11,gpp
2_jurriaans2019,2,jurriaans2019,shallow,hard,-18.37,spp,3.8370965303030296e-11,gpp
2_jurriaans2019,2,jurriaans2019,shallow,hard,-18.37,spp,2.1176520909090912e-11,gpp
3_jurriaans2019,3,jurriaans2019,shallow,hard,-14.4,spp,3.1919191969696965e-11,gpp
3_jurriaans2019,3,jurriaans2019,shallow,hard,-14.4,spp,3.107438015151515e-11,gpp
3_jurriaans2019,3,jurriaans2019,shallow,hard,-14.4,spp,3.270890727272727e-11,gpp
3_jurriaans2019,3,jurriaans2019,shallow,hard,-14.4,spp,3.2966023863636364e-11,gpp
3_jurriaans2019,3,jurriaans2019,shallow,hard,-14.4,spp,2.9366391136363634e-11,gpp
3_jurriaans2019,3,jurriaans2019,shallow,hard,-14.4,spp,2.7695133181818176e-11,gpp
3_jurriaans2019,3,jurriaans2019,shallow,hard,-14.4,spp,3.0431588636363627e-11,gpp
3_jurriaans2019,3,jurriaans2019,shallow,hard,-14.4,spp,2.9035812651515148e-11,gpp
3_jurriaans2019,3,jurriaans2019,shallow,hard,-14.4,spp,3.1773937727272725e-11,gpp
3_jurriaans2019,3,jurriaans2019,shallow,hard,-14.4,spp,2.240587696969697e-11,gpp
3_jurriaans2019,3,jurriaans2019,shallow,hard,-14.4,spp,3.3682277348484836e-11,gpp
3_jurriaans2019,3,jurriaans2019,shallow,hard,-14.4,spp,2.8429752045454542e-11,gpp
3_jurriaans2019,3,jurriaans2019,shallow,hard,-14.4,spp,1.2708907272727272e-11,gpp
3_jurriaans2019,3,jurriaans2019,shallow,hard,-14.4,spp,2.773186439393939e-12,gpp
7_jurriaans2019,7,jurriaans2019,shallow,hard,-23.26,cylindrica,1.0055242409090907e-10,gpp
7_jurriaans2019,7,jurriaans2019,shallow,hard,-23.26,cylindrica,1.0787467022727271e-10,gpp
7_jurriaans2019,7,jurriaans2019,shallow,hard,-23.26,cylindrica,1.063546846969697e-10,gpp
7_jurriaans2019,7,jurriaans2019,shallow,hard,-23.26,cylindrica,1.0854729712121211e-10,gpp
7_jurriaans2019,7,jurriaans2019,shallow,hard,-23.26,cylindrica,1.0507888090909092e-10,gpp
7_jurriaans2019,7,jurriaans2019,shallow,hard,-23.26,cylindrica,1.1860549363636364e-10,gpp
7_jurriaans2019,7,jurriaans2019,shallow,hard,-23.26,cylindrica,1.3741759424242422e-10,gpp
7_jurriaans2019,7,jurriaans2019,shallow,hard,-23.26,cylindrica,1.2257858696969696e-10,gpp
7_jurriaans2019,7,jurriaans2019,shallow,hard,-23.26,cylindrica,1.657997821969697e-10,gpp
7_jurriaans2019,7,jurriaans2019,shallow,hard,-23.26,cylindrica,1.633466371969697e-10,gpp
7_jurriaans2019,7,jurriaans2019,shallow,hard,-23.26,cylindrica,1.5421612515151515e-10,gpp
7_jurriaans2019,7,jurriaans2019,shallow,hard,-23.26,cylindrica,1.4514507477272728e-10,gpp
7_jurriaans2019,7,jurriaans2019,shallow,hard,-18.37,cylindrica,7.663871287878787e-11,gpp
8_jurriaans2019,8,jurriaans2019,shallow,hard,-18.37,cylindrica,2.6967780909090902e-11,gpp
8_jurriaans2019,8,jurriaans2019,shallow,hard,-18.37,cylindrica,3.011954287878788e-11,gpp
8_jurriaans2019,8,jurriaans2019,shallow,hard,-18.37,cylindrica,3.0963909848484846e-11,gpp
8_jurriaans2019,8,jurriaans2019,shallow,hard,-18.37,cylindrica,3.0671628939393936e-11,gpp
8_jurriaans2019,8,jurriaans2019,shallow,hard,-18.37,cylindrica,3.0495448484848485e-11,gpp
8_jurriaans2019,8,jurriaans2019,shallow,hard,-18.37,cylindrica,2.960155621212121e-11,gpp
8_jurriaans2019,8,jurriaans2019,shallow,hard,-18.37,cylindrica,3.00870671969697e-11,gpp
8_jurriaans2019,8,jurriaans2019,shallow,hard,-18.37,cylindrica,2.2885591515151512e-11,gpp
8_jurriaans2019,8,jurriaans2019,shallow,hard,-18.37,cylindrica,2.5093935833333328e-11,gpp
8_jurriaans2019,8,jurriaans2019,shallow,hard,-18.37,cylindrica,2.5240076212121208e-11,gpp
8_jurriaans2019,8,jurriaans2019,shallow,hard,-18.37,cylindrica,2.628416848484848e-11,gpp
8_jurriaans2019,8,jurriaans2019,shallow,hard,-18.37,cylindrica,2.7122040303030303e-11,gpp
8_jurriaans2019,8,jurriaans2019,shallow,hard,-18.37,cylindrica,1.9967654318181817e-11,gpp
9_jurriaans2019,9,jurriaans2019,shallow,hard,-14.4,cylindrica,6.042568537878787e-11,gpp
9_jurriaans2019,9,jurriaans2019,shallow,hard,-14.4,cylindrica,6.739609787878788e-11,gpp
9_jurriaans2019,9,jurriaans2019,shallow,hard,-14.4,cylindrica,6.487838787878786e-11,gpp
9_jurriaans2019,9,jurriaans2019,shallow,hard,-14.4,cylindrica,6.807816166666666e-11,gpp
9_jurriaans2019,9,jurriaans2019,shallow,hard,-14.4,cylindrica,6.416184371212121e-11,gpp
9_jurriaans2019,9,jurriaans2019,shallow,hard,-14.4,cylindrica,6.480727227272727e-11,gpp
9_jurriaans2019,9,jurriaans2019,shallow,hard,-14.4,cylindrica,7.668251037878786e-11,gpp
9_jurriaans2019,9,jurriaans2019,shallow,hard,-14.4,cylindrica,7.771207121212121e-11,gpp
9_jurriaans2019,9,jurriaans2019,shallow,hard,-14.4,cylindrica,7.481992651515152e-11,gpp
9_jurriaans2019,9,jurriaans2019,shallow,hard,-14.4,cylindrica,6.11014996969697e-11,gpp
9_jurriaans2019,9,jurriaans2019,shallow,hard,-14.4,cylindrica,8.403608537878787e-11,gpp
9_jurriaans2019,9,jurriaans2019,shallow,hard,-14.4,cylindrica,6.793377537878788e-11,gpp
9_jurriaans2019,9,jurriaans2019,shallow,hard,-14.4,cylindrica,4.9081228787878785e-11,gpp
9_jurriaans2019,9,jurriaans2019,shallow,hard,-14.4,cylindrica,2.3562558560606054e-11,gpp
1_jurriaans2021,1,jurriaans2021,shallow,hard,42.5,caespitosa,7.323595280303029e-11,gpp
1_jurriaans2021,1,jurriaans2021,shallow,hard,42.5,caespitosa,7.880009863636364e-11,gpp
1_jurriaans2021,1,jurriaans2021,shallow,hard,42.5,caespitosa,7.87982259090909e-11,gpp
1_jurriaans2021,1,jurriaans2021,shallow,hard,42.5,caespitosa,7.975543454545452e-11,gpp
1_jurriaans2021,1,jurriaans2021,shallow,hard,42.5,caespitosa,7.987739818181816e-11,gpp
1_jurriaans2021,1,jurriaans2021,shallow,hard,42.5,caespitosa,8.232091439393938e-11,gpp
1_jurriaans2021,1,jurriaans2021,shallow,hard,42.5,caespitosa,8.138969787878787e-11,gpp
1_jurriaans2021,1,jurriaans2021,shallow,hard,42.5,caespitosa,9.322671295454544e-11,gpp
1_jurriaans2021,1,jurriaans2021,shallow,hard,42.5,caespitosa,9.521379477272728e-11,gpp
1_jurriaans2021,1,jurriaans2021,shallow,hard,42.5,caespitosa,7.74563993939394e-11,gpp
1_jurriaans2021,1,jurriaans2021,shallow,hard,42.5,caespitosa,9.148497106060606e-11,gpp
1_jurriaans2021,1,jurriaans2021,shallow,hard,42.5,caespitosa,1.01327743030303e-10,gpp
1_jurriaans2021,1,jurriaans2021,shallow,hard,42.5,caespitosa,7.777996333333333e-11,gpp
2_jurriaans2021,2,jurriaans2021,shallow,hard,42.5,singularis,3.5657623333333334e-11,gpp
2_jurriaans2021,2,jurriaans2021,shallow,hard,42.5,singularis,3.8354751742424234e-11,gpp
2_jurriaans2021,2,jurriaans2021,shallow,hard,42.5,singularis,3.490401393939394e-11,gpp
2_jurriaans2021,2,jurriaans2021,shallow,hard,42.5,singularis,4.0615579848484854e-11,gpp
2_jurriaans2021,2,jurriaans2021,shallow,hard,42.5,singularis,4.3986990378787873e-11,gpp
2_jurriaans2021,2,jurriaans2021,shallow,hard,42.5,singularis,4.4899254318181805e-11,gpp
2_jurriaans2021,2,jurriaans2021,shallow,hard,42.5,singularis,4.2598762499999993e-11,gpp
2_jurriaans2021,2,jurriaans2021,shallow,hard,42.5,singularis,4.8984610530303016e-11,gpp
2_jurriaans2021,2,jurriaans2021,shallow,hard,42.5,singularis,4.9539901666666666e-11,gpp
2_jurriaans2021,2,jurriaans2021,shallow,hard,42.5,singularis,5.03331746969697e-11,gpp
2_jurriaans2021,2,jurriaans2021,shallow,hard,42.5,singularis,3.795811515151516e-11,gpp
2_jurriaans2021,2,jurriaans2021,shallow,hard,42.5,singularis,4.04569253030303e-11,gpp
2_jurriaans2021,2,jurriaans2021,shallow,hard,42.5,singularis,3.4904014015151513e-11,gpp
3_jurriaans2021,3,jurriaans2021,shallow,hard,-25,intermedia,8.841028083333333e-11,gpp
3_jurriaans2021,3,jurriaans2021,shallow,hard,-25,intermedia,9.007615424242426e-11,gpp
3_jurriaans2021,3,jurriaans2021,shallow,hard,-25,intermedia,8.460257022727269e-11,gpp
3_jurriaans2021,3,jurriaans2021,shallow,hard,-25,intermedia,8.841028083333333e-11,gpp
3_jurriaans2021,3,jurriaans2021,shallow,hard,-25,intermedia,8.603046166666667e-11,gpp
3_jurriaans2021,3,jurriaans2021,shallow,hard,-25,intermedia,8.769633507575757e-11,gpp
3_jurriaans2021,3,jurriaans2021,shallow,hard,-25,intermedia,7.865302234848484e-11,gpp
3_jurriaans2021,3,jurriaans2021,shallow,hard,-25,intermedia,8.127082348484848e-11,gpp
3_jurriaans2021,3,jurriaans2021,shallow,hard,-25,intermedia,7.651118515151515e-11,gpp
3_jurriaans2021,3,jurriaans2021,shallow,hard,-25,intermedia,8.210376007575756e-11,gpp
3_jurriaans2021,3,jurriaans2021,shallow,hard,-25,intermedia,7.817705856060605e-11,gpp
3_jurriaans2021,3,jurriaans2021,shallow,hard,-25,intermedia,7.984293196969698e-11,gpp
4_jurriaans2021,4,jurriaans2021,shallow,hard,-25,cylindrica,1.0100030068181818e-10,gpp
4_jurriaans2021,4,jurriaans2021,shallow,hard,-25,cylindrica,1.0953436537878787e-10,gpp
4_jurriaans2021,4,jurriaans2021,shallow,hard,-25,cylindrica,1.0505875212121207e-10,gpp
4_jurriaans2021,4,jurriaans2021,shallow,hard,-25,cylindrica,1.0947057068181818e-10,gpp
4_jurriaans2021,4,jurriaans2021,shallow,hard,-25,cylindrica,1.0404580348484847e-10,gpp
4_jurriaans2021,4,jurriaans2021,shallow,hard,-25,cylindrica,1.1797412484848484e-10,gpp
4_jurriaans2021,4,jurriaans2021,shallow,hard,-25,cylindrica,1.2127536113636364e-10,gpp
4_jurriaans2021,4,jurriaans2021,shallow,hard,-25,cylindrica,1.3761955954545455e-10,gpp
4_jurriaans2021,4,jurriaans2021,shallow,hard,-25,cylindrica,1.642402496969697e-10,gpp
4_jurriaans2021,4,jurriaans2021,shallow,hard,-25,cylindrica,1.6182714636363634e-10,gpp
4_jurriaans2021,4,jurriaans2021,shallow,hard,-25,cylindrica,1.530678587121212e-10,gpp
4_jurriaans2021,4,jurriaans2021,shallow,hard,-25,cylindrica,1.4415546378787875e-10,gpp
4_jurriaans2021,4,jurriaans2021,shallow,hard,-25,cylindrica,7.590069772727272e-11,gpp
1_jurriaans2020,1,jurriaans2020,shallow,hard,-18,valenciennesi,1.881832022727272e-11,gpp
1_jurriaans2020,1,jurriaans2020,shallow,hard,-18,valenciennesi,2.2139200227272724e-11,gpp
1_jurriaans2020,1,jurriaans2020,shallow,hard,-18,valenciennesi,4.068078037878788e-11,gpp
1_jurriaans2020,1,jurriaans2020,shallow,hard,-18,valenciennesi,4.690743053030303e-11,gpp
1_jurriaans2020,1,jurriaans2020,shallow,hard,-18,valenciennesi,4.4140030454545447e-11,gpp
1_jurriaans2020,1,jurriaans2020,shallow,hard,-18,valenciennesi,4.6492320454545454e-11,gpp
1_jurriaans2020,1,jurriaans2020,shallow,hard,-18,valenciennesi,4.9813200454545446e-11,gpp
1_jurriaans2020,1,jurriaans2020,shallow,hard,-18,valenciennesi,5.0366680454545446e-11,gpp
1_jurriaans2020,1,jurriaans2020,shallow,hard,-18,valenciennesi,3.985056037878788e-11,gpp
1_jurriaans2020,1,jurriaans2020,shallow,hard,-18,valenciennesi,3.763664037878787e-11,gpp
1_jurriaans2020,1,jurriaans2020,shallow,hard,-18,valenciennesi,2.684378022727272e-11,gpp
1_jurriaans2020,1,jurriaans2020,shallow,hard,-18,valenciennesi,2.352290022727273e-11,gpp
1_jurriaans2020,1,jurriaans2020,shallow,hard,-18,valenciennesi,3.666805037878788e-11,gpp
1_jurriaans2020,1,jurriaans2020,shallow,hard,-18,valenciennesi,2.172409015151515e-11,gpp
2_jurriaans2020,2,jurriaans2020,shallow,hard,-18,valenciennesi,2.227757015151515e-11,gpp
2_jurriaans2020,2,jurriaans2020,shallow,hard,-18,valenciennesi,2.2692680227272724e-11,gpp
2_jurriaans2020,2,jurriaans2020,shallow,hard,-18,valenciennesi,2.5183340303030305e-11,gpp
2_jurriaans2020,2,jurriaans2020,shallow,hard,-18,valenciennesi,2.2969420227272724e-11,gpp
2_jurriaans2020,2,jurriaans2020,shallow,hard,-18,valenciennesi,2.2139200227272724e-11,gpp
2_jurriaans2020,2,jurriaans2020,shallow,hard,-18,valenciennesi,1.660440015151515e-11,gpp
2_jurriaans2020,2,jurriaans2020,shallow,hard,-18,valenciennesi,2.5183340227272726e-11,gpp
2_jurriaans2020,2,jurriaans2020,shallow,hard,-18,valenciennesi,3.2655320303030295e-11,gpp
2_jurriaans2020,2,jurriaans2020,shallow,hard,-18,valenciennesi,3.4869240303030295e-11,gpp
2_jurriaans2020,2,jurriaans2020,shallow,hard,-18,valenciennesi,3.2101840303030296e-11,gpp
2_jurriaans2020,2,jurriaans2020,shallow,hard,-18,valenciennesi,2.7950740303030304e-11,gpp
2_jurriaans2020,2,jurriaans2020,shallow,hard,-18,valenciennesi,2.352290022727273e-11,gpp
2_jurriaans2020,2,jurriaans2020,shallow,hard,-18,valenciennesi,7.195240075757575e-12,gpp
3_jurriaans2020,3,jurriaans2020,shallow,hard,-18,cylindrica,3.4553681666666665e-11,gpp
3_jurriaans2020,3,jurriaans2020,shallow,hard,-18,cylindrica,3.551350606060606e-11,gpp
3_jurriaans2020,3,jurriaans2020,shallow,hard,-18,cylindrica,3.3868092651515153e-11,gpp
3_jurriaans2020,3,jurriaans2020,shallow,hard,-18,cylindrica,3.948992181818181e-11,gpp
3_jurriaans2020,3,jurriaans2020,shallow,hard,-18,cylindrica,4.2780748712121216e-11,gpp
3_jurriaans2020,3,jurriaans2020,shallow,hard,-18,cylindrica,4.140957083333333e-11,gpp
3_jurriaans2020,3,jurriaans2020,shallow,hard,-18,cylindrica,3.729603734848485e-11,gpp
3_jurriaans2020,3,jurriaans2020,shallow,hard,-18,cylindrica,2.8794734696969693e-11,gpp
3_jurriaans2020,3,jurriaans2020,shallow,hard,-18,cylindrica,2.1527492121212118e-11,gpp
3_jurriaans2020,3,jurriaans2020,shallow,hard,-18,cylindrica,2.838338136363636e-11,gpp
3_jurriaans2020,3,jurriaans2020,shallow,hard,-18,cylindrica,2.5229672348484847e-11,gpp
3_jurriaans2020,3,jurriaans2020,shallow,hard,-18,cylindrica,2.6326614545454542e-11,gpp
3_jurriaans2020,3,jurriaans2020,shallow,hard,-18,cylindrica,1.70026053030303e-11,gpp
3_jurriaans2020,3,jurriaans2020,shallow,hard,-18,cylindrica,1.0969422727272726e-11,gpp
4_jurriaans2020,4,jurriaans2020,shallow,hard,-18,cylindrica,2.0019196515151513e-11,gpp
4_jurriaans2020,4,jurriaans2020,shallow,hard,-18,cylindrica,2.1527492121212118e-11,gpp
4_jurriaans2020,4,jurriaans2020,shallow,hard,-18,cylindrica,2.0567667651515152e-11,gpp
4_jurriaans2020,4,jurriaans2020,shallow,hard,-18,cylindrica,2.029343212121212e-11,gpp
4_jurriaans2020,4,jurriaans2020,shallow,hard,-18,cylindrica,1.9744960909090908e-11,gpp
4_jurriaans2020,4,jurriaans2020,shallow,hard,-18,cylindrica,1.8099547575757577e-11,gpp
4_jurriaans2020,4,jurriaans2020,shallow,hard,-18,cylindrica,1.6042780757575758e-11,gpp
4_jurriaans2020,4,jurriaans2020,shallow,hard,-18,cylindrica,1.9470725378787878e-11,gpp
4_jurriaans2020,4,jurriaans2020,shallow,hard,-18,cylindrica,1.288907174242424e-11,gpp
4_jurriaans2020,4,jurriaans2020,shallow,hard,-18,cylindrica,1.5220074015151517e-11,gpp
4_jurriaans2020,4,jurriaans2020,shallow,hard,-18,cylindrica,1.4123131818181818e-11,gpp
4_jurriaans2020,4,jurriaans2020,shallow,hard,-18,cylindrica,1.4123131818181818e-11,gpp
4_jurriaans2020,4,jurriaans2020,shallow,hard,-18,cylindrica,9.598244924242424e-12,gpp
1_zelli2023,1,zelli2023,shallow,soft,0,flava,1.0472826416666663e-10,gpp
2_zelli2023,2,zelli2023,shallow,soft,0,flava,1.4190989643939392e-10,gpp
1_zelli2023,1,zelli2023,shallow,soft,0,flava,1.7909152878787878e-10,gpp
2_zelli2023,2,zelli2023,shallow,soft,0,flava,1.3695234553030304e-10,gpp
1_zelli2023,1,zelli2023,shallow,soft,0,flava,6.754663189393939e-11,gpp
2_zelli2023,2,zelli2023,shallow,soft,0,flava,7.126479515151514e-11,gpp
1_zelli2023,1,zelli2023,shallow,soft,0,flava,2.8567887462121207e-10,gpp
2_zelli2023,2,zelli2023,shallow,soft,0,flava,1.1464336613636364e-10,gpp
1_puntin2023,1,puntin2023,shallow,hard,22.3054,fascicularis,3.846526515151515e-11,gpp
1_puntin2023,1,puntin2023,shallow,hard,22.3054,fascicularis,6.269164772727274e-11,gpp
1_puntin2023,1,puntin2023,shallow,hard,22.3054,fascicularis,4.680576941287879e-11,gpp
1_puntin2023,1,puntin2023,shallow,hard,22.3054,fascicularis,4.598781013257576e-11,gpp
1_puntin2023,1,puntin2023,shallow,hard,22.3054,fascicularis,6.222409801136365e-11,gpp
1_puntin2023,1,puntin2023,shallow,hard,22.3054,fascicularis,6.334971590909091e-11,gpp
1_puntin2023,1,puntin2023,shallow,hard,22.3054,fascicularis,7.665706202651515e-11,gpp
1_puntin2023,1,puntin2023,shallow,hard,22.3054,fascicularis,7.156791903409092e-11,gpp
1_puntin2023,1,puntin2023,shallow,hard,22.3054,fascicularis,6.834938920454545e-11,gpp
1_puntin2023,1,puntin2023,shallow,hard,22.3054,fascicularis,6.85432078598485e-11,gpp
1_rodolfo-metalpa2014,1,rodolfo,shallow,hard,44.19,patagonica,4.491210150757576e-4,gpp
1_rodolfo-metalpa2014,1,rodolfo,shallow,hard,44.19,patagonica,7.827244579545454e-4,gpp
1_rodolfo-metalpa2014,1,rodolfo,shallow,hard,44.19,patagonica,0.00105623305424242,gpp
1_rodolfo-metalpa2014,1,rodolfo,shallow,hard,44.19,patagonica,9.424706175757576e-4,gpp
1_rodolfo-metalpa2014,1,rodolfo,shallow,hard,44.19,patagonica,7.997113667424243e-4,gpp
1_rodolfo-metalpa2014,1,rodolfo,shallow,hard,44.19,patagonica,5.255847649242424e-4,gpp
1_rodolfo-metalpa2014,1,rodolfo,shallow,hard,44.19,patagonica,4.30737413939394e-4,gpp
3_rodolfo-metalpa2014,3,rodolfo,shallow,hard,38.2,patagonica,2.4213655545454545e-4,gpp
3_rodolfo-metalpa2014,3,rodolfo,shallow,hard,38.2,patagonica,6.617527403030304e-4,gpp
3_rodolfo-metalpa2014,3,rodolfo,shallow,hard,38.2,patagonica,7.77045483560606e-4,gpp
3_rodolfo-metalpa2014,3,rodolfo,shallow,hard,38.2,patagonica,8.505654937121212e-4,gpp
3_rodolfo-metalpa2014,3,rodolfo,shallow,hard,38.2,patagonica,5.950616637878787e-4,gpp
3_rodolfo-metalpa2014,3,rodolfo,shallow,hard,38.2,patagonica,5.609896432575758e-4,gpp
5_rodolfo-metalpa2014,5,rodolfo,shallow,hard,37.34,patagonica,2.5787863356060606e-4,gpp
5_rodolfo-metalpa2014,5,rodolfo,shallow,hard,37.34,patagonica,4.257384771969697e-4,gpp
5_rodolfo-metalpa2014,5,rodolfo,shallow,hard,37.34,patagonica,5.148409226515151e-4,gpp
5_rodolfo-metalpa2014,5,rodolfo,shallow,hard,37.34,patagonica,7.378743508333333e-4,gpp
5_rodolfo-metalpa2014,5,rodolfo,shallow,hard,37.34,patagonica,4.110769651515151e-4,gpp
5_rodolfo-metalpa2014,5,rodolfo,shallow,hard,37.34,patagonica,7.251419851515152e-4,gpp
5_rodolfo-metalpa2014,5,rodolfo,shallow,hard,37.34,patagonica,4.465250287878788e-4,gpp
7_rodolfo-metalpa2014,7,rodolfo,shallow,hard,32.3,patagonica,4.18054265e-4,gpp
7_rodolfo-metalpa2014,7,rodolfo,shallow,hard,32.3,patagonica,4.61038906439394e-4,gpp
7_rodolfo-metalpa2014,7,rodolfo,shallow,hard,32.3,patagonica,7.822268930303032e-4,gpp
7_rodolfo-metalpa2014,7,rodolfo,shallow,hard,32.3,patagonica,7.142531374242423e-4,gpp
7_rodolfo-metalpa2014,7,rodolfo,shallow,hard,32.3,patagonica,7.082812013636363e-4,gpp
7_rodolfo-metalpa2014,7,rodolfo,shallow,hard,32.3,patagonica,6.346216893939393e-4,gpp
7_rodolfo-metalpa2014,7,rodolfo,shallow,hard,32.3,patagonica,4.108434411363637e-4,gpp
1_howe2001,1,howe2001,shallow,hard,-38.15,versipora,1.9998840909090913e-8,gpp
1_howe2001,1,howe2001,shallow,hard,-38.15,versipora,3.2221712121212125e-8,gpp
1_howe2001,1,howe2001,shallow,hard,-38.15,versipora,6.391430303030304e-8,gpp
1_howe2001,1,howe2001,shallow,hard,-38.15,versipora,5.119623484848486e-8,gpp
1_howe2001,1,howe2001,shallow,hard,-38.15,versipora,4.302903787878789e-8,gpp
1_juillet-leclerc2014,1,juillet,shallow,hard,43.7328,sp.,1.9507772045454545e-7,gpp
1_juillet-leclerc2014,1,juillet,shallow,hard,43.7328,sp.,3.209844559090909e-7,gpp
1_juillet-leclerc2014,1,juillet,shallow,hard,43.7328,sp.,4.585492227272727e-7,gpp
1_rodolfo-metalpa2006,1,rodolfo,shallow,hard,44.03,caespitosa,7.978315544507575e-5,gpp
1_rodolfo-metalpa2006,1,rodolfo,shallow,hard,44.03,caespitosa,7.27575604285038e-5,gpp
1_rodolfo-metalpa2006,1,rodolfo,shallow,hard,44.03,caespitosa,7.865215924479166e-5,gpp
1_rodolfo-metalpa2006,1,rodolfo,shallow,hard,44.03,caespitosa,7.72432063565341e-5,gpp
1_godefroid2023,1,godefroid2023,deep,hard,-17.28,speciosa,2.5826316969696968e-11,gpp
1_godefroid2023,1,godefroid2023,deep,hard,-17.28,speciosa,2.4080763787878787e-11,gpp
1_godefroid2023,1,godefroid2023,deep,hard,-17.28,speciosa,2.495780712121211e-11,gpp
1_godefroid2023,1,godefroid2023,deep,hard,-17.28,speciosa,2.4924621666666665e-11,gpp
1_godefroid2023,1,godefroid2023,deep,hard,-17.28,speciosa,2.31771721969697e-11,gpp
1_godefroid2023,1,godefroid2023,deep,hard,-17.28,speciosa,2.2481226590909088e-11,gpp
1_godefroid2023,1,godefroid2023,deep,hard,-17.28,speciosa,2.2841051287878784e-11,gpp
1_godefroid2023,1,godefroid2023,deep,hard,-17.28,speciosa,2.2984696742424243e-11,gpp
1_godefroid2023,1,godefroid2023,deep,hard,-17.28,speciosa,2.4109208484848487e-11,gpp
1_godefroid2023,1,godefroid2023,deep,hard,-17.28,speciosa,2.2035593787878788e-11,gpp
2_godefroid2023,2,godefroid2023,deep,hard,-17.28,speciosa,4.330300000000001e-13,gpp
2_godefroid2023,2,godefroid2023,deep,hard,-17.28,speciosa,1.2334795454545453e-13,gpp
2_godefroid2023,2,godefroid2023,deep,hard,-17.28,speciosa,7.937690151515151e-13,gpp
2_godefroid2023,2,godefroid2023,deep,hard,-17.28,speciosa,5.489817424242424e-13,gpp
2_godefroid2023,2,godefroid2023,deep,hard,-17.28,speciosa,5.489817424242424e-13,gpp
2_godefroid2023,2,godefroid2023,deep,hard,-17.28,speciosa,1.3556343181818182e-12,gpp
2_godefroid2023,2,godefroid2023,deep,hard,-17.28,speciosa,2.187815227272727e-12,gpp
2_godefroid2023,2,godefroid2023,deep,hard,-17.28,speciosa,2.1047880303030303e-12,gpp
2_godefroid2023,2,godefroid2023,deep,hard,-17.28,speciosa,2.1026407575757567e-12,gpp
2_godefroid2023,2,godefroid2023,deep,hard,-17.28,speciosa,2.1121840909090907e-12,gpp
1_hill2014,1,hill2014,shallow,hard,-23.27,damicornis,7.085431575757575e-11,gpp
1_hill2014,1,hill2014,shallow,hard,-23.27,damicornis,5.972259037878787e-11,gpp
1_hill2014,1,hill2014,shallow,hard,-23.27,damicornis,6.732043469696968e-11,gpp
2_howe2001,2,howe2001,shallow,hard,-38.15,versipora,7.901810606060606e-9,r
2_howe2001,2,howe2001,shallow,hard,-38.15,versipora,1.2497560606060604e-8,r
2_howe2001,2,howe2001,shallow,hard,-38.15,versipora,2.0243969696969698e-8,r
2_howe2001,2,howe2001,shallow,hard,-38.15,versipora,1.9129371212121215e-8,r
2_howe2001,2,howe2001,shallow,hard,-38.15,versipora,1.4638121212121213e-8,r
3_nakamura2003,3,nakamura2003,shallow,hard,34.36,pruinosa,-4.084625052272727e-10,r
3_nakamura2003,3,nakamura2003,shallow,hard,34.36,pruinosa,-6.318949867424241e-10,r
3_nakamura2003,3,nakamura2003,shallow,hard,34.36,pruinosa,-8.55327468181818e-10,r
3_nakamura2003,3,nakamura2003,shallow,hard,34.36,pruinosa,-8.692919984848483e-10,r
3_nakamura2003,3,nakamura2003,shallow,hard,34.36,pruinosa,-9.67043709090909e-10,r
3_nakamura2003,3,nakamura2003,shallow,hard,34.36,pruinosa,-1.2602988409090906e-9,r
3_nakamura2003,3,nakamura2003,shallow,hard,34.36,pruinosa,-1.1765116606060604e-9,r
3_nakamura2003,3,nakamura2003,shallow,hard,34.36,pruinosa,-1.4976958522727272e-9,r
3_nakamura2003,3,nakamura2003,shallow,hard,34.36,pruinosa,-1.4418377318181815e-9,r
3_nakamura2003,3,nakamura2003,shallow,hard,34.36,pruinosa,-1.4418377318181815e-9,r
3_nakamura2003,3,nakamura2003,shallow,hard,34.36,pruinosa,-1.986454406060606e-9,r
4_nakamura2003,4,nakamura2003,shallow,hard,34.36,pruinosa,-6.87753107121212e-10,r
4_nakamura2003,4,nakamura2003,shallow,hard,34.36,pruinosa,-9.391146484848482e-10,r
4_nakamura2003,4,nakamura2003,shallow,hard,34.36,pruinosa,-1.190476190151515e-9,r
4_nakamura2003,4,nakamura2003,shallow,hard,34.36,pruinosa,-1.3301214916666663e-9,r
4_nakamura2003,4,nakamura2003,shallow,hard,34.36,pruinosa,-1.4976958522727272e-9,r
4_nakamura2003,4,nakamura2003,shallow,hard,34.36,pruinosa,-1.7350928643939391e-9,r
4_nakamura2003,4,nakamura2003,shallow,hard,34.36,pruinosa,-2.056277056060606e-9,r
4_nakamura2003,4,nakamura2003,shallow,hard,34.36,pruinosa,-2.363496718181818e-9,r
4_nakamura2003,4,nakamura2003,shallow,hard,34.36,pruinosa,-2.6148582598484852e-9,r
4_nakamura2003,4,nakamura2003,shallow,hard,34.36,pruinosa,-3.4527300659090902e-9,r
4_nakamura2003,4,nakamura2003,shallow,hard,34.36,pruinosa,-3.3968719454545452e-9,r
33_becker2021,33,becker2021,shallow,hard,-17.5388,spp.,2.512573553030303e-11,r
33_becker2021,33,becker2021,shallow,hard,-17.5388,spp.,2.3658018787878785e-11,r
33_becker2021,33,becker2021,shallow,hard,-17.5388,spp.,2.6792741590909093e-11,r
33_becker2021,33,becker2021,shallow,hard,-17.5388,spp.,3.6051316363636357e-11,r
33_becker2021,33,becker2021,shallow,hard,-17.5388,spp.,3.681909295454545e-11,r
33_becker2021,33,becker2021,shallow,hard,-17.5388,spp.,3.709380234848485e-11,r
33_becker2021,33,becker2021,shallow,hard,-17.5388,spp.,4.1622034924242424e-11,r
33_becker2021,33,becker2021,shallow,hard,-17.5388,spp.,4.1113753712121213e-11,r
33_becker2021,33,becker2021,shallow,hard,-17.5388,spp.,3.725884196969697e-11,r
33_becker2021,33,becker2021,shallow,hard,-17.5388,spp.,3.017011159090909e-11,r
33_becker2021,33,becker2021,shallow,hard,-17.5388,spp.,2.8808948181818175e-11,r
34_becker2021,34,becker2021,shallow,hard,-17.5388,spp.,2.60758875e-11,r
34_becker2021,34,becker2021,shallow,hard,-17.5388,spp.,2.2576883787878785e-11,r
34_becker2021,34,becker2021,shallow,hard,-17.5388,spp.,2.4457667272727273e-11,r
34_becker2021,34,becker2021,shallow,hard,-17.5388,spp.,2.8680502727272724e-11,r
34_becker2021,34,becker2021,shallow,hard,-17.5388,spp.,3.3594938939393935e-11,r
34_becker2021,34,becker2021,shallow,hard,-17.5388,spp.,3.720991060606061e-11,r
34_becker2021,34,becker2021,shallow,hard,-17.5388,spp.,4.2386923181818185e-11,r
34_becker2021,34,becker2021,shallow,hard,-17.5388,spp.,3.5364186893939394e-11,r
34_becker2021,34,becker2021,shallow,hard,-17.5388,spp.,3.2766188257575755e-11,r
34_becker2021,34,becker2021,shallow,hard,-17.5388,spp.,7.003202121212121e-12,r
34_becker2021,34,becker2021,shallow,hard,-17.5388,spp.,3.0015887424242416e-11,r
35_becker2021,35,becker2021,shallow,hard,-17.5388,spp.,1.6355257954545454e-11,r
35_becker2021,35,becker2021,shallow,hard,-17.5388,spp.,1.5662140075757574e-11,r
35_becker2021,35,becker2021,shallow,hard,-17.5388,spp.,1.900404712121212e-11,r
35_becker2021,35,becker2021,shallow,hard,-17.5388,spp.,2.3986339015151512e-11,r
35_becker2021,35,becker2021,shallow,hard,-17.5388,spp.,2.480058189393939e-11,r
35_becker2021,35,becker2021,shallow,hard,-17.5388,spp.,2.7158037803030297e-11,r
35_becker2021,35,becker2021,shallow,hard,-17.5388,spp.,3.023094159090909e-11,r
35_becker2021,35,becker2021,shallow,hard,-17.5388,spp.,2.5142898181818175e-11,r
35_becker2021,35,becker2021,shallow,hard,-17.5388,spp.,2.286966303030303e-11,r
35_becker2021,35,becker2021,shallow,hard,-17.5388,spp.,2.385768196969697e-11,r
35_becker2021,35,becker2021,shallow,hard,-17.5388,spp.,2.3692324696969697e-11,r
36_becker2021,36,becker2021,shallow,hard,-17.5388,spp.,2.814380575757575e-11,r
36_becker2021,36,becker2021,shallow,hard,-17.5388,spp.,2.911563893939394e-11,r
36_becker2021,36,becker2021,shallow,hard,-17.5388,spp.,3.387655234848485e-11,r
36_becker2021,36,becker2021,shallow,hard,-17.5388,spp.,3.9864879696969696e-11,r
36_becker2021,36,becker2021,shallow,hard,-17.5388,spp.,4.3226865606060606e-11,r
36_becker2021,36,becker2021,shallow,hard,-17.5388,spp.,5.6708133636363634e-11,r
36_becker2021,36,becker2021,shallow,hard,-17.5388,spp.,6.141041984848483e-11,r
36_becker2021,36,becker2021,shallow,hard,-17.5388,spp.,5.3238517651515153e-11,r
36_becker2021,36,becker2021,shallow,hard,-17.5388,spp.,4.6498535606060606e-11,r
36_becker2021,36,becker2021,shallow,hard,-17.5388,spp.,3.942997121212121e-11,r
36_becker2021,36,becker2021,shallow,hard,-17.5388,spp.,3.56423978030303e-11,r
37_becker2021,37,becker2021,shallow,hard,-17.5388,spp.,1.9712497575757575e-11,r
37_becker2021,37,becker2021,shallow,hard,-17.5388,spp.,1.978467287878788e-11,r
37_becker2021,37,becker2021,shallow,hard,-17.5388,spp.,2.210205272727272e-11,r
37_becker2021,37,becker2021,shallow,hard,-17.5388,spp.,2.5600280681818177e-11,r
37_becker2021,37,becker2021,shallow,hard,-17.5388,spp.,2.7714462348484847e-11,r
37_becker2021,37,becker2021,shallow,hard,-17.5388,spp.,3.0302117727272726e-11,r
37_becker2021,37,becker2021,shallow,hard,-17.5388,spp.,3.758123477272727e-11,r
37_becker2021,37,becker2021,shallow,hard,-17.5388,spp.,3.454026901515152e-11,r
37_becker2021,37,becker2021,shallow,hard,-17.5388,spp.,3.0755173939393935e-11,r
37_becker2021,37,becker2021,shallow,hard,-17.5388,spp.,2.6962685227272722e-11,r
37_becker2021,37,becker2021,shallow,hard,-17.5388,spp.,2.4948416515151508e-11,r
38_becker2021,38,becker2021,shallow,hard,-17.5388,spp.,2.153174856060606e-11,r
38_becker2021,38,becker2021,shallow,hard,-17.5388,spp.,2.593303469696969e-11,r
38_becker2021,38,becker2021,shallow,hard,-17.5388,spp.,3.1457201439393934e-11,r
38_becker2021,38,becker2021,shallow,hard,-17.5388,spp.,3.464502636363636e-11,r
38_becker2021,38,becker2021,shallow,hard,-17.5388,spp.,3.690232386363635e-11,r
38_becker2021,38,becker2021,shallow,hard,-17.5388,spp.,4.1622934393939385e-11,r
38_becker2021,38,becker2021,shallow,hard,-17.5388,spp.,4.694431401515151e-11,r
38_becker2021,38,becker2021,shallow,hard,-17.5388,spp.,4.827110083333333e-11,r
38_becker2021,38,becker2021,shallow,hard,-17.5388,spp.,4.391722068181818e-11,r
38_becker2021,38,becker2021,shallow,hard,-17.5388,spp.,3.4625409848484843e-11,r
38_becker2021,38,becker2021,shallow,hard,-17.5388,spp.,3.3027900227272724e-11,r
39_becker2021,39,becker2021,shallow,hard,-17.5388,spp.,1.518762371212121e-11,r
39_becker2021,39,becker2021,shallow,hard,-17.5388,spp.,1.8060158106060605e-11,r
39_becker2021,39,becker2021,shallow,hard,-17.5388,spp.,2.1743869545454542e-11,r
39_becker2021,39,becker2021,shallow,hard,-17.5388,spp.,2.7907996439393934e-11,r
39_becker2021,39,becker2021,shallow,hard,-17.5388,spp.,3.2564585757575754e-11,r
39_becker2021,39,becker2021,shallow,hard,-17.5388,spp.,3.381324734848485e-11,r
39_becker2021,39,becker2021,shallow,hard,-17.5388,spp.,3.237780621212121e-11,r
39_becker2021,39,becker2021,shallow,hard,-17.5388,spp.,2.8978824545454544e-11,r
39_becker2021,39,becker2021,shallow,hard,-17.5388,spp.,2.327989659090909e-11,r
39_becker2021,39,becker2021,shallow,hard,-17.5388,spp.,2.1831100833333333e-11,r
39_becker2021,39,becker2021,shallow,hard,-17.5388,spp.,1.7869115909090908e-11,r
40_becker2021,40,becker2021,shallow,hard,-17.5388,spp.,2.9161025833333334e-11,r
40_becker2021,40,becker2021,shallow,hard,-17.5388,spp.,2.9842056439393936e-11,r
40_becker2021,40,becker2021,shallow,hard,-17.5388,spp.,3.3673045681818185e-11,r
40_becker2021,40,becker2021,shallow,hard,-17.5388,spp.,4.1001487803030305e-11,r
40_becker2021,40,becker2021,shallow,hard,-17.5388,spp.,4.9962658106060605e-11,r
40_becker2021,40,becker2021,shallow,hard,-17.5388,spp.,5.5286819090909084e-11,r
40_becker2021,40,becker2021,shallow,hard,-17.5388,spp.,6.13714225e-11,r
40_becker2021,40,becker2021,shallow,hard,-17.5388,spp.,5.574243583333333e-11,r
40_becker2021,40,becker2021,shallow,hard,-17.5388,spp.,5.178667386363636e-11,r
40_becker2021,40,becker2021,shallow,hard,-17.5388,spp.,4.4160544318181805e-11,r
40_becker2021,40,becker2021,shallow,hard,-17.5388,spp.,4.392314946969697e-11,r
41_becker2021,41,becker2021,shallow,hard,-17.5388,spp.,4.2766640681818177e-11,r
41_becker2021,41,becker2021,shallow,hard,-17.5388,spp.,4.6384872424242415e-11,r
41_becker2021,41,becker2021,shallow,hard,-17.5388,spp.,4.796827409090909e-11,r
41_becker2021,41,becker2021,shallow,hard,-17.5388,spp.,5.676921537878788e-11,r
41_becker2021,41,becker2021,shallow,hard,-17.5388,spp.,5.529602795454545e-11,r
41_becker2021,41,becker2021,shallow,hard,-17.5388,spp.,6.370168106060604e-11,r
41_becker2021,41,becker2021,shallow,hard,-17.5388,spp.,7.263576651515152e-11,r
41_becker2021,41,becker2021,shallow,hard,-17.5388,spp.,7.255762166666665e-11,r
41_becker2021,41,becker2021,shallow,hard,-17.5388,spp.,6.769901530303029e-11,r
41_becker2021,41,becker2021,shallow,hard,-17.5388,spp.,6.033713151515152e-11,r
41_becker2021,41,becker2021,shallow,hard,-17.5388,spp.,5.304243454545455e-11,r
42_becker2021,42,becker2021,shallow,hard,-17.5388,spp.,1.6805201742424243e-11,r
42_becker2021,42,becker2021,shallow,hard,-17.5388,spp.,2.1922917575757573e-11,r
42_becker2021,42,becker2021,shallow,hard,-17.5388,spp.,3.5744621515151506e-11,r
42_becker2021,42,becker2021,shallow,hard,-17.5388,spp.,2.952741371212121e-11,r
42_becker2021,42,becker2021,shallow,hard,-17.5388,spp.,2.9404200984848486e-11,r
42_becker2021,42,becker2021,shallow,hard,-17.5388,spp.,3.620352401515152e-11,r
42_becker2021,42,becker2021,shallow,hard,-17.5388,spp.,4.036981583333334e-11,r
42_becker2021,42,becker2021,shallow,hard,-17.5388,spp.,3.763069196969696e-11,r
42_becker2021,42,becker2021,shallow,hard,-17.5388,spp.,3.205725053030303e-11,r
42_becker2021,42,becker2021,shallow,hard,-17.5388,spp.,2.7670177803030304e-11,r
43_becker2021,43,becker2021,shallow,hard,-17.5388,spp.,1.9365778636363635e-11,r
43_becker2021,43,becker2021,shallow,hard,-17.5388,spp.,1.9382383939393945e-11,r
43_becker2021,43,becker2021,shallow,hard,-17.5388,spp.,2.1038343409090908e-11,r
43_becker2021,43,becker2021,shallow,hard,-17.5388,spp.,2.7298177954545453e-11,r
43_becker2021,43,becker2021,shallow,hard,-17.5388,spp.,2.8221707499999994e-11,r
43_becker2021,43,becker2021,shallow,hard,-17.5388,spp.,3.1598668939393944e-11,r
43_becker2021,43,becker2021,shallow,hard,-17.5388,spp.,3.800553560606061e-11,r
43_becker2021,43,becker2021,shallow,hard,-17.5388,spp.,3.4815519848484844e-11,r
43_becker2021,43,becker2021,shallow,hard,-17.5388,spp.,3.0795926515151516e-11,r
43_becker2021,43,becker2021,shallow,hard,-17.5388,spp.,2.652573234848485e-11,r
44_becker2021,44,becker2021,shallow,hard,-17.5388,spp.,2.3240645606060604e-11,r
44_becker2021,44,becker2021,shallow,hard,-17.5388,spp.,2.3911762727272727e-11,r
44_becker2021,44,becker2021,shallow,hard,-17.5388,spp.,2.7112122651515152e-11,r
44_becker2021,44,becker2021,shallow,hard,-17.5388,spp.,3.2338118333333334e-11,r
44_becker2021,44,becker2021,shallow,hard,-17.5388,spp.,3.296704136363636e-11,r
44_becker2021,44,becker2021,shallow,hard,-17.5388,spp.,4.08550668939394e-11,r
44_becker2021,44,becker2021,shallow,hard,-17.5388,spp.,4.3163333484848485e-11,r
44_becker2021,44,becker2021,shallow,hard,-17.5388,spp.,4.4734236212121214e-11,r
44_becker2021,44,becker2021,shallow,hard,-17.5388,spp.,3.9412381818181806e-11,r
44_becker2021,44,becker2021,shallow,hard,-17.5388,spp.,3.372113348484849e-11,r
45_becker2021,45,becker2021,shallow,hard,-17.5388,spp.,1.2205740303030302e-11,r
45_becker2021,45,becker2021,shallow,hard,-17.5388,spp.,1.5917759696969696e-11,r
45_becker2021,45,becker2021,shallow,hard,-17.5388,spp.,1.751594181818182e-11,r
45_becker2021,45,becker2021,shallow,hard,-17.5388,spp.,1.3680610151515152e-11,r
45_becker2021,45,becker2021,shallow,hard,-17.5388,spp.,2.2378563181818178e-11,r
45_becker2021,45,becker2021,shallow,hard,-17.5388,spp.,2.3627446439393936e-11,r
45_becker2021,45,becker2021,shallow,hard,-17.5388,spp.,2.933659431818182e-11,r
45_becker2021,45,becker2021,shallow,hard,-17.5388,spp.,2.8569739393939393e-11,r
45_becker2021,45,becker2021,shallow,hard,-17.5388,spp.,2.7840749848484847e-11,r
45_becker2021,45,becker2021,shallow,hard,-17.5388,spp.,2.235410393939394e-11,r
45_becker2021,45,becker2021,shallow,hard,-17.5388,spp.,2.0457437424242425e-11,r
46_becker2021,46,becker2021,shallow,hard,-17.5388,spp.,2.1874418712121213e-11,r
46_becker2021,46,becker2021,shallow,hard,-17.5388,spp.,1.6927905984848487e-11,r
46_becker2021,46,becker2021,shallow,hard,-17.5388,spp.,1.980194098484848e-11,r
46_becker2021,46,becker2021,shallow,hard,-17.5388,spp.,2.721487189393939e-11,r
46_becker2021,46,becker2021,shallow,hard,-17.5388,spp.,3.1147004999999994e-11,r
46_becker2021,46,becker2021,shallow,hard,-17.5388,spp.,3.165802553030303e-11,r
46_becker2021,46,becker2021,shallow,hard,-17.5388,spp.,3.7271384696969694e-11,r
46_becker2021,46,becker2021,shallow,hard,-17.5388,spp.,3.695369787878787e-11,r
46_becker2021,46,becker2021,shallow,hard,-17.5388,spp.,3.5595004393939393e-11,r
46_becker2021,46,becker2021,shallow,hard,-17.5388,spp.,3.2348236515151516e-11,r
46_becker2021,46,becker2021,shallow,hard,-17.5388,spp.,3.2058283863636357e-11,r
47_becker2021,47,becker2021,shallow,hard,-17.5388,spp.,3.0856904242424246e-11,r
47_becker2021,47,becker2021,shallow,hard,-17.5388,spp.,3.0299194166666665e-11,r
47_becker2021,47,becker2021,shallow,hard,-17.5388,spp.,3.257853431818182e-11,r
47_becker2021,47,becker2021,shallow,hard,-17.5388,spp.,3.8762405606060594e-11,r
47_becker2021,47,becker2021,shallow,hard,-17.5388,spp.,3.9626671590909086e-11,r
47_becker2021,47,becker2021,shallow,hard,-17.5388,spp.,4.419620121212122e-11,r
47_becker2021,47,becker2021,shallow,hard,-17.5388,spp.,5.218722136363636e-11,r
47_becker2021,47,becker2021,shallow,hard,-17.5388,spp.,5.0252876515151516e-11,r
47_becker2021,47,becker2021,shallow,hard,-17.5388,spp.,4.2773673030303024e-11,r
47_becker2021,47,becker2021,shallow,hard,-17.5388,spp.,3.320438462121212e-11,r
48_becker2021,48,becker2021,shallow,hard,-17.5388,spp.,2.0591878257575753e-11,r
48_becker2021,48,becker2021,shallow,hard,-17.5388,spp.,2.0582917348484845e-11,r
48_becker2021,48,becker2021,shallow,hard,-17.5388,spp.,2.4108677424242425e-11,r
48_becker2021,48,becker2021,shallow,hard,-17.5388,spp.,2.567250818181818e-11,r
48_becker2021,48,becker2021,shallow,hard,-17.5388,spp.,2.8180052954545454e-11,r
48_becker2021,48,becker2021,shallow,hard,-17.5388,spp.,3.1017662045454545e-11,r
48_becker2021,48,becker2021,shallow,hard,-17.5388,spp.,3.577606128787879e-11,r
48_becker2021,48,becker2021,shallow,hard,-17.5388,spp.,3.6709601590909096e-11,r
48_becker2021,48,becker2021,shallow,hard,-17.5388,spp.,3.4986112954545455e-11,r
48_becker2021,48,becker2021,shallow,hard,-17.5388,spp.,2.8835394848484847e-11,r
48_becker2021,48,becker2021,shallow,hard,-17.5388,spp.,2.6891260227272724e-11,r
5_kemp2011,5,kemp2011,shallow,hard,24.84,siderea,4.5151203977272734e-8,r
5_kemp2011,5,kemp2011,shallow,hard,24.84,siderea,1.0894040482954548e-8,r
5_kemp2011,5,kemp2011,shallow,hard,24.84,siderea,9.450251988636364e-9,r
6_kemp2011,6,kemp2011,shallow,hard,24.84,siderea,3.0188304971590905e-8,r
6_kemp2011,6,kemp2011,shallow,hard,24.84,siderea,2.5463178977272728e-8,r
6_kemp2011,6,kemp2011,shallow,hard,24.84,siderea,8.531477556818181e-9,r
7_kemp2011,7,kemp2011,shallow,hard,24.84,astreoides,4.5151203977272734e-8,r
7_kemp2011,7,kemp2011,shallow,hard,24.84,astreoides,3.7407247585227274e-8,r
7_kemp2011,7,kemp2011,shallow,hard,24.84,astreoides,9.318998437500002e-9,r
8_kemp2011,8,kemp2011,shallow,hard,24.84,faveolata,3.8326022017045455e-8,r
8_kemp2011,8,kemp2011,shallow,hard,24.84,faveolata,5.775153977272728e-9,r
8_kemp2011,8,kemp2011,shallow,hard,24.84,faveolata,4.987632954545454e-9,r
1_jiang2021,1,jiang2021,shallow,hard,18.2217,damicornis,6.232963570961412e-4,r
1_jiang2021,1,jiang2021,shallow,hard,18.2217,damicornis,8.866610202746892e-4,r
1_jiang2021,1,jiang2021,shallow,hard,18.2217,damicornis,0.00125537154349247,r
1_jiang2021,1,jiang2021,shallow,hard,18.2217,damicornis,7.813151536952255e-4,r
1_jiang2021,1,jiang2021,shallow,hard,18.2217,damicornis,5.969598953564421e-4,r
3_castillohelmuth2005,3,castillohelmuth2005,shallow,hard,16.1,annularis,1.6905369334753785e-11,r
3_castillohelmuth2005,3,castillohelmuth2005,shallow,hard,16.1,annularis,1.6905369334753785e-11,r
3_castillohelmuth2005,3,castillohelmuth2005,shallow,hard,16.1,annularis,1.990210888257576e-11,r
3_castillohelmuth2005,3,castillohelmuth2005,shallow,hard,16.1,annularis,5.0245333072916664e-11,r
3_castillohelmuth2005,3,castillohelmuth2005,shallow,hard,16.1,annularis,5.92355517282197e-11,r
3_castillohelmuth2005,3,castillohelmuth2005,shallow,hard,16.1,annularis,6.822577035984848e-11,r
3_castillohelmuth2005,3,castillohelmuth2005,shallow,hard,16.1,annularis,8.945267549715907e-11,r
3_castillohelmuth2005,3,castillohelmuth2005,shallow,hard,16.1,annularis,1.1043232488162879e-10,r
3_castillohelmuth2005,3,castillohelmuth2005,shallow,hard,16.1,annularis,1.1942254351325754e-10,r
3_castillohelmuth2005,3,castillohelmuth2005,shallow,hard,16.1,annularis,1.0168936197916667e-10,r
3_castillohelmuth2005,3,castillohelmuth2005,shallow,hard,16.1,annularis,1.4963719472064395e-10,r
3_castillohelmuth2005,3,castillohelmuth2005,shallow,hard,16.1,annularis,1.52633934280303e-10,r
3_castillohelmuth2005,3,castillohelmuth2005,shallow,hard,16.1,annularis,8.096438598484848e-11,r
3_castillohelmuth2005,3,castillohelmuth2005,shallow,hard,16.1,annularis,8.695786508049242e-11,r
3_castillohelmuth2005,3,castillohelmuth2005,shallow,hard,16.1,annularis,1.2291626709280302e-10,r
3_castillohelmuth2005,3,castillohelmuth2005,shallow,hard,16.1,annularis,1.828011123816288e-11,r
3_castillohelmuth2005,3,castillohelmuth2005,shallow,hard,16.1,annularis,1.828011123816288e-11,r
3_castillohelmuth2005,3,castillohelmuth2005,shallow,hard,16.1,annularis,1.828011123816288e-11,r
4_castillohelmuth2005,4,castillohelmuth2005,shallow,hard,16.1,annularis,2.8887382410037877e-11,r
4_castillohelmuth2005,4,castillohelmuth2005,shallow,hard,16.1,annularis,3.488580662878788e-11,r
4_castillohelmuth2005,4,castillohelmuth2005,shallow,hard,16.1,annularis,3.1889067069128786e-11,r
4_castillohelmuth2005,4,castillohelmuth2005,shallow,hard,16.1,annularis,9.819316583806815e-11,r
4_castillohelmuth2005,4,castillohelmuth2005,shallow,hard,16.1,annularis,1.2816056131628787e-10,r
4_castillohelmuth2005,4,castillohelmuth2005,shallow,hard,16.1,annularis,1.3415404041193179e-10,r
4_castillohelmuth2005,4,castillohelmuth2005,shallow,hard,16.1,annularis,1.254110775094697e-10,r
4_castillohelmuth2005,4,castillohelmuth2005,shallow,hard,16.1,annularis,1.883426080018939e-10,r
4_castillohelmuth2005,4,castillohelmuth2005,shallow,hard,16.1,annularis,2.0332630572916663e-10,r
4_castillohelmuth2005,4,castillohelmuth2005,shallow,hard,16.1,annularis,1.706094264441288e-10,r
4_castillohelmuth2005,4,castillohelmuth2005,shallow,hard,16.1,annularis,2.0957198567708332e-10,r
4_castillohelmuth2005,4,castillohelmuth2005,shallow,hard,16.1,annularis,2.3354590205965907e-10,r
4_castillohelmuth2005,4,castillohelmuth2005,shallow,hard,16.1,annularis,1.3490075272253786e-10,r
4_castillohelmuth2005,4,castillohelmuth2005,shallow,hard,16.1,annularis,1.6786488776041663e-10,r
4_castillohelmuth2005,4,castillohelmuth2005,shallow,hard,16.1,annularis,1.8884206458333332e-10,r
4_castillohelmuth2005,4,castillohelmuth2005,shallow,hard,16.1,annularis,9.289892597064391e-12,r
4_castillohelmuth2005,4,castillohelmuth2005,shallow,hard,16.1,annularis,9.289892597064391e-12,r
4_castillohelmuth2005,4,castillohelmuth2005,shallow,hard,16.1,annularis,9.289892597064391e-12,r
1_dodds2007,1,dodds2007,deep,hard,56.49,pertusa,8.273161333333333e-10,r
1_dodds2007,1,dodds2007,deep,hard,56.49,pertusa,1.4539445999999999e-9,r
1_dodds2007,1,dodds2007,deep,hard,56.49,pertusa,9.606494666666666e-10,r
9_silbiger2019,9,silbiger2019,shallow,hard,9.14,franksi,9.695525560606059e-11,r
9_silbiger2019,9,silbiger2019,shallow,hard,9.14,franksi,1.0256968340909091e-10,r
9_silbiger2019,9,silbiger2019,shallow,hard,9.14,franksi,1.5377591401515148e-10,r
9_silbiger2019,9,silbiger2019,shallow,hard,9.14,franksi,1.470852340909091e-10,r
9_silbiger2019,9,silbiger2019,shallow,hard,9.14,franksi,1.2802242924242424e-10,r
9_silbiger2019,9,silbiger2019,shallow,hard,9.14,franksi,1.3799963909090908e-10,r
9_silbiger2019,9,silbiger2019,shallow,hard,9.14,franksi,9.846226075757576e-11,r
9_silbiger2019,9,silbiger2019,shallow,hard,9.14,franksi,1.5373025462121212e-10,r
9_silbiger2019,9,silbiger2019,shallow,hard,9.14,franksi,8.470281454545454e-11,r
10_silbiger2019,10,silbiger2019,shallow,hard,9.14,franksi,7.735555219696969e-11,r
10_silbiger2019,10,silbiger2019,shallow,hard,9.14,franksi,8.97899453030303e-11,r
10_silbiger2019,10,silbiger2019,shallow,hard,9.14,franksi,1.7678881484848482e-10,r
10_silbiger2019,10,silbiger2019,shallow,hard,9.14,franksi,1.3122478636363635e-10,r
10_silbiger2019,10,silbiger2019,shallow,hard,9.14,franksi,1.3547675068181818e-10,r
10_silbiger2019,10,silbiger2019,shallow,hard,9.14,franksi,1.3506266666666663e-10,r
10_silbiger2019,10,silbiger2019,shallow,hard,9.14,franksi,1.3021304136363635e-10,r
10_silbiger2019,10,silbiger2019,shallow,hard,9.14,franksi,1.1950812916666667e-10,r
10_silbiger2019,10,silbiger2019,shallow,hard,9.14,franksi,1.8245780772727272e-10,r
10_silbiger2019,10,silbiger2019,shallow,hard,9.14,franksi,8.434483e-11,r
11_silbiger2019,11,silbiger2019,shallow,hard,9.14,franksi,6.92694578030303e-11,r
11_silbiger2019,11,silbiger2019,shallow,hard,9.14,franksi,8.605641196969697e-11,r
11_silbiger2019,11,silbiger2019,shallow,hard,9.14,franksi,1.1315337704545455e-10,r
11_silbiger2019,11,silbiger2019,shallow,hard,9.14,franksi,1.0795381863636364e-10,r
11_silbiger2019,11,silbiger2019,shallow,hard,9.14,franksi,9.754092121212119e-11,r
11_silbiger2019,11,silbiger2019,shallow,hard,9.14,franksi,1.0150883659090908e-10,r
11_silbiger2019,11,silbiger2019,shallow,hard,9.14,franksi,8.308436674242425e-11,r
11_silbiger2019,11,silbiger2019,shallow,hard,9.14,franksi,1.4567824840909091e-10,r
11_silbiger2019,11,silbiger2019,shallow,hard,9.14,franksi,6.13297071969697e-11,r
12_silbiger2019,12,silbiger2019,shallow,hard,9.14,franksi,6.775844492424243e-11,r
12_silbiger2019,12,silbiger2019,shallow,hard,9.14,franksi,9.357824280303032e-11,r
12_silbiger2019,12,silbiger2019,shallow,hard,9.14,franksi,1.1231899704545456e-10,r
12_silbiger2019,12,silbiger2019,shallow,hard,9.14,franksi,1.4293292833333332e-10,r
12_silbiger2019,12,silbiger2019,shallow,hard,9.14,franksi,1.2492361931818182e-10,r
12_silbiger2019,12,silbiger2019,shallow,hard,9.14,franksi,1.4964504545454546e-10,r
12_silbiger2019,12,silbiger2019,shallow,hard,9.14,franksi,1.0662615083333331e-10,r
12_silbiger2019,12,silbiger2019,shallow,hard,9.14,franksi,1.6623750378787878e-10,r
12_silbiger2019,12,silbiger2019,shallow,hard,9.14,franksi,1.1928390409090907e-10,r
12_silbiger2019,12,silbiger2019,shallow,hard,9.14,franksi,1.4671476977272727e-10,r
5_silbiger2019,5,silbiger2019,shallow,hard,32.27,franksi,-4.024987833333333e-11,r
5_silbiger2019,5,silbiger2019,shallow,hard,32.27,franksi,-3.3613904469696965e-11,r
5_silbiger2019,5,silbiger2019,shallow,hard,32.27,franksi,-4.450399431818182e-11,r
5_silbiger2019,5,silbiger2019,shallow,hard,32.27,franksi,-7.065127303030303e-11,r
5_silbiger2019,5,silbiger2019,shallow,hard,32.27,franksi,-6.943924946969697e-11,r
5_silbiger2019,5,silbiger2019,shallow,hard,32.27,franksi,-6.493660083333331e-11,r
5_silbiger2019,5,silbiger2019,shallow,hard,32.27,franksi,-8.478748803030302e-11,r
5_silbiger2019,5,silbiger2019,shallow,hard,32.27,franksi,-3.569087166666667e-11,r
6_silbiger2019,6,silbiger2019,shallow,hard,32.27,franksi,-2.8407663333333327e-11,r
6_silbiger2019,6,silbiger2019,shallow,hard,32.27,franksi,-3.8555319848484856e-11,r
6_silbiger2019,6,silbiger2019,shallow,hard,32.27,franksi,-5.652832409090909e-11,r
6_silbiger2019,6,silbiger2019,shallow,hard,32.27,franksi,-8.008218196969698e-11,r
6_silbiger2019,6,silbiger2019,shallow,hard,32.27,franksi,-7.1962195e-11,r
6_silbiger2019,6,silbiger2019,shallow,hard,32.27,franksi,-7.084295704545455e-11,r
6_silbiger2019,6,silbiger2019,shallow,hard,32.27,franksi,-7.772202507575757e-11,r
6_silbiger2019,6,silbiger2019,shallow,hard,32.27,franksi,-4.783356674242424e-11,r
7_silbiger2019,7,silbiger2019,shallow,hard,32.27,franksi,-3.236034825757576e-11,r
7_silbiger2019,7,silbiger2019,shallow,hard,32.27,franksi,-1.5522290909090908e-11,r
7_silbiger2019,7,silbiger2019,shallow,hard,32.27,franksi,-3.843687401515151e-11,r
7_silbiger2019,7,silbiger2019,shallow,hard,32.27,franksi,-5.4671274924242414e-11,r
7_silbiger2019,7,silbiger2019,shallow,hard,32.27,franksi,-7.148424060606059e-11,r
7_silbiger2019,7,silbiger2019,shallow,hard,32.27,franksi,-4.866360727272727e-11,r
7_silbiger2019,7,silbiger2019,shallow,hard,32.27,franksi,-4.7634827803030295e-11,r
7_silbiger2019,7,silbiger2019,shallow,hard,32.27,franksi,-3.232449833333333e-11,r
8_silbiger2019,8,silbiger2019,shallow,hard,32.27,franksi,-1.0726643030303029e-11,r
8_silbiger2019,8,silbiger2019,shallow,hard,32.27,franksi,-3.585777704545454e-11,r
8_silbiger2019,8,silbiger2019,shallow,hard,32.27,franksi,-4.563148568181818e-11,r
8_silbiger2019,8,silbiger2019,shallow,hard,32.27,franksi,-5.7938168333333325e-11,r
8_silbiger2019,8,silbiger2019,shallow,hard,32.27,franksi,-8.329691871212123e-11,r
8_silbiger2019,8,silbiger2019,shallow,hard,32.27,franksi,-4.192323462121212e-11,r
8_silbiger2019,8,silbiger2019,shallow,hard,32.27,franksi,-6.236539477272725e-11,r
8_silbiger2019,8,silbiger2019,shallow,hard,32.27,franksi,-2.8058421439393935e-11,r
1_hadjioannou2019,1,hadjioannou2019,shallow,hard,34.58,caespitosa,-2.0889037424242423e-11,r
1_hadjioannou2019,1,hadjioannou2019,shallow,hard,34.58,caespitosa,-3.509358287878788e-11,r
1_hadjioannou2019,1,hadjioannou2019,shallow,hard,34.58,caespitosa,-1.328542781060606e-10,r
2_hadjioannou2019,2,hadjioannou2019,shallow,hard,34.58,caespitosa,-2.5902406439393936e-11,r
2_hadjioannou2019,2,hadjioannou2019,shallow,hard,34.58,caespitosa,-4.512032083333333e-11,r
2_hadjioannou2019,2,hadjioannou2019,shallow,hard,34.58,caespitosa,-1.6794786098484843e-10,r
2_juillet-leclerc2014,2,juillet,shallow,hard,43.7328,sp.,-1.1354215745454545e-7,r
2_juillet-leclerc2014,2,juillet,shallow,hard,43.7328,sp.,-1.959255769090909e-7,r
2_juillet-leclerc2014,2,juillet,shallow,hard,43.7328,sp.,-2.666509655454545e-7,r
1_rodolfo-metalpa2006,1,rodolfo,shallow,hard,44.03,caespitosa,-5.756578947679924e-5,r
1_rodolfo-metalpa2006,1,rodolfo,shallow,hard,44.03,caespitosa,-5.3453947372159086e-5,r
1_rodolfo-metalpa2006,1,rodolfo,shallow,hard,44.03,caespitosa,-5.607057415956439e-5,r
1_rodolfo-metalpa2006,1,rodolfo,shallow,hard,44.03,caespitosa,-5.793959330018939e-5,r
1_dori2014,1,dori2014,deep,hard,40,cornigera,4.3423654545454544e-12,r
1_dori2014,1,dori2014,deep,hard,40,cornigera,6.263027095959596e-12,r
1_dori2014,1,dori2014,deep,hard,40,cornigera,7.582438137626262e-12,r
1_naumann2014,1,naumann2014,deep,hard,42.23,oculata,1.1557219794823232e-11,r
1_naumann2014,1,naumann2014,deep,hard,42.23,oculata,6.573168759469696e-12,r
1_naumann2014,1,naumann2014,deep,hard,42.23,oculata,6.500936136363637e-12,r
2_naumann2014,2,naumann2014,deep,hard,42.23,pertusa,1.523648001262626e-11,r
2_naumann2014,2,naumann2014,deep,hard,42.23,pertusa,1.4920950833333335e-11,r
2_naumann2014,2,naumann2014,deep,hard,42.23,pertusa,1.6604834665404042e-11,r
1_edmunds2011,1,edmunds2011,shallow,hard,21.56,damicornis,4.716887638979725e-4,r
1_edmunds2011,1,edmunds2011,shallow,hard,21.56,damicornis,5.77629555264879e-4,r
1_edmunds2011,1,edmunds2011,shallow,hard,21.56,damicornis,7.541975408763896e-4,r
1_edmunds2011,1,edmunds2011,shallow,hard,21.56,damicornis,5.927639568345323e-4,r
1_edmunds2011,1,edmunds2011,shallow,hard,21.56,damicornis,4.868231654676258e-4,r
2_edmunds2011,2,edmunds2011,shallow,hard,21.56,hystrix,8.260012426422498e-5,r
2_edmunds2011,2,edmunds2011,shallow,hard,21.56,hystrix,3.427026291693917e-4,r
2_edmunds2011,2,edmunds2011,shallow,hard,21.56,hystrix,3.444600784826684e-4,r
2_edmunds2011,2,edmunds2011,shallow,hard,21.56,hystrix,2.3725567037279264e-4,r
2_edmunds2011,2,edmunds2011,shallow,hard,21.56,hystrix,1.722300392413342e-4,r
3_edmunds2011,3,edmunds2011,shallow,hard,21.56,pistillata,6.274094310006539e-4,r
3_edmunds2011,3,edmunds2011,shallow,hard,21.56,pistillata,7.012223086984956e-4,r
3_edmunds2011,3,edmunds2011,shallow,hard,21.56,pistillata,3.9191121648136034e-4,r
1_edmunds2001,1,edmunds2001,shallow,hard,24.56,astreoides,5.886200130804446e-4,r
1_edmunds2001,1,edmunds2001,shallow,hard,24.56,astreoides,8.502289077828646e-4,r
1_edmunds2001,1,edmunds2001,shallow,hard,24.56,astreoides,9.156311314584696e-4,r
2_rodriguez-lanetty2009,2,rodriguez,shallow,hard,-22.33,millepora,2.616088947024199e-4,r
2_rodriguez-lanetty2009,2,rodriguez,shallow,hard,-22.33,millepora,2.616088947024199e-4,r
2_rodriguez-lanetty2009,2,rodriguez,shallow,hard,-22.33,millepora,3.9241334205362976e-4,r
2_higuchi2015,2,higuchi2015,shallow,hard,33.9481,pruinosa,4.6212121212121205e-10,r
2_higuchi2015,2,higuchi2015,shallow,hard,33.9481,pruinosa,5.53030303030303e-10,r
2_higuchi2015,2,higuchi2015,shallow,hard,33.9481,pruinosa,3.787878787878787e-11,r
1_al-sofyani2013,1,al,shallow,hard,21.4,damicornis,1.5882386573333337e-12,r
1_al-sofyani2013,1,al,shallow,hard,21.4,damicornis,2.1284937546666667e-12,r
1_al-sofyani2013,1,al,shallow,hard,21.4,damicornis,1.5940158213333332e-12,r
2_al-sofyani2013,2,al,shallow,hard,21.4,verrucosa,1.4158865986666666e-12,r
2_al-sofyani2013,2,al,shallow,hard,21.4,verrucosa,1.9273762346666665e-12,r
2_al-sofyani2013,2,al,shallow,hard,21.4,verrucosa,1.864188504e-12,r
1_dorey2020,1,dorey2020,deep,hard,64.06,pertusa,1.8287937743333331e-6,r
1_dorey2020,1,dorey2020,deep,hard,64.06,pertusa,1.2840466926666669e-06,r
1_dorey2020,1,dorey2020,deep,hard,64.06,pertusa,5.447470816666667e-7,r
1_dorey2020,1,dorey2020,deep,hard,64.06,pertusa,4.280155643333333e-7,r
1_dorey2020,1,dorey2020,deep,hard,64.06,pertusa,3.9688715966666667e-7,r
2_dorey2020,2,dorey2020,deep,hard,64.06,pertusa,1.416342412333333e-6,r
2_dorey2020,2,dorey2020,deep,hard,64.06,pertusa,1.1828793773333333e-6,r
2_dorey2020,2,dorey2020,deep,hard,64.06,pertusa,1.089494163333333e-6,r
2_dorey2020,2,dorey2020,deep,hard,64.06,pertusa,9.027237353333334e-7,r
2_dorey2020,2,dorey2020,deep,hard,64.06,pertusa,4.59143969e-7,r
3_dorey2020,3,dorey2020,deep,hard,64.06,pertusa,9.649805446666666e-7,r
3_dorey2020,3,dorey2020,deep,hard,64.06,pertusa,7.237354086666667e-7,r
3_dorey2020,3,dorey2020,deep,hard,64.06,pertusa,5.058365759999999e-7,r
3_dorey2020,3,dorey2020,deep,hard,64.06,pertusa,4.0466926066666665e-7,r
3_dorey2020,3,dorey2020,deep,hard,64.06,pertusa,4.12451362e-7,r
4_dorey2020,4,dorey2020,deep,hard,64.06,pertusa,9.182879376666668e-7,r
4_dorey2020,4,dorey2020,deep,hard,64.06,pertusa,7.47081712e-7,r
4_dorey2020,4,dorey2020,deep,hard,64.06,pertusa,5.136186769999999e-7,r
4_dorey2020,4,dorey2020,deep,hard,64.06,pertusa,5.447470816666667e-7,r
4_dorey2020,4,dorey2020,deep,hard,64.06,pertusa,4.20233463e-7,r
5_dorey2020,5,dorey2020,deep,hard,64.06,pertusa,7.548638133333333e-7,r
5_dorey2020,5,dorey2020,deep,hard,64.06,pertusa,5.9922179e-7,r
5_dorey2020,5,dorey2020,deep,hard,64.06,pertusa,4.6692606999999994e-7,r
5_dorey2020,5,dorey2020,deep,hard,64.06,pertusa,4.20233463e-7,r
5_dorey2020,5,dorey2020,deep,hard,64.06,pertusa,6.381322956666666e-7,r
6_dorey2020,6,dorey2020,deep,hard,63.36,pertusa,1.9450980393333333e-6,r
6_dorey2020,6,dorey2020,deep,hard,63.36,pertusa,1.9843137253333332e-6,r
6_dorey2020,6,dorey2020,deep,hard,63.36,pertusa,1.2784313726666666e-6,r
6_dorey2020,6,dorey2020,deep,hard,63.36,pertusa,1.3019607843333331e-6,r
6_dorey2020,6,dorey2020,deep,hard,63.36,pertusa,7.05882353e-7,r
6_dorey2020,6,dorey2020,deep,hard,63.36,pertusa,1.2078431373333333e-6,r
7_dorey2020,7,dorey2020,deep,hard,63.36,pertusa,1.1921568626666666e-6,r
7_dorey2020,7,dorey2020,deep,hard,63.36,pertusa,1.419607843e-6,r
7_dorey2020,7,dorey2020,deep,hard,63.36,pertusa,8.235294116666666e-7,r
7_dorey2020,7,dorey2020,deep,hard,63.36,pertusa,6.352941176666667e-7,r
7_dorey2020,7,dorey2020,deep,hard,63.36,pertusa,1.223529411666667e-6,r
8_dorey2020,8,dorey2020,deep,hard,63.36,pertusa,9.725490196666666e-7,r
8_dorey2020,8,dorey2020,deep,hard,63.36,pertusa,8.235294116666666e-7,r
8_dorey2020,8,dorey2020,deep,hard,63.36,pertusa,5.88235294e-7,r
8_dorey2020,8,dorey2020,deep,hard,63.36,pertusa,5.098039216666666e-7,r
8_dorey2020,8,dorey2020,deep,hard,63.36,pertusa,4.705882353333334e-7,r
8_dorey2020,8,dorey2020,deep,hard,63.36,pertusa,6.274509803333332e-8,r
9_dorey2020,9,dorey2020,deep,hard,63.36,pertusa,8.000000000000001e-7,r
9_dorey2020,9,dorey2020,deep,hard,63.36,pertusa,6.666666666666666e-7,r
9_dorey2020,9,dorey2020,deep,hard,63.36,pertusa,5.803921569999999e-7,r
9_dorey2020,9,dorey2020,deep,hard,63.36,pertusa,4.470588236666666e-7,r
9_dorey2020,9,dorey2020,deep,hard,63.36,pertusa,3.2156862746666664e-7,r
9_dorey2020,9,dorey2020,deep,hard,63.36,pertusa,1.4901960783333332e-07,r
10_dorey2020,10,dorey2020,deep,hard,63.36,pertusa,6.274509803333333e-7,r
10_dorey2020,10,dorey2020,deep,hard,63.36,pertusa,4.94117647e-7,r
10_dorey2020,10,dorey2020,deep,hard,63.36,pertusa,4.31372549e-7,r
10_dorey2020,10,dorey2020,deep,hard,63.36,pertusa,2.901960784333333e-7,r
10_dorey2020,10,dorey2020,deep,hard,63.36,pertusa,1.6470588236666668e-7,r
10_dorey2020,10,dorey2020,deep,hard,63.36,pertusa,2.3529411766666667e-8,r
11_dorey2020,11,dorey2020,deep,hard,69.14,pertusa,1.2243756386666666e-6,r
11_dorey2020,11,dorey2020,deep,hard,69.14,pertusa,1.2251678113333333e-6,r
11_dorey2020,11,dorey2020,deep,hard,69.14,pertusa,6.555148153333333e-7,r
11_dorey2020,11,dorey2020,deep,hard,69.14,pertusa,6.250080833333332e-7,r
11_dorey2020,11,dorey2020,deep,hard,69.14,pertusa,5.318873756666666e-7,r
12_dorey2020,12,dorey2020,deep,hard,69.14,pertusa,1.020932759e-6,r
12_dorey2020,12,dorey2020,deep,hard,69.14,pertusa,8.182820523333334e-7,r
12_dorey2020,12,dorey2020,deep,hard,69.14,pertusa,5.068611853333334e-7,r
12_dorey2020,12,dorey2020,deep,hard,69.14,pertusa,4.3721465599999993e-7,r
12_dorey2020,12,dorey2020,deep,hard,69.14,pertusa,3.049864845666667e-7,r
13_dorey2020,13,dorey2020,deep,hard,69.14,pertusa,9.34868855e-7,r
13_dorey2020,13,dorey2020,deep,hard,69.14,pertusa,8.026406833333333e-7,r
13_dorey2020,13,dorey2020,deep,hard,69.14,pertusa,4.285977573333334e-7,r
13_dorey2020,13,dorey2020,deep,hard,69.14,pertusa,3.5114266866666665e-7,r
13_dorey2020,13,dorey2020,deep,hard,69.14,pertusa,2.5019723483333333e-7,r
14_dorey2020,14,dorey2020,deep,hard,69.14,pertusa,6.375211783333333e-7,r
14_dorey2020,14,dorey2020,deep,hard,69.14,pertusa,5.365757446666667e-7,r
14_dorey2020,14,dorey2020,deep,hard,69.14,pertusa,4.1998085866666667e-7,r
14_dorey2020,14,dorey2020,deep,hard,69.14,pertusa,3.347010436666666e-7,r
14_dorey2020,14,dorey2020,deep,hard,69.14,pertusa,3.824415733333333e-7,r
14_dorey2020,14,dorey2020,deep,hard,69.14,pertusa,1.4063490216666665e-7,r
15_dorey2020,15,dorey2020,deep,hard,69.14,pertusa,5.827480956666667e-7,r
15_dorey2020,15,dorey2020,deep,hard,69.14,pertusa,4.818026616666666e-7,r
15_dorey2020,15,dorey2020,deep,hard,69.14,pertusa,4.043314063333333e-7,r
15_dorey2020,15,dorey2020,deep,hard,69.14,pertusa,2.955774130666667e-7,r
15_dorey2020,15,dorey2020,deep,hard,69.14,pertusa,2.7291157413333333e-7,r
15_dorey2020,15,dorey2020,deep,hard,69.14,pertusa,1.093521644e-7,r
16_dorey2020,16,dorey2020,deep,hard,68.54,pertusa,1.1267605633333334e-6,r
16_dorey2020,16,dorey2020,deep,hard,68.54,pertusa,8.13771518e-7,r
16_dorey2020,16,dorey2020,deep,hard,68.54,pertusa,6.338028169999999e-7,r
16_dorey2020,16,dorey2020,deep,hard,68.54,pertusa,5.007824726666666e-7,r
16_dorey2020,16,dorey2020,deep,hard,68.54,pertusa,3.2863849766666666e-7,r
16_dorey2020,16,dorey2020,deep,hard,68.54,pertusa,2.2691705789999997e-7,r
17_dorey2020,17,dorey2020,deep,hard,68.54,pertusa,8.920187793333332e-7,r
18_dorey2020,18,dorey2020,deep,hard,68.54,pertusa,8.450704226666666e-7,r
19_dorey2020,19,dorey2020,deep,hard,68.54,pertusa,7.51173709e-7,r
20_dorey2020,20,dorey2020,deep,hard,68.54,pertusa,5.477308293333333e-7,r
17_dorey2020,17,dorey2020,deep,hard,68.54,pertusa,3.9123630666666665e-7,r
18_dorey2020,18,dorey2020,deep,hard,68.54,pertusa,5.946791863333334e-7,r
19_dorey2020,19,dorey2020,deep,hard,68.54,pertusa,7.58998435e-7,r
20_dorey2020,20,dorey2020,deep,hard,68.54,pertusa,8.607198746666668e-7,r
17_dorey2020,17,dorey2020,deep,hard,68.54,pertusa,7.433489826666666e-7,r
18_dorey2020,18,dorey2020,deep,hard,68.54,pertusa,6.807511736666666e-7,r
19_dorey2020,19,dorey2020,deep,hard,68.54,pertusa,4.890453833333333e-7,r
20_dorey2020,20,dorey2020,deep,hard,68.54,pertusa,3.364632236666667e-7,r
17_dorey2020,17,dorey2020,deep,hard,68.54,pertusa,2.503912363e-7,r
18_dorey2020,18,dorey2020,deep,hard,68.54,pertusa,3.52112676e-7,r
19_dorey2020,19,dorey2020,deep,hard,68.54,pertusa,5.320813770000001e-7,r
20_dorey2020,20,dorey2020,deep,hard,68.54,pertusa,6.025039123333334e-7,r
17_dorey2020,17,dorey2020,deep,hard,68.54,pertusa,1.877934272333333e-7,r
18_dorey2020,18,dorey2020,deep,hard,68.54,pertusa,2.6604068856666666e-7,r
19_dorey2020,19,dorey2020,deep,hard,68.54,pertusa,3.677621283333334e-7,r
20_dorey2020,20,dorey2020,deep,hard,68.54,pertusa,3.9123630666666665e-7,r
17_dorey2020,17,dorey2020,deep,hard,68.54,pertusa,2.8169014083333336e-7,r
18_dorey2020,18,dorey2020,deep,hard,68.54,pertusa,1.877934272333333e-7,r
19_dorey2020,19,dorey2020,deep,hard,68.54,pertusa,2.1126760563333337e-7,r
20_dorey2020,20,dorey2020,deep,hard,68.54,pertusa,1.0172143973333332e-7,r
1_godefroid2023,1,godefroid2023,deep,hard,-17.28,speciosa,6.483957196969696e-12,r
1_godefroid2023,1,godefroid2023,deep,hard,-17.28,speciosa,6.350267348484849e-12,r
1_godefroid2023,1,godefroid2023,deep,hard,-17.28,speciosa,8.355615e-12,r
1_godefroid2023,1,godefroid2023,deep,hard,-17.28,speciosa,9.692513333333331e-12,r
1_godefroid2023,1,godefroid2023,deep,hard,-17.28,speciosa,9.95989303030303e-12,r
1_godefroid2023,1,godefroid2023,deep,hard,-17.28,speciosa,9.425133712121213e-12,r
1_godefroid2023,1,godefroid2023,deep,hard,-17.28,speciosa,1.0026737954545452e-11,r
1_godefroid2023,1,godefroid2023,deep,hard,-17.28,speciosa,1.0895721893939391e-11,r
1_godefroid2023,1,godefroid2023,deep,hard,-17.28,speciosa,1.1697860984848484e-11,r
1_godefroid2023,1,godefroid2023,deep,hard,-17.28,speciosa,1.2767379696969694e-11,r
2_godefroid2023,2,godefroid2023,deep,hard,-17.28,speciosa,2.212389393939394e-12,r
2_godefroid2023,2,godefroid2023,deep,hard,-17.28,speciosa,2.1453472727272728e-12,r
2_godefroid2023,2,godefroid2023,deep,hard,-17.28,speciosa,2.815768333333333e-12,r
2_godefroid2023,2,godefroid2023,deep,hard,-17.28,speciosa,3.218020909090909e-12,r
2_godefroid2023,2,godefroid2023,deep,hard,-17.28,speciosa,3.218020909090909e-12,r
2_godefroid2023,2,godefroid2023,deep,hard,-17.28,speciosa,3.620273560606061e-12,r
2_godefroid2023,2,godefroid2023,deep,hard,-17.28,speciosa,4.2906945454545456e-12,r
2_godefroid2023,2,godefroid2023,deep,hard,-17.28,speciosa,4.692947196969697e-12,r
2_godefroid2023,2,godefroid2023,deep,hard,-17.28,speciosa,5.0951997727272706e-12,r
2_godefroid2023,2,godefroid2023,deep,hard,-17.28,speciosa,5.832662878787878e-12,r
1_castrillon-cifuentes2023,1,castrillon,shallow,hard,2.58,spp,3.13892145625e-5,r
1_castrillon-cifuentes2023,1,castrillon,shallow,hard,2.58,spp,5.6711606125e-5,r
1_castrillon-cifuentes2023,1,castrillon,shallow,hard,2.58,spp,7.2010551e-5,r
13_banc-prandi2022,13,banc,shallow,hard,29.50232,pistillata,7.969303424242422e-10,r
13_banc-prandi2022,13,banc,shallow,hard,29.50232,pistillata,7.674144037878787e-10,r
13_banc-prandi2022,13,banc,shallow,hard,29.50232,pistillata,9.445100356060607e-10,r
13_banc-prandi2022,13,banc,shallow,hard,29.50232,pistillata,1.1707988977272727e-9,r
13_banc-prandi2022,13,banc,shallow,hard,29.50232,pistillata,1.0920897287878784e-9,r
13_banc-prandi2022,13,banc,shallow,hard,29.50232,pistillata,1.111767021212121e-9,r
13_banc-prandi2022,13,banc,shallow,hard,29.50232,pistillata,9.838646204545455e-10,r
14_banc-prandi2022,14,banc,shallow,hard,11.71444,pistillata,8.953168045454543e-10,r
14_banc-prandi2022,14,banc,shallow,hard,11.71444,pistillata,1.1314443136363635e-9,r
14_banc-prandi2022,14,banc,shallow,hard,11.71444,pistillata,9.149940969696972e-10,r
14_banc-prandi2022,14,banc,shallow,hard,11.71444,pistillata,1.1314443136363635e-9,r
15_banc-prandi2022,15,banc,shallow,hard,29.50232,hystrix,2.94527675e-10,r
15_banc-prandi2022,15,banc,shallow,hard,29.50232,hystrix,7.844461053030302e-10,r
15_banc-prandi2022,15,banc,shallow,hard,29.50232,hystrix,5.44408727121212e-10,r
15_banc-prandi2022,15,banc,shallow,hard,29.50232,hystrix,8.962685969696967e-10,r
15_banc-prandi2022,15,banc,shallow,hard,29.50232,hystrix,5.378600066666665e-10,r
15_banc-prandi2022,15,banc,shallow,hard,29.50232,hystrix,1.0968694977272727e-9,r
15_banc-prandi2022,15,banc,shallow,hard,29.50232,hystrix,1.6361092659090911e-9,r
16_banc-prandi2022,16,banc,shallow,hard,11.71444,hystrix,1.1428752886363636e-9,r
16_banc-prandi2022,16,banc,shallow,hard,11.71444,hystrix,2.244378314393939e-9,r
16_banc-prandi2022,16,banc,shallow,hard,11.71444,hystrix,1.659091568181818e-9,r
16_banc-prandi2022,16,banc,shallow,hard,11.71444,hystrix,1.4585524477272727e-9,r
17_banc-prandi2022,17,banc,shallow,hard,29.50232,lobata,7.087383266666665e-10,r
17_banc-prandi2022,17,banc,shallow,hard,29.50232,lobata,1.1986429416666663e-9,r
17_banc-prandi2022,17,banc,shallow,hard,29.50232,lobata,1.5504891681818183e-9,r
17_banc-prandi2022,17,banc,shallow,hard,29.50232,lobata,2.0009780719696967e-9,r
17_banc-prandi2022,17,banc,shallow,hard,29.50232,lobata,2.1949546568181814e-9,r
17_banc-prandi2022,17,banc,shallow,hard,29.50232,lobata,1.954986182575757e-9,r
17_banc-prandi2022,17,banc,shallow,hard,29.50232,lobata,1.5768352416666662e-9,r
18_banc-prandi2022,18,banc,shallow,hard,11.71444,lobata,1.783964183333333e-9,r
18_banc-prandi2022,18,banc,shallow,hard,11.71444,lobata,1.820112484848485e-9,r
18_banc-prandi2022,18,banc,shallow,hard,11.71444,lobata,2.053546140151515e-9,r
18_banc-prandi2022,18,banc,shallow,hard,11.71444,lobata,1.9319488780303027e-9,r
19_banc-prandi2022,19,banc,shallow,hard,29.50232,muricata,7.570562375e-10,r
19_banc-prandi2022,19,banc,shallow,hard,29.50232,muricata,1.113628446969697e-9,r
19_banc-prandi2022,19,banc,shallow,hard,29.50232,muricata,1.2248304878787879e-9,r
19_banc-prandi2022,19,banc,shallow,hard,29.50232,muricata,1.718786902272727e-9,r
19_banc-prandi2022,19,banc,shallow,hard,29.50232,muricata,1.486528431060606e-9,r
19_banc-prandi2022,19,banc,shallow,hard,29.50232,muricata,1.3033769795454544e-9,r
19_banc-prandi2022,19,banc,shallow,hard,29.50232,muricata,1.4145790204545455e-9,r
20_banc-prandi2022,20,banc,shallow,hard,11.71444,muricata,1.326260603030303e-9,r
20_banc-prandi2022,20,banc,shallow,hard,11.71444,muricata,2.2912485765151516e-9,r
20_banc-prandi2022,20,banc,shallow,hard,11.71444,muricata,1.980484846212121e-9,r
20_banc-prandi2022,20,banc,shallow,hard,11.71444,muricata,1.924863209848485e-9,r
21_banc-prandi2022,21,banc,shallow,hard,29.50232,dichotoma,5.804801259090908e-10,r
21_banc-prandi2022,21,banc,shallow,hard,29.50232,dichotoma,6.395120031818181e-10,r
21_banc-prandi2022,21,banc,shallow,hard,29.50232,dichotoma,5.90318772121212e-10,r
21_banc-prandi2022,21,banc,shallow,hard,29.50232,dichotoma,9.34671389393939e-10,r
21_banc-prandi2022,21,banc,shallow,hard,29.50232,dichotoma,9.445100356060607e-10,r
21_banc-prandi2022,21,banc,shallow,hard,29.50232,dichotoma,1.0920897287878784e-9,r
21_banc-prandi2022,21,banc,shallow,hard,29.50232,dichotoma,8.953168045454543e-10,r
22_banc-prandi2022,22,banc,shallow,hard,11.71444,dichotoma,1.2396694212121211e-9,r
22_banc-prandi2022,22,banc,shallow,hard,11.71444,dichotoma,9.543486818181819e-10,r
22_banc-prandi2022,22,banc,shallow,hard,11.71444,dichotoma,9.051554507575755e-10,r
22_banc-prandi2022,22,banc,shallow,hard,11.71444,dichotoma,1.0920897287878784e-9,r
23_banc-prandi2022,23,banc,shallow,hard,29.50232,verrucosa,6.935535442424242e-10,r
23_banc-prandi2022,23,banc,shallow,hard,29.50232,verrucosa,8.551007227272727e-10,r
23_banc-prandi2022,23,banc,shallow,hard,29.50232,verrucosa,1.1550643674242423e-9,r
23_banc-prandi2022,23,banc,shallow,hard,29.50232,verrucosa,1.1385949734848483e-9,r
23_banc-prandi2022,23,banc,shallow,hard,29.50232,verrucosa,1.3001421515151516e-9,r
23_banc-prandi2022,23,banc,shallow,hard,29.50232,verrucosa,1.501289434848485e-9,r
23_banc-prandi2022,23,banc,shallow,hard,29.50232,verrucosa,1.3067626030303031e-9,r
24_banc-prandi2022,24,banc,shallow,hard,11.71444,verrucosa,1.2770931742424243e-9,r
24_banc-prandi2022,24,banc,shallow,hard,11.71444,verrucosa,1.003447865151515e-9,r
24_banc-prandi2022,24,banc,shallow,hard,11.71444,verrucosa,6.309044615151515e-10,r
24_banc-prandi2022,24,banc,shallow,hard,11.71444,verrucosa,2.9800202962121213e-10,r
2_hill2014,2,hill2014,shallow,hard,-23.27,damicornis,-2.1821715681818183e-11,r
2_hill2014,2,hill2014,shallow,hard,-23.27,damicornis,-1.7227670303030303e-11,r
2_hill2014,2,hill2014,shallow,hard,-23.27,damicornis,-2.5708984924242418e-11,r
4_jurriaans2019,4,jurriaans2019,shallow,hard,-23.26,spp,2.8614179166666667e-11,r
4_jurriaans2019,4,jurriaans2019,shallow,hard,-23.26,spp,2.969681901515151e-11,r
4_jurriaans2019,4,jurriaans2019,shallow,hard,-23.26,spp,3.353587825757575e-11,r
4_jurriaans2019,4,jurriaans2019,shallow,hard,-23.26,spp,3.5170304318181815e-11,r
4_jurriaans2019,4,jurriaans2019,shallow,hard,-23.26,spp,3.4049985606060597e-11,r
4_jurriaans2019,4,jurriaans2019,shallow,hard,-23.26,spp,3.899010553030303e-11,r
4_jurriaans2019,4,jurriaans2019,shallow,hard,-23.26,spp,4.0073582651515145e-11,r
4_jurriaans2019,4,jurriaans2019,shallow,hard,-23.26,spp,4.0073582651515145e-11,r
4_jurriaans2019,4,jurriaans2019,shallow,hard,-23.26,spp,3.6749468106060606e-11,r
4_jurriaans2019,4,jurriaans2019,shallow,hard,-23.26,spp,3.948579212121212e-11,r
4_jurriaans2019,4,jurriaans2019,shallow,hard,-23.26,spp,3.8365473409090906e-11,r
4_jurriaans2019,4,jurriaans2019,shallow,hard,-23.26,spp,3.669420575757576e-11,r
4_jurriaans2019,4,jurriaans2019,shallow,hard,-18.37,spp,3.447198909090909e-11,r
5_jurriaans2019,5,jurriaans2019,shallow,hard,-18.37,spp,9.174311893939392e-12,r
5_jurriaans2019,5,jurriaans2019,shallow,hard,-18.37,spp,9.452321363636364e-12,r
5_jurriaans2019,5,jurriaans2019,shallow,hard,-18.37,spp,9.313316666666663e-12,r
5_jurriaans2019,5,jurriaans2019,shallow,hard,-18.37,spp,9.730330833333332e-12,r
5_jurriaans2019,5,jurriaans2019,shallow,hard,-18.37,spp,9.730330833333332e-12,r
5_jurriaans2019,5,jurriaans2019,shallow,hard,-18.37,spp,1.3622463181818183e-11,r
5_jurriaans2019,5,jurriaans2019,shallow,hard,-18.37,spp,1.862663333333333e-11,r
5_jurriaans2019,5,jurriaans2019,shallow,hard,-18.37,spp,9.452321363636364e-12,r
5_jurriaans2019,5,jurriaans2019,shallow,hard,-18.37,spp,1.9182652196969696e-11,r
5_jurriaans2019,5,jurriaans2019,shallow,hard,-18.37,spp,2.001668053030303e-11,r
5_jurriaans2019,5,jurriaans2019,shallow,hard,-18.37,spp,2.1684737272727268e-11,r
5_jurriaans2019,5,jurriaans2019,shallow,hard,-18.37,spp,2.3630803484848483e-11,r
5_jurriaans2019,5,jurriaans2019,shallow,hard,-18.37,spp,1.959966636363636e-11,r
6_jurriaans2019,6,jurriaans2019,shallow,hard,-14.4,spp,9.05417818181818e-12,r
6_jurriaans2019,6,jurriaans2019,shallow,hard,-14.4,spp,8.209366363636362e-12,r
6_jurriaans2019,6,jurriaans2019,shallow,hard,-14.4,spp,1.149678606060606e-11,r
6_jurriaans2019,6,jurriaans2019,shallow,hard,-14.4,spp,1.285583106060606e-11,r
6_jurriaans2019,6,jurriaans2019,shallow,hard,-14.4,spp,1.586776856060606e-11,r
6_jurriaans2019,6,jurriaans2019,shallow,hard,-14.4,spp,1.1717171742424242e-11,r
6_jurriaans2019,6,jurriaans2019,shallow,hard,-14.4,spp,1.4178145075757576e-11,r
6_jurriaans2019,6,jurriaans2019,shallow,hard,-14.4,spp,1.498622590909091e-11,r
6_jurriaans2019,6,jurriaans2019,shallow,hard,-14.4,spp,1.6622422575757578e-11,r
6_jurriaans2019,6,jurriaans2019,shallow,hard,-14.4,spp,1.3865932045454546e-11,r
6_jurriaans2019,6,jurriaans2019,shallow,hard,-14.4,spp,1.8530762196969695e-11,r
6_jurriaans2019,6,jurriaans2019,shallow,hard,-14.4,spp,1.6584022045454545e-11,r
6_jurriaans2019,6,jurriaans2019,shallow,hard,-14.4,spp,1.5739210303030304e-11,r
6_jurriaans2019,6,jurriaans2019,shallow,hard,-14.4,spp,1.682277318181818e-11,r
10_jurriaans2019,10,jurriaans2019,shallow,hard,-23.26,cylindrica,3.1781232196969694e-11,r
10_jurriaans2019,10,jurriaans2019,shallow,hard,-23.26,cylindrica,3.5515226136363626e-11,r
10_jurriaans2019,10,jurriaans2019,shallow,hard,-23.26,cylindrica,3.8195375075757576e-11,r
10_jurriaans2019,10,jurriaans2019,shallow,hard,-23.26,cylindrica,4.0342096287878784e-11,r
10_jurriaans2019,10,jurriaans2019,shallow,hard,-23.26,cylindrica,4.249207015151515e-11,r
10_jurriaans2019,10,jurriaans2019,shallow,hard,-23.26,cylindrica,4.4642044015151517e-11,r
10_jurriaans2019,10,jurriaans2019,shallow,hard,-23.26,cylindrica,5.2077505757575746e-11,r
10_jurriaans2019,10,jurriaans2019,shallow,hard,-23.26,cylindrica,4.573492022727272e-11,r
10_jurriaans2019,10,jurriaans2019,shallow,hard,-23.26,cylindrica,5.633842212121211e-11,r
10_jurriaans2019,10,jurriaans2019,shallow,hard,-23.26,cylindrica,6.800227424242423e-11,r
10_jurriaans2019,10,jurriaans2019,shallow,hard,-23.26,cylindrica,7.01522481060606e-11,r
10_jurriaans2019,10,jurriaans2019,shallow,hard,-23.26,cylindrica,5.961705098484849e-11,r
10_jurriaans2019,10,jurriaans2019,shallow,hard,-18.37,cylindrica,4.0625073181818175e-11,r
11_jurriaans2019,11,jurriaans2019,shallow,hard,-18.37,cylindrica,1.0054461666666667e-11,r
11_jurriaans2019,11,jurriaans2019,shallow,hard,-18.37,cylindrica,1.2149141212121212e-11,r
11_jurriaans2019,11,jurriaans2019,shallow,hard,-18.37,cylindrica,1.2288786515151514e-11,r
11_jurriaans2019,11,jurriaans2019,shallow,hard,-18.37,cylindrica,1.3405948863636364e-11,r
11_jurriaans2019,11,jurriaans2019,shallow,hard,-18.37,cylindrica,1.3405948863636364e-11,r
11_jurriaans2019,11,jurriaans2019,shallow,hard,-18.37,cylindrica,1.4802401893939393e-11,r
11_jurriaans2019,11,jurriaans2019,shallow,hard,-18.37,cylindrica,1.564027371212121e-11,r
11_jurriaans2019,11,jurriaans2019,shallow,hard,-18.37,cylindrica,9.495880454545454e-12,r
11_jurriaans2019,11,jurriaans2019,shallow,hard,-18.37,cylindrica,1.4523111287878788e-11,r
11_jurriaans2019,11,jurriaans2019,shallow,hard,-18.37,cylindrica,1.3964530075757574e-11,r
11_jurriaans2019,11,jurriaans2019,shallow,hard,-18.37,cylindrica,1.5360983106060605e-11,r
11_jurriaans2019,11,jurriaans2019,shallow,hard,-18.37,cylindrica,1.6198854924242422e-11,r
11_jurriaans2019,11,jurriaans2019,shallow,hard,-18.37,cylindrica,1.256807712121212e-11,r
12_jurriaans2019,12,jurriaans2019,shallow,hard,-14.4,cylindrica,1.6835016818181817e-11,r
12_jurriaans2019,12,jurriaans2019,shallow,hard,-14.4,cylindrica,1.8939393939393934e-11,r
12_jurriaans2019,12,jurriaans2019,shallow,hard,-14.4,cylindrica,2.2727272727272728e-11,r
12_jurriaans2019,12,jurriaans2019,shallow,hard,-14.4,cylindrica,2.5252525227272727e-11,r
12_jurriaans2019,12,jurriaans2019,shallow,hard,-14.4,cylindrica,2.9040404015151507e-11,r
12_jurriaans2019,12,jurriaans2019,shallow,hard,-14.4,cylindrica,2.2727272727272728e-11,r
12_jurriaans2019,12,jurriaans2019,shallow,hard,-14.4,cylindrica,2.9040404015151507e-11,r
12_jurriaans2019,12,jurriaans2019,shallow,hard,-14.4,cylindrica,3.009259257575758e-11,r
12_jurriaans2019,12,jurriaans2019,shallow,hard,-14.4,cylindrica,2.8619528636363635e-11,r
12_jurriaans2019,12,jurriaans2019,shallow,hard,-14.4,cylindrica,2.1885521893939388e-11,r
12_jurriaans2019,12,jurriaans2019,shallow,hard,-14.4,cylindrica,3.3670033636363634e-11,r
12_jurriaans2019,12,jurriaans2019,shallow,hard,-14.4,cylindrica,2.946127946969697e-11,r
12_jurriaans2019,12,jurriaans2019,shallow,hard,-14.4,cylindrica,1.9360269393939395e-11,r
12_jurriaans2019,12,jurriaans2019,shallow,hard,-14.4,cylindrica,1.7255892272727268e-11,r
5_jurriaans2021,5,jurriaans2021,shallow,hard,42.5,caespitosa,1.818181818181818e-11,r
5_jurriaans2021,5,jurriaans2021,shallow,hard,42.5,caespitosa,2.009569378787879e-11,r
5_jurriaans2021,5,jurriaans2021,shallow,hard,42.5,caespitosa,2.2488038257575758e-11,r
5_jurriaans2021,5,jurriaans2021,shallow,hard,42.5,caespitosa,2.5837320606060606e-11,r
5_jurriaans2021,5,jurriaans2021,shallow,hard,42.5,caespitosa,2.7751196136363635e-11,r
5_jurriaans2021,5,jurriaans2021,shallow,hard,42.5,caespitosa,2.7751196136363635e-11,r
5_jurriaans2021,5,jurriaans2021,shallow,hard,42.5,caespitosa,2.679425840909091e-11,r
5_jurriaans2021,5,jurriaans2021,shallow,hard,42.5,caespitosa,2.7751196136363635e-11,r
5_jurriaans2021,5,jurriaans2021,shallow,hard,42.5,caespitosa,3.636363636363636e-11,r
5_jurriaans2021,5,jurriaans2021,shallow,hard,42.5,caespitosa,3.7320574166666665e-11,r
5_jurriaans2021,5,jurriaans2021,shallow,hard,42.5,caespitosa,3.9234449772727273e-11,r
5_jurriaans2021,5,jurriaans2021,shallow,hard,42.5,caespitosa,4.7846889924242414e-11,r
5_jurriaans2021,5,jurriaans2021,shallow,hard,42.5,caespitosa,4.7846889924242414e-11,r
6_jurriaans2021,6,jurriaans2021,shallow,hard,42.5,singularis,1.2851023333333332e-11,r
6_jurriaans2021,6,jurriaans2021,shallow,hard,42.5,singularis,1.4754878636363635e-11,r
6_jurriaans2021,6,jurriaans2021,shallow,hard,42.5,singularis,1.4278914772727267e-11,r
6_jurriaans2021,6,jurriaans2021,shallow,hard,42.5,singularis,1.761066159090909e-11,r
6_jurriaans2021,6,jurriaans2021,shallow,hard,42.5,singularis,1.9990480757575758e-11,r
6_jurriaans2021,6,jurriaans2021,shallow,hard,42.5,singularis,2.189433606060606e-11,r
6_jurriaans2021,6,jurriaans2021,shallow,hard,42.5,singularis,1.9990480757575758e-11,r
6_jurriaans2021,6,jurriaans2021,shallow,hard,42.5,singularis,2.379819136363637e-11,r
6_jurriaans2021,6,jurriaans2021,shallow,hard,42.5,singularis,2.950975727272727e-11,r
6_jurriaans2021,6,jurriaans2021,shallow,hard,42.5,singularis,2.950975727272727e-11,r
6_jurriaans2021,6,jurriaans2021,shallow,hard,42.5,singularis,2.9033793409090907e-11,r
6_jurriaans2021,6,jurriaans2021,shallow,hard,42.5,singularis,2.855782962121212e-11,r
7_jurriaans2021,7,jurriaans2021,shallow,hard,42.5,singularis,2.855782962121212e-11,r
7_jurriaans2021,7,jurriaans2021,shallow,hard,-25,intermedia,2.950975727272727e-11,r
7_jurriaans2021,7,jurriaans2021,shallow,hard,-25,intermedia,3.2365540227272724e-11,r
7_jurriaans2021,7,jurriaans2021,shallow,hard,-25,intermedia,3.522132318181818e-11,r
7_jurriaans2021,7,jurriaans2021,shallow,hard,-25,intermedia,3.426939553030303e-11,r
7_jurriaans2021,7,jurriaans2021,shallow,hard,-25,intermedia,3.9029033787878784e-11,r
7_jurriaans2021,7,jurriaans2021,shallow,hard,-25,intermedia,3.9504997651515143e-11,r
7_jurriaans2021,7,jurriaans2021,shallow,hard,-25,intermedia,3.9980961439393934e-11,r
7_jurriaans2021,7,jurriaans2021,shallow,hard,-25,intermedia,3.6649214696969695e-11,r
7_jurriaans2021,7,jurriaans2021,shallow,hard,-25,intermedia,3.9029033787878784e-11,r
7_jurriaans2021,7,jurriaans2021,shallow,hard,-25,intermedia,3.8077106136363634e-11,r
7_jurriaans2021,7,jurriaans2021,shallow,hard,-25,intermedia,3.712517848484849e-11,r
7_jurriaans2021,7,jurriaans2021,shallow,hard,-25,intermedia,3.522132318181818e-11,r
8_jurriaans2021,8,jurriaans2021,shallow,hard,-25,cylindrica,3.2365540227272724e-11,r
8_jurriaans2021,8,jurriaans2021,shallow,hard,-25,cylindrica,3.6173250833333335e-11,r
8_jurriaans2021,8,jurriaans2021,shallow,hard,-25,cylindrica,3.8077106136363634e-11,r
8_jurriaans2021,8,jurriaans2021,shallow,hard,-25,cylindrica,4.093288909090909e-11,r
8_jurriaans2021,8,jurriaans2021,shallow,hard,-25,cylindrica,4.188481674242424e-11,r
8_jurriaans2021,8,jurriaans2021,shallow,hard,-25,cylindrica,4.4740599696969694e-11,r
8_jurriaans2021,8,jurriaans2021,shallow,hard,-25,cylindrica,4.569252734848485e-11,r
8_jurriaans2021,8,jurriaans2021,shallow,hard,-25,cylindrica,5.330794856060606e-11,r
8_jurriaans2021,8,jurriaans2021,shallow,hard,-25,cylindrica,5.616373159090909e-11,r
8_jurriaans2021,8,jurriaans2021,shallow,hard,-25,cylindrica,6.806282719696969e-11,r
8_jurriaans2021,8,jurriaans2021,shallow,hard,-25,cylindrica,7.044264636363636e-11,r
8_jurriaans2021,8,jurriaans2021,shallow,hard,-25,cylindrica,5.99714421969697e-11,r
8_jurriaans2021,8,jurriaans2021,shallow,hard,-25,cylindrica,4.093288909090909e-11,r
5_jurriaans2020,5,jurriaans2020,shallow,hard,-18,valenciennesi,1.1623080151515151e-11,r
5_jurriaans2020,5,jurriaans2020,shallow,hard,-18,valenciennesi,1.4667220151515148e-11,r
5_jurriaans2020,5,jurriaans2020,shallow,hard,-18,valenciennesi,1.771136015151515e-11,r
5_jurriaans2020,5,jurriaans2020,shallow,hard,-18,valenciennesi,1.881832015151515e-11,r
5_jurriaans2020,5,jurriaans2020,shallow,hard,-18,valenciennesi,1.743462015151515e-11,r
5_jurriaans2020,5,jurriaans2020,shallow,hard,-18,valenciennesi,2.2139200227272724e-11,r
5_jurriaans2020,5,jurriaans2020,shallow,hard,-18,valenciennesi,1.5497440151515148e-11,r
5_jurriaans2020,5,jurriaans2020,shallow,hard,-18,valenciennesi,2.601356022727273e-11,r
5_jurriaans2020,5,jurriaans2020,shallow,hard,-18,valenciennesi,3.0994880303030296e-11,r
5_jurriaans2020,5,jurriaans2020,shallow,hard,-18,valenciennesi,2.7674000303030294e-11,r
5_jurriaans2020,5,jurriaans2020,shallow,hard,-18,valenciennesi,3.0718140303030306e-11,r
5_jurriaans2020,5,jurriaans2020,shallow,hard,-18,valenciennesi,3.2655320303030295e-11,r
5_jurriaans2020,5,jurriaans2020,shallow,hard,-18,valenciennesi,3.2932060303030305e-11,r
5_jurriaans2020,5,jurriaans2020,shallow,hard,-18,valenciennesi,4.2064480454545456e-11,r
6_jurriaans2020,6,jurriaans2020,shallow,hard,-18,valenciennesi,9.409160075757577e-12,r
6_jurriaans2020,6,jurriaans2020,shallow,hard,-18,valenciennesi,9.409160075757577e-12,r
6_jurriaans2020,6,jurriaans2020,shallow,hard,-18,valenciennesi,9.409160075757577e-12,r
6_jurriaans2020,6,jurriaans2020,shallow,hard,-18,valenciennesi,9.685900075757576e-12,r
6_jurriaans2020,6,jurriaans2020,shallow,hard,-18,valenciennesi,9.962640075757576e-12,r
6_jurriaans2020,6,jurriaans2020,shallow,hard,-18,valenciennesi,1.3837000151515147e-11,r
6_jurriaans2020,6,jurriaans2020,shallow,hard,-18,valenciennesi,1.8541580151515153e-11,r
6_jurriaans2020,6,jurriaans2020,shallow,hard,-18,valenciennesi,9.409160075757577e-12,r
6_jurriaans2020,6,jurriaans2020,shallow,hard,-18,valenciennesi,1.9095060227272725e-11,r
6_jurriaans2020,6,jurriaans2020,shallow,hard,-18,valenciennesi,2.0202020227272728e-11,r
6_jurriaans2020,6,jurriaans2020,shallow,hard,-18,valenciennesi,2.1585720227272724e-11,r
6_jurriaans2020,6,jurriaans2020,shallow,hard,-18,valenciennesi,2.379964022727273e-11,r
6_jurriaans2020,6,jurriaans2020,shallow,hard,-18,valenciennesi,1.9648540227272728e-11,r
7_jurriaans2020,7,jurriaans2020,shallow,hard,-18,cylindrica,1.1570247954545454e-11,r
7_jurriaans2020,7,jurriaans2020,shallow,hard,-18,cylindrica,1.515151515151515e-11,r
7_jurriaans2020,7,jurriaans2020,shallow,hard,-18,cylindrica,1.818181818181818e-11,r
7_jurriaans2020,7,jurriaans2020,shallow,hard,-18,cylindrica,2.479338840909091e-11,r
7_jurriaans2020,7,jurriaans2020,shallow,hard,-18,cylindrica,2.3140495833333332e-11,r
7_jurriaans2020,7,jurriaans2020,shallow,hard,-18,cylindrica,2.01101928030303e-11,r
7_jurriaans2020,7,jurriaans2020,shallow,hard,-18,cylindrica,2.2865013787878784e-11,r
7_jurriaans2020,7,jurriaans2020,shallow,hard,-18,cylindrica,2.231404962121212e-11,r
7_jurriaans2020,7,jurriaans2020,shallow,hard,-18,cylindrica,2.4517906363636364e-11,r
7_jurriaans2020,7,jurriaans2020,shallow,hard,-18,cylindrica,2.534435265151515e-11,r
7_jurriaans2020,7,jurriaans2020,shallow,hard,-18,cylindrica,2.8650137727272728e-11,r
7_jurriaans2020,7,jurriaans2020,shallow,hard,-18,cylindrica,2.8925619848484848e-11,r
7_jurriaans2020,7,jurriaans2020,shallow,hard,-18,cylindrica,3.1129476590909086e-11,r
7_jurriaans2020,7,jurriaans2020,shallow,hard,-18,cylindrica,3.774104681818182e-11,r
8_jurriaans2020,8,jurriaans2020,shallow,hard,-18,cylindrica,9.641873257575755e-12,r
8_jurriaans2020,8,jurriaans2020,shallow,hard,-18,cylindrica,1.184573e-11,r
8_jurriaans2020,8,jurriaans2020,shallow,hard,-18,cylindrica,1.2121212121212122e-11,r
8_jurriaans2020,8,jurriaans2020,shallow,hard,-18,cylindrica,1.3223140530303027e-11,r
8_jurriaans2020,8,jurriaans2020,shallow,hard,-18,cylindrica,1.3223140530303027e-11,r
8_jurriaans2020,8,jurriaans2020,shallow,hard,-18,cylindrica,1.4600550984848482e-11,r
8_jurriaans2020,8,jurriaans2020,shallow,hard,-18,cylindrica,1.542699727272727e-11,r
8_jurriaans2020,8,jurriaans2020,shallow,hard,-18,cylindrica,9.91735537878788e-12,r
8_jurriaans2020,8,jurriaans2020,shallow,hard,-18,cylindrica,1.4600550984848482e-11,r
8_jurriaans2020,8,jurriaans2020,shallow,hard,-18,cylindrica,1.404958674242424e-11,r
8_jurriaans2020,8,jurriaans2020,shallow,hard,-18,cylindrica,1.542699727272727e-11,r
8_jurriaans2020,8,jurriaans2020,shallow,hard,-18,cylindrica,1.597796143939394e-11,r
8_jurriaans2020,8,jurriaans2020,shallow,hard,-18,cylindrica,1.2396694242424242e-11,r
4_zelli2023,4,zelli2023,shallow,soft,0,flava,6.165954015151514e-11,r
4_zelli2023,4,zelli2023,shallow,soft,0,flava,6.661709113636361e-11,r
4_zelli2023,4,zelli2023,shallow,soft,0,flava,3.6871785303030296e-11,r
4_zelli2023,4,zelli2023,shallow,soft,0,flava,1.0875627439393939e-10,r
4_simancas-giraldo2021,4,simancas,shallow,soft,29.53,umbellata,8.780991735321971e-6,r
4_simancas-giraldo2021,4,simancas,shallow,soft,29.53,umbellata,7.489669421164774e-6,r
4_simancas-giraldo2021,4,simancas,shallow,soft,29.53,umbellata,7.747933889678032e-7,r
4_simancas-giraldo2021,4,simancas,shallow,soft,29.53,umbellata,1.893939393939394e-6,r
2_puntin2023,2,puntin2023,shallow,hard,22.3054,fascicularis,1.365611268939394e-11,r
2_puntin2023,2,puntin2023,shallow,hard,22.3054,fascicularis,3.179882339015152e-11,r
2_puntin2023,2,puntin2023,shallow,hard,22.3054,fascicularis,2.4331569602272727e-11,r
2_puntin2023,2,puntin2023,shallow,hard,22.3054,fascicularis,2.304824100378788e-11,r
2_puntin2023,2,puntin2023,shallow,hard,22.3054,fascicularis,3.9173525094696966e-11,r
2_puntin2023,2,puntin2023,shallow,hard,22.3054,fascicularis,4.327327414772727e-11,r
2_puntin2023,2,puntin2023,shallow,hard,22.3054,fascicularis,5.5879576231060606e-11,r
2_puntin2023,2,puntin2023,shallow,hard,22.3054,fascicularis,4.791338304924242e-11,r
2_puntin2023,2,puntin2023,shallow,hard,22.3054,fascicularis,5.3865722064393926e-11,r
2_puntin2023,2,puntin2023,shallow,hard,22.3054,fascicularis,6.083576231060605e-11,r
2_rodolfo-metalpa2014,2,rodolfo,shallow,hard,44.19,patagonica,3.5975331204545456e-4,r
2_rodolfo-metalpa2014,2,rodolfo,shallow,hard,44.19,patagonica,7.02375513939394e-4,r
2_rodolfo-metalpa2014,2,rodolfo,shallow,hard,44.19,patagonica,9.307903151515152e-4,r
2_rodolfo-metalpa2014,2,rodolfo,shallow,hard,44.19,patagonica,8.908177249999999e-4,r
2_rodolfo-metalpa2014,2,rodolfo,shallow,hard,44.19,patagonica,7.480584741666667e-4,r
2_rodolfo-metalpa2014,2,rodolfo,shallow,hard,44.19,patagonica,4.796710826515152e-4,r
2_rodolfo-metalpa2014,2,rodolfo,shallow,hard,44.19,patagonica,4.282777524242425e-4,r
4_rodolfo-metalpa2014,4,rodolfo,shallow,hard,38.2,patagonica,1.893939393939394e-4,r
4_rodolfo-metalpa2014,4,rodolfo,shallow,hard,38.2,patagonica,6.026170799242424e-4,r
4_rodolfo-metalpa2014,4,rodolfo,shallow,hard,38.2,patagonica,7.059228649999999e-4,r
4_rodolfo-metalpa2014,4,rodolfo,shallow,hard,38.2,patagonica,7.69054178030303e-4,r
4_rodolfo-metalpa2014,4,rodolfo,shallow,hard,38.2,patagonica,5.567033975757576e-4,r
4_rodolfo-metalpa2014,4,rodolfo,shallow,hard,38.2,patagonica,5.050505050757576e-4,r
4_rodolfo-metalpa2014,4,rodolfo,shallow,hard,38.2,patagonica,4.878328741666667e-4,r
6_rodolfo-metalpa2014,6,rodolfo,shallow,hard,37.34,patagonica,2.1808999083333333e-4,r
6_rodolfo-metalpa2014,6,rodolfo,shallow,hard,37.34,patagonica,3.787878787878788e-4,r
6_rodolfo-metalpa2014,6,rodolfo,shallow,hard,37.34,patagonica,4.5913682280303026e-4,r
6_rodolfo-metalpa2014,6,rodolfo,shallow,hard,37.34,patagonica,6.829660238636363e-4,r
6_rodolfo-metalpa2014,6,rodolfo,shallow,hard,37.34,patagonica,3.673094581818182e-4,r
6_rodolfo-metalpa2014,6,rodolfo,shallow,hard,37.34,patagonica,6.829660238636363e-4,r
6_rodolfo-metalpa2014,6,rodolfo,shallow,hard,37.34,patagonica,4.3617998166666666e-4,r
8_rodolfo-metalpa2014,8,rodolfo,shallow,hard,32.3,patagonica,3.445824781818182e-4,r
8_rodolfo-metalpa2014,8,rodolfo,shallow,hard,32.3,patagonica,4.02261476969697e-4,r
8_rodolfo-metalpa2014,8,rodolfo,shallow,hard,32.3,patagonica,6.712028596212122e-4,r
8_rodolfo-metalpa2014,8,rodolfo,shallow,hard,32.3,patagonica,6.375159378787878e-4,r
8_rodolfo-metalpa2014,8,rodolfo,shallow,hard,32.3,patagonica,6.609327165151515e-4,r
8_rodolfo-metalpa2014,8,rodolfo,shallow,hard,32.3,patagonica,5.872732045454545e-4,r
8_rodolfo-metalpa2014,8,rodolfo,shallow,hard,32.3,patagonica,3.8798555189393944e-4,r
1_previati2010,1,previati2010,deep,soft,44.3045,rubrum,3.2291666666666666e-7,r
1_previati2010,1,previati2010,deep,soft,44.3045,rubrum,3.541666666666667e-7,r
1_previati2010,1,previati2010,deep,soft,44.3045,rubrum,8.125000000000001e-7,r
1_previati2010,1,previati2010,deep,soft,44.3045,rubrum,9.583333333333334e-7,r
1_previati2010,1,previati2010,deep,soft,44.3045,rubrum,8.75e-7,r
1_previati2010,1,previati2010,deep,soft,44.3045,rubrum,2.0833333333333333e-7,r
2_previati2010,2,previati2010,deep,soft,44.3045,clavata,4.270833333333333e-7,r
2_previati2010,2,previati2010,deep,soft,44.3045,clavata,6.354166666666667e-7,r
2_previati2010,2,previati2010,deep,soft,44.3045,clavata,9.479166666666668e-7,r
2_previati2010,2,previati2010,deep,soft,44.3045,clavata,5.625e-7,r
2_previati2010,2,previati2010,deep,soft,44.3045,clavata,5.520833333333334e-7,r
2_previati2010,2,previati2010,deep,soft,44.3045,clavata,2.7083333333333337e-7,r
3_previati2010,3,previati2010,deep,soft,44.3045,cavolinii,2.1875e-7,r
3_previati2010,3,previati2010,deep,soft,44.3045,cavolinii,5.3125e-7,r
3_previati2010,3,previati2010,deep,soft,44.3045,cavolinii,4.270833333333333e-7,r
3_previati2010,3,previati2010,deep,soft,44.3045,cavolinii,6.354166666666667e-7,r
3_previati2010,3,previati2010,deep,soft,44.3045,cavolinii,4.375e-7,r
3_previati2010,3,previati2010,deep,soft,44.3045,cavolinii,2.916666666666667e-7,r
4_previati2010,4,previati2010,deep,soft,44.3045,singularis,1.0416666666666669e-7,r
4_previati2010,4,previati2010,deep,soft,44.3045,singularis,3.75e-7,r
4_previati2010,4,previati2010,deep,soft,44.3045,singularis,6.875e-7,r
4_previati2010,4,previati2010,deep,soft,44.3045,singularis,4.375e-7,r
4_previati2010,4,previati2010,deep,soft,44.3045,singularis,1.666666666666667e-7,r
4_previati2010,4,previati2010,deep,soft,44.3045,singularis,2.1875e-7,r
2_ezzat2013,2,ezzat2013,shallow,soft,43.19,singularis,4.915374477272727e-11,r
2_ezzat2013,2,ezzat2013,shallow,soft,43.19,singularis,2.1283064772727272e-11,r
2_ezzat2013,2,ezzat2013,shallow,soft,43.19,singularis,1.6215668409090906e-11,r
1_aichelman2019,1,aichelman2019,deep,hard,41.4774,poculata,1.2889309772727271e-11,r
1_aichelman2019,1,aichelman2019,deep,hard,41.4774,poculata,1.6308922575757574e-11,r
1_aichelman2019,1,aichelman2019,deep,hard,41.4774,poculata,9.469696969696967e-12,r
1_aichelman2019,1,aichelman2019,deep,hard,41.4774,poculata,1.788720537878788e-11,r
1_aichelman2019,1,aichelman2019,deep,hard,41.4774,poculata,3.524831651515151e-11,r
1_aichelman2019,1,aichelman2019,deep,hard,41.4774,poculata,6.891835015151515e-11,r
1_aichelman2019,1,aichelman2019,deep,hard,41.4774,poculata,6.944444446969696e-11,r
1_aichelman2019,1,aichelman2019,deep,hard,41.4774,poculata,6.970749159090909e-11,r
1_aichelman2019,1,aichelman2019,deep,hard,41.4774,poculata,4.1298400681818176e-11,r
2_aichelman2019,2,aichelman2019,deep,hard,37.8992,poculata,8.417508409090908e-12,r
2_aichelman2019,2,aichelman2019,deep,hard,37.8992,poculata,1.262626265151515e-11,r
2_aichelman2019,2,aichelman2019,deep,hard,37.8992,poculata,7.365319848484848e-12,r
2_aichelman2019,2,aichelman2019,deep,hard,37.8992,poculata,1.0258838409090907e-11,r
2_aichelman2019,2,aichelman2019,deep,hard,37.8992,poculata,1.4993686893939393e-11,r
2_aichelman2019,2,aichelman2019,deep,hard,37.8992,poculata,4.208754212121211e-11,r
2_aichelman2019,2,aichelman2019,deep,hard,37.8992,poculata,5.2083333333333334e-11,r
2_aichelman2019,2,aichelman2019,deep,hard,37.8992,poculata,6.313131310606059e-11,r
2_aichelman2019,2,aichelman2019,deep,hard,37.8992,poculata,4.1298400681818176e-11,r
