tpc_grp,depth_broad,broad_coral,latitude,species,mol_gCmin,inv_T,temp,cnidarian_type,metabolic_category,study_id,mol_grammin
2_howe2001,shallow,hard,-38.15,versipora,7.901810606060606e-9,40.9836416088657,10,hermatypic coral,r,howe2001,7.901810606060606e-9
2_howe2001,shallow,hard,-38.15,versipora,1.2497560606060604e-8,40.55396862327563,13,hermatypic coral,r,howe2001,1.2497560606060604e-8
2_howe2001,shallow,hard,-38.15,versipora,2.0243969696969698e-8,40.1332115564597,16,hermatypic coral,r,howe2001,2.0243969696969698e-8
2_howe2001,shallow,hard,-38.15,versipora,1.9129371212121215e-8,39.857524030741274,18,hermatypic coral,r,howe2001,1.9129371212121215e-8
2_howe2001,shallow,hard,-38.15,versipora,1.4638121212121211e-8,39.451022000851,21,hermatypic coral,r,howe2001,1.4638121212121211e-8
3_nakamura2003,shallow,hard,34.36,pruinosa,-4.0846250522727273e-10,40.696188397511214,12,hermatypic coral,r,nakamura2003,4.0846250522727273e-10
3_nakamura2003,shallow,hard,34.36,pruinosa,-6.318949867424241e-10,40.41273940989142,14,hermatypic coral,r,nakamura2003,6.318949867424241e-10
3_nakamura2003,shallow,hard,34.36,pruinosa,-8.553274681818181e-10,40.1332115564597,16,hermatypic coral,r,nakamura2003,8.553274681818181e-10
3_nakamura2003,shallow,hard,34.36,pruinosa,-8.692919984848484e-10,39.857524030741274,18,hermatypic coral,r,nakamura2003,8.692919984848484e-10
3_nakamura2003,shallow,hard,34.36,pruinosa,-9.67043709090909e-10,39.58559823145258,20,hermatypic coral,r,nakamura2003,9.67043709090909e-10
3_nakamura2003,shallow,hard,34.36,pruinosa,-1.2602988409090908e-9,39.58559823145258,20,hermatypic coral,r,nakamura2003,1.2602988409090908e-9
3_nakamura2003,shallow,hard,34.36,pruinosa,-1.1765116606060606e-9,39.31735768778696,22,hermatypic coral,r,nakamura2003,1.1765116606060606e-9
3_nakamura2003,shallow,hard,34.36,pruinosa,-1.4976958522727272e-9,39.052727987717724,24,hermatypic coral,r,nakamura2003,1.4976958522727272e-9
3_nakamura2003,shallow,hard,34.36,pruinosa,-1.4418377318181817e-9,38.79163670917708,26,hermatypic coral,r,nakamura2003,1.4418377318181817e-9
3_nakamura2003,shallow,hard,34.36,pruinosa,-1.4418377318181817e-9,38.53401335397749,28,hermatypic coral,r,nakamura2003,1.4418377318181817e-9
3_nakamura2003,shallow,hard,34.36,pruinosa,-1.986454406060606e-9,38.27978928434875,30,hermatypic coral,r,nakamura2003,1.986454406060606e-9
4_nakamura2003,shallow,hard,34.36,pruinosa,-6.87753107121212e-10,40.696188397511214,12,hermatypic coral,r,nakamura2003,6.87753107121212e-10
4_nakamura2003,shallow,hard,34.36,pruinosa,-9.391146484848484e-10,40.41273940989142,14,hermatypic coral,r,nakamura2003,9.391146484848484e-10
4_nakamura2003,shallow,hard,34.36,pruinosa,-1.190476190151515e-9,40.1332115564597,16,hermatypic coral,r,nakamura2003,1.190476190151515e-9
4_nakamura2003,shallow,hard,34.36,pruinosa,-1.3301214916666665e-9,39.857524030741274,18,hermatypic coral,r,nakamura2003,1.3301214916666665e-9
4_nakamura2003,shallow,hard,34.36,pruinosa,-1.4976958522727272e-9,39.58559823145258,20,hermatypic coral,r,nakamura2003,1.4976958522727272e-9
4_nakamura2003,shallow,hard,34.36,pruinosa,-1.7350928643939393e-9,39.58559823145258,20,hermatypic coral,r,nakamura2003,1.7350928643939393e-9
4_nakamura2003,shallow,hard,34.36,pruinosa,-2.056277056060606e-9,39.31735768778696,22,hermatypic coral,r,nakamura2003,2.056277056060606e-9
4_nakamura2003,shallow,hard,34.36,pruinosa,-2.363496718181818e-9,39.052727987717724,24,hermatypic coral,r,nakamura2003,2.363496718181818e-9
4_nakamura2003,shallow,hard,34.36,pruinosa,-2.614858259848485e-9,38.79163670917708,26,hermatypic coral,r,nakamura2003,2.614858259848485e-9
4_nakamura2003,shallow,hard,34.36,pruinosa,-3.4527300659090906e-9,38.53401335397749,28,hermatypic coral,r,nakamura2003,3.4527300659090906e-9
4_nakamura2003,shallow,hard,34.36,pruinosa,-3.3968719454545456e-9,38.27978928434875,30,hermatypic coral,r,nakamura2003,3.3968719454545456e-9
33_becker2021,shallow,hard,-17.5388,spp.,2.512573553030303e-11,39.58559823145258,20,hermatypic coral,r,becker2021,2.512573553030303e-11
33_becker2021,shallow,hard,-17.5388,spp.,2.3658018787878785e-11,39.31735768778696,22,hermatypic coral,r,becker2021,2.3658018787878785e-11
33_becker2021,shallow,hard,-17.5388,spp.,2.6792741590909093e-11,39.052727987717724,24,hermatypic coral,r,becker2021,2.6792741590909093e-11
33_becker2021,shallow,hard,-17.5388,spp.,3.605131636363636e-11,38.53401335397749,28,hermatypic coral,r,becker2021,3.605131636363636e-11
33_becker2021,shallow,hard,-17.5388,spp.,3.681909295454545e-11,38.27978928434875,30,hermatypic coral,r,becker2021,3.681909295454545e-11
33_becker2021,shallow,hard,-17.5388,spp.,3.709380234848485e-11,38.028897661970575,32,hermatypic coral,r,becker2021,3.709380234848485e-11
33_becker2021,shallow,hard,-17.5388,spp.,4.1622034924242424e-11,37.781273389387344,34,hermatypic coral,r,becker2021,4.1622034924242424e-11
33_becker2021,shallow,hard,-17.5388,spp.,4.1113753712121213e-11,37.53685305369666,36,hermatypic coral,r,becker2021,4.1113753712121213e-11
33_becker2021,shallow,hard,-17.5388,spp.,3.725884196969697e-11,37.4158249929077,37,hermatypic coral,r,becker2021,3.725884196969697e-11
33_becker2021,shallow,hard,-17.5388,spp.,3.017011159090909e-11,37.295574872409844,38,hermatypic coral,r,becker2021,3.017011159090909e-11
33_becker2021,shallow,hard,-17.5388,spp.,2.8808948181818178e-11,37.17609521560251,39,hermatypic coral,r,becker2021,2.8808948181818178e-11
34_becker2021,shallow,hard,-17.5388,spp.,2.60758875e-11,39.58559823145258,20,hermatypic coral,r,becker2021,2.60758875e-11
34_becker2021,shallow,hard,-17.5388,spp.,2.2576883787878785e-11,39.31735768778696,22,hermatypic coral,r,becker2021,2.2576883787878785e-11
34_becker2021,shallow,hard,-17.5388,spp.,2.4457667272727273e-11,39.052727987717724,24,hermatypic coral,r,becker2021,2.4457667272727273e-11
34_becker2021,shallow,hard,-17.5388,spp.,2.8680502727272724e-11,38.53401335397749,28,hermatypic coral,r,becker2021,2.8680502727272724e-11
34_becker2021,shallow,hard,-17.5388,spp.,3.3594938939393935e-11,38.27978928434875,30,hermatypic coral,r,becker2021,3.3594938939393935e-11
34_becker2021,shallow,hard,-17.5388,spp.,3.7209910606060604e-11,38.028897661970575,32,hermatypic coral,r,becker2021,3.7209910606060604e-11
34_becker2021,shallow,hard,-17.5388,spp.,4.2386923181818185e-11,37.781273389387344,34,hermatypic coral,r,becker2021,4.2386923181818185e-11
34_becker2021,shallow,hard,-17.5388,spp.,3.5364186893939394e-11,37.53685305369666,36,hermatypic coral,r,becker2021,3.5364186893939394e-11
34_becker2021,shallow,hard,-17.5388,spp.,3.2766188257575755e-11,37.4158249929077,37,hermatypic coral,r,becker2021,3.2766188257575755e-11
34_becker2021,shallow,hard,-17.5388,spp.,7.0032021212121206e-12,37.295574872409844,38,hermatypic coral,r,becker2021,7.0032021212121206e-12
34_becker2021,shallow,hard,-17.5388,spp.,3.001588742424242e-11,37.17609521560251,39,hermatypic coral,r,becker2021,3.001588742424242e-11
35_becker2021,shallow,hard,-17.5388,spp.,1.6355257954545454e-11,39.58559823145258,20,hermatypic coral,r,becker2021,1.6355257954545454e-11
35_becker2021,shallow,hard,-17.5388,spp.,1.5662140075757574e-11,39.31735768778696,22,hermatypic coral,r,becker2021,1.5662140075757574e-11
35_becker2021,shallow,hard,-17.5388,spp.,1.900404712121212e-11,39.052727987717724,24,hermatypic coral,r,becker2021,1.900404712121212e-11
35_becker2021,shallow,hard,-17.5388,spp.,2.3986339015151512e-11,38.53401335397749,28,hermatypic coral,r,becker2021,2.3986339015151512e-11
35_becker2021,shallow,hard,-17.5388,spp.,2.4800581893939394e-11,38.27978928434875,30,hermatypic coral,r,becker2021,2.4800581893939394e-11
35_becker2021,shallow,hard,-17.5388,spp.,2.71580378030303e-11,38.028897661970575,32,hermatypic coral,r,becker2021,2.71580378030303e-11
35_becker2021,shallow,hard,-17.5388,spp.,3.023094159090909e-11,37.781273389387344,34,hermatypic coral,r,becker2021,3.023094159090909e-11
35_becker2021,shallow,hard,-17.5388,spp.,2.5142898181818178e-11,37.53685305369666,36,hermatypic coral,r,becker2021,2.5142898181818178e-11
35_becker2021,shallow,hard,-17.5388,spp.,2.286966303030303e-11,37.4158249929077,37,hermatypic coral,r,becker2021,2.286966303030303e-11
35_becker2021,shallow,hard,-17.5388,spp.,2.385768196969697e-11,37.295574872409844,38,hermatypic coral,r,becker2021,2.385768196969697e-11
35_becker2021,shallow,hard,-17.5388,spp.,2.3692324696969694e-11,37.17609521560251,39,hermatypic coral,r,becker2021,2.3692324696969694e-11
36_becker2021,shallow,hard,-17.5388,spp.,2.8143805757575754e-11,39.58559823145258,20,hermatypic coral,r,becker2021,2.8143805757575754e-11
36_becker2021,shallow,hard,-17.5388,spp.,2.911563893939394e-11,39.31735768778696,22,hermatypic coral,r,becker2021,2.911563893939394e-11
36_becker2021,shallow,hard,-17.5388,spp.,3.387655234848485e-11,39.052727987717724,24,hermatypic coral,r,becker2021,3.387655234848485e-11
36_becker2021,shallow,hard,-17.5388,spp.,3.9864879696969696e-11,38.53401335397749,28,hermatypic coral,r,becker2021,3.9864879696969696e-11
36_becker2021,shallow,hard,-17.5388,spp.,4.3226865606060606e-11,38.27978928434875,30,hermatypic coral,r,becker2021,4.3226865606060606e-11
36_becker2021,shallow,hard,-17.5388,spp.,5.6708133636363634e-11,38.028897661970575,32,hermatypic coral,r,becker2021,5.6708133636363634e-11
36_becker2021,shallow,hard,-17.5388,spp.,6.141041984848484e-11,37.781273389387344,34,hermatypic coral,r,becker2021,6.141041984848484e-11
36_becker2021,shallow,hard,-17.5388,spp.,5.3238517651515153e-11,37.53685305369666,36,hermatypic coral,r,becker2021,5.3238517651515153e-11
36_becker2021,shallow,hard,-17.5388,spp.,4.6498535606060606e-11,37.4158249929077,37,hermatypic coral,r,becker2021,4.6498535606060606e-11
36_becker2021,shallow,hard,-17.5388,spp.,3.942997121212121e-11,37.295574872409844,38,hermatypic coral,r,becker2021,3.942997121212121e-11
36_becker2021,shallow,hard,-17.5388,spp.,3.56423978030303e-11,37.17609521560251,39,hermatypic coral,r,becker2021,3.56423978030303e-11
37_becker2021,shallow,hard,-17.5388,spp.,1.9712497575757575e-11,39.58559823145258,20,hermatypic coral,r,becker2021,1.9712497575757575e-11
37_becker2021,shallow,hard,-17.5388,spp.,1.978467287878788e-11,39.31735768778696,22,hermatypic coral,r,becker2021,1.978467287878788e-11
37_becker2021,shallow,hard,-17.5388,spp.,2.2102052727272722e-11,39.052727987717724,24,hermatypic coral,r,becker2021,2.2102052727272722e-11
37_becker2021,shallow,hard,-17.5388,spp.,2.560028068181818e-11,38.53401335397749,28,hermatypic coral,r,becker2021,2.560028068181818e-11
37_becker2021,shallow,hard,-17.5388,spp.,2.7714462348484847e-11,38.27978928434875,30,hermatypic coral,r,becker2021,2.7714462348484847e-11
37_becker2021,shallow,hard,-17.5388,spp.,3.0302117727272726e-11,38.028897661970575,32,hermatypic coral,r,becker2021,3.0302117727272726e-11
37_becker2021,shallow,hard,-17.5388,spp.,3.758123477272727e-11,37.781273389387344,34,hermatypic coral,r,becker2021,3.758123477272727e-11
37_becker2021,shallow,hard,-17.5388,spp.,3.454026901515152e-11,37.53685305369666,36,hermatypic coral,r,becker2021,3.454026901515152e-11
37_becker2021,shallow,hard,-17.5388,spp.,3.0755173939393935e-11,37.4158249929077,37,hermatypic coral,r,becker2021,3.0755173939393935e-11
37_becker2021,shallow,hard,-17.5388,spp.,2.6962685227272725e-11,37.295574872409844,38,hermatypic coral,r,becker2021,2.6962685227272725e-11
37_becker2021,shallow,hard,-17.5388,spp.,2.494841651515151e-11,37.17609521560251,39,hermatypic coral,r,becker2021,2.494841651515151e-11
38_becker2021,shallow,hard,-17.5388,spp.,2.153174856060606e-11,39.58559823145258,20,hermatypic coral,r,becker2021,2.153174856060606e-11
38_becker2021,shallow,hard,-17.5388,spp.,2.5933034696969693e-11,39.31735768778696,22,hermatypic coral,r,becker2021,2.5933034696969693e-11
38_becker2021,shallow,hard,-17.5388,spp.,3.1457201439393934e-11,39.052727987717724,24,hermatypic coral,r,becker2021,3.1457201439393934e-11
38_becker2021,shallow,hard,-17.5388,spp.,3.464502636363636e-11,38.53401335397749,28,hermatypic coral,r,becker2021,3.464502636363636e-11
38_becker2021,shallow,hard,-17.5388,spp.,3.6902323863636356e-11,38.27978928434875,30,hermatypic coral,r,becker2021,3.6902323863636356e-11
38_becker2021,shallow,hard,-17.5388,spp.,4.162293439393939e-11,38.028897661970575,32,hermatypic coral,r,becker2021,4.162293439393939e-11
38_becker2021,shallow,hard,-17.5388,spp.,4.694431401515151e-11,37.781273389387344,34,hermatypic coral,r,becker2021,4.694431401515151e-11
38_becker2021,shallow,hard,-17.5388,spp.,4.827110083333333e-11,37.53685305369666,36,hermatypic coral,r,becker2021,4.827110083333333e-11
38_becker2021,shallow,hard,-17.5388,spp.,4.391722068181818e-11,37.4158249929077,37,hermatypic coral,r,becker2021,4.391722068181818e-11
38_becker2021,shallow,hard,-17.5388,spp.,3.4625409848484843e-11,37.295574872409844,38,hermatypic coral,r,becker2021,3.4625409848484843e-11
38_becker2021,shallow,hard,-17.5388,spp.,3.3027900227272724e-11,37.17609521560251,39,hermatypic coral,r,becker2021,3.3027900227272724e-11
39_becker2021,shallow,hard,-17.5388,spp.,1.518762371212121e-11,39.58559823145258,20,hermatypic coral,r,becker2021,1.518762371212121e-11
39_becker2021,shallow,hard,-17.5388,spp.,1.8060158106060605e-11,39.31735768778696,22,hermatypic coral,r,becker2021,1.8060158106060605e-11
39_becker2021,shallow,hard,-17.5388,spp.,2.1743869545454542e-11,39.052727987717724,24,hermatypic coral,r,becker2021,2.1743869545454542e-11
39_becker2021,shallow,hard,-17.5388,spp.,2.7907996439393934e-11,38.53401335397749,28,hermatypic coral,r,becker2021,2.7907996439393934e-11
39_becker2021,shallow,hard,-17.5388,spp.,3.2564585757575754e-11,38.27978928434875,30,hermatypic coral,r,becker2021,3.2564585757575754e-11
39_becker2021,shallow,hard,-17.5388,spp.,3.381324734848485e-11,38.028897661970575,32,hermatypic coral,r,becker2021,3.381324734848485e-11
39_becker2021,shallow,hard,-17.5388,spp.,3.237780621212121e-11,37.781273389387344,34,hermatypic coral,r,becker2021,3.237780621212121e-11
39_becker2021,shallow,hard,-17.5388,spp.,2.8978824545454544e-11,37.53685305369666,36,hermatypic coral,r,becker2021,2.8978824545454544e-11
39_becker2021,shallow,hard,-17.5388,spp.,2.327989659090909e-11,37.4158249929077,37,hermatypic coral,r,becker2021,2.327989659090909e-11
39_becker2021,shallow,hard,-17.5388,spp.,2.1831100833333333e-11,37.295574872409844,38,hermatypic coral,r,becker2021,2.1831100833333333e-11
39_becker2021,shallow,hard,-17.5388,spp.,1.7869115909090908e-11,37.17609521560251,39,hermatypic coral,r,becker2021,1.7869115909090908e-11
40_becker2021,shallow,hard,-17.5388,spp.,2.9161025833333334e-11,39.58559823145258,20,hermatypic coral,r,becker2021,2.9161025833333334e-11
40_becker2021,shallow,hard,-17.5388,spp.,2.9842056439393936e-11,39.31735768778696,22,hermatypic coral,r,becker2021,2.9842056439393936e-11
40_becker2021,shallow,hard,-17.5388,spp.,3.3673045681818185e-11,39.052727987717724,24,hermatypic coral,r,becker2021,3.3673045681818185e-11
40_becker2021,shallow,hard,-17.5388,spp.,4.1001487803030305e-11,38.53401335397749,28,hermatypic coral,r,becker2021,4.1001487803030305e-11
40_becker2021,shallow,hard,-17.5388,spp.,4.9962658106060605e-11,38.27978928434875,30,hermatypic coral,r,becker2021,4.9962658106060605e-11
40_becker2021,shallow,hard,-17.5388,spp.,5.528681909090909e-11,38.028897661970575,32,hermatypic coral,r,becker2021,5.528681909090909e-11
40_becker2021,shallow,hard,-17.5388,spp.,6.13714225e-11,37.781273389387344,34,hermatypic coral,r,becker2021,6.13714225e-11
40_becker2021,shallow,hard,-17.5388,spp.,5.574243583333333e-11,37.53685305369666,36,hermatypic coral,r,becker2021,5.574243583333333e-11
40_becker2021,shallow,hard,-17.5388,spp.,5.178667386363636e-11,37.4158249929077,37,hermatypic coral,r,becker2021,5.178667386363636e-11
40_becker2021,shallow,hard,-17.5388,spp.,4.416054431818181e-11,37.295574872409844,38,hermatypic coral,r,becker2021,4.416054431818181e-11
40_becker2021,shallow,hard,-17.5388,spp.,4.392314946969697e-11,37.17609521560251,39,hermatypic coral,r,becker2021,4.392314946969697e-11
41_becker2021,shallow,hard,-17.5388,spp.,4.2766640681818177e-11,39.58559823145258,20,hermatypic coral,r,becker2021,4.2766640681818177e-11
41_becker2021,shallow,hard,-17.5388,spp.,4.638487242424242e-11,39.31735768778696,22,hermatypic coral,r,becker2021,4.638487242424242e-11
41_becker2021,shallow,hard,-17.5388,spp.,4.796827409090909e-11,39.052727987717724,24,hermatypic coral,r,becker2021,4.796827409090909e-11
41_becker2021,shallow,hard,-17.5388,spp.,5.676921537878788e-11,38.53401335397749,28,hermatypic coral,r,becker2021,5.676921537878788e-11
41_becker2021,shallow,hard,-17.5388,spp.,5.529602795454545e-11,38.27978928434875,30,hermatypic coral,r,becker2021,5.529602795454545e-11
41_becker2021,shallow,hard,-17.5388,spp.,6.370168106060605e-11,38.028897661970575,32,hermatypic coral,r,becker2021,6.370168106060605e-11
41_becker2021,shallow,hard,-17.5388,spp.,7.263576651515152e-11,37.781273389387344,34,hermatypic coral,r,becker2021,7.263576651515152e-11
41_becker2021,shallow,hard,-17.5388,spp.,7.255762166666666e-11,37.53685305369666,36,hermatypic coral,r,becker2021,7.255762166666666e-11
41_becker2021,shallow,hard,-17.5388,spp.,6.769901530303029e-11,37.4158249929077,37,hermatypic coral,r,becker2021,6.769901530303029e-11
41_becker2021,shallow,hard,-17.5388,spp.,6.033713151515152e-11,37.295574872409844,38,hermatypic coral,r,becker2021,6.033713151515152e-11
41_becker2021,shallow,hard,-17.5388,spp.,5.304243454545455e-11,37.17609521560251,39,hermatypic coral,r,becker2021,5.304243454545455e-11
42_becker2021,shallow,hard,-17.5388,spp.,1.6805201742424243e-11,39.58559823145258,20,hermatypic coral,r,becker2021,1.6805201742424243e-11
42_becker2021,shallow,hard,-17.5388,spp.,2.1922917575757573e-11,39.31735768778696,22,hermatypic coral,r,becker2021,2.1922917575757573e-11
42_becker2021,shallow,hard,-17.5388,spp.,3.574462151515151e-11,39.052727987717724,24,hermatypic coral,r,becker2021,3.574462151515151e-11
42_becker2021,shallow,hard,-17.5388,spp.,2.952741371212121e-11,38.53401335397749,28,hermatypic coral,r,becker2021,2.952741371212121e-11
42_becker2021,shallow,hard,-17.5388,spp.,2.9404200984848486e-11,38.27978928434875,30,hermatypic coral,r,becker2021,2.9404200984848486e-11
42_becker2021,shallow,hard,-17.5388,spp.,3.620352401515152e-11,38.028897661970575,32,hermatypic coral,r,becker2021,3.620352401515152e-11
42_becker2021,shallow,hard,-17.5388,spp.,4.036981583333334e-11,37.781273389387344,34,hermatypic coral,r,becker2021,4.036981583333334e-11
42_becker2021,shallow,hard,-17.5388,spp.,3.7630691969696964e-11,37.53685305369666,36,hermatypic coral,r,becker2021,3.7630691969696964e-11
42_becker2021,shallow,hard,-17.5388,spp.,3.205725053030303e-11,37.4158249929077,37,hermatypic coral,r,becker2021,3.205725053030303e-11
42_becker2021,shallow,hard,-17.5388,spp.,2.7670177803030304e-11,37.295574872409844,38,hermatypic coral,r,becker2021,2.7670177803030304e-11
43_becker2021,shallow,hard,-17.5388,spp.,1.9365778636363635e-11,39.58559823145258,20,hermatypic coral,r,becker2021,1.9365778636363635e-11
43_becker2021,shallow,hard,-17.5388,spp.,1.9382383939393942e-11,39.31735768778696,22,hermatypic coral,r,becker2021,1.9382383939393942e-11
43_becker2021,shallow,hard,-17.5388,spp.,2.103834340909091e-11,39.052727987717724,24,hermatypic coral,r,becker2021,2.103834340909091e-11
43_becker2021,shallow,hard,-17.5388,spp.,2.7298177954545453e-11,38.53401335397749,28,hermatypic coral,r,becker2021,2.7298177954545453e-11
43_becker2021,shallow,hard,-17.5388,spp.,2.8221707499999997e-11,38.27978928434875,30,hermatypic coral,r,becker2021,2.8221707499999997e-11
43_becker2021,shallow,hard,-17.5388,spp.,3.1598668939393944e-11,38.028897661970575,32,hermatypic coral,r,becker2021,3.1598668939393944e-11
43_becker2021,shallow,hard,-17.5388,spp.,3.800553560606061e-11,37.781273389387344,34,hermatypic coral,r,becker2021,3.800553560606061e-11
43_becker2021,shallow,hard,-17.5388,spp.,3.4815519848484844e-11,37.53685305369666,36,hermatypic coral,r,becker2021,3.4815519848484844e-11
43_becker2021,shallow,hard,-17.5388,spp.,3.0795926515151516e-11,37.4158249929077,37,hermatypic coral,r,becker2021,3.0795926515151516e-11
43_becker2021,shallow,hard,-17.5388,spp.,2.652573234848485e-11,37.295574872409844,38,hermatypic coral,r,becker2021,2.652573234848485e-11
44_becker2021,shallow,hard,-17.5388,spp.,2.3240645606060604e-11,39.58559823145258,20,hermatypic coral,r,becker2021,2.3240645606060604e-11
44_becker2021,shallow,hard,-17.5388,spp.,2.391176272727273e-11,39.31735768778696,22,hermatypic coral,r,becker2021,2.391176272727273e-11
44_becker2021,shallow,hard,-17.5388,spp.,2.7112122651515152e-11,39.052727987717724,24,hermatypic coral,r,becker2021,2.7112122651515152e-11
44_becker2021,shallow,hard,-17.5388,spp.,3.2338118333333334e-11,38.53401335397749,28,hermatypic coral,r,becker2021,3.2338118333333334e-11
44_becker2021,shallow,hard,-17.5388,spp.,3.296704136363636e-11,38.27978928434875,30,hermatypic coral,r,becker2021,3.296704136363636e-11
44_becker2021,shallow,hard,-17.5388,spp.,4.08550668939394e-11,38.028897661970575,32,hermatypic coral,r,becker2021,4.08550668939394e-11
44_becker2021,shallow,hard,-17.5388,spp.,4.3163333484848485e-11,37.781273389387344,34,hermatypic coral,r,becker2021,4.3163333484848485e-11
44_becker2021,shallow,hard,-17.5388,spp.,4.4734236212121214e-11,37.53685305369666,36,hermatypic coral,r,becker2021,4.4734236212121214e-11
44_becker2021,shallow,hard,-17.5388,spp.,3.941238181818181e-11,37.4158249929077,37,hermatypic coral,r,becker2021,3.941238181818181e-11
44_becker2021,shallow,hard,-17.5388,spp.,3.372113348484849e-11,37.295574872409844,38,hermatypic coral,r,becker2021,3.372113348484849e-11
45_becker2021,shallow,hard,-17.5388,spp.,1.2205740303030302e-11,39.58559823145258,20,hermatypic coral,r,becker2021,1.2205740303030302e-11
45_becker2021,shallow,hard,-17.5388,spp.,1.5917759696969696e-11,39.31735768778696,22,hermatypic coral,r,becker2021,1.5917759696969696e-11
45_becker2021,shallow,hard,-17.5388,spp.,1.751594181818182e-11,39.052727987717724,24,hermatypic coral,r,becker2021,1.751594181818182e-11
45_becker2021,shallow,hard,-17.5388,spp.,1.3680610151515151e-11,38.53401335397749,28,hermatypic coral,r,becker2021,1.3680610151515151e-11
45_becker2021,shallow,hard,-17.5388,spp.,2.237856318181818e-11,38.27978928434875,30,hermatypic coral,r,becker2021,2.237856318181818e-11
45_becker2021,shallow,hard,-17.5388,spp.,2.3627446439393936e-11,38.028897661970575,32,hermatypic coral,r,becker2021,2.3627446439393936e-11
45_becker2021,shallow,hard,-17.5388,spp.,2.933659431818182e-11,37.781273389387344,34,hermatypic coral,r,becker2021,2.933659431818182e-11
45_becker2021,shallow,hard,-17.5388,spp.,2.8569739393939393e-11,37.53685305369666,36,hermatypic coral,r,becker2021,2.8569739393939393e-11
45_becker2021,shallow,hard,-17.5388,spp.,2.7840749848484847e-11,37.4158249929077,37,hermatypic coral,r,becker2021,2.7840749848484847e-11
45_becker2021,shallow,hard,-17.5388,spp.,2.235410393939394e-11,37.295574872409844,38,hermatypic coral,r,becker2021,2.235410393939394e-11
45_becker2021,shallow,hard,-17.5388,spp.,2.0457437424242425e-11,37.17609521560251,39,hermatypic coral,r,becker2021,2.0457437424242425e-11
46_becker2021,shallow,hard,-17.5388,spp.,2.1874418712121213e-11,39.58559823145258,20,hermatypic coral,r,becker2021,2.1874418712121213e-11
46_becker2021,shallow,hard,-17.5388,spp.,1.6927905984848487e-11,39.31735768778696,22,hermatypic coral,r,becker2021,1.6927905984848487e-11
46_becker2021,shallow,hard,-17.5388,spp.,1.9801940984848482e-11,39.052727987717724,24,hermatypic coral,r,becker2021,1.9801940984848482e-11
46_becker2021,shallow,hard,-17.5388,spp.,2.7214871893939393e-11,38.53401335397749,28,hermatypic coral,r,becker2021,2.7214871893939393e-11
46_becker2021,shallow,hard,-17.5388,spp.,3.1147004999999994e-11,38.27978928434875,30,hermatypic coral,r,becker2021,3.1147004999999994e-11
46_becker2021,shallow,hard,-17.5388,spp.,3.165802553030303e-11,38.028897661970575,32,hermatypic coral,r,becker2021,3.165802553030303e-11
46_becker2021,shallow,hard,-17.5388,spp.,3.7271384696969694e-11,37.781273389387344,34,hermatypic coral,r,becker2021,3.7271384696969694e-11
46_becker2021,shallow,hard,-17.5388,spp.,3.6953697878787875e-11,37.53685305369666,36,hermatypic coral,r,becker2021,3.6953697878787875e-11
46_becker2021,shallow,hard,-17.5388,spp.,3.5595004393939393e-11,37.4158249929077,37,hermatypic coral,r,becker2021,3.5595004393939393e-11
46_becker2021,shallow,hard,-17.5388,spp.,3.2348236515151516e-11,37.295574872409844,38,hermatypic coral,r,becker2021,3.2348236515151516e-11
46_becker2021,shallow,hard,-17.5388,spp.,3.205828386363636e-11,37.17609521560251,39,hermatypic coral,r,becker2021,3.205828386363636e-11
47_becker2021,shallow,hard,-17.5388,spp.,3.0856904242424246e-11,39.58559823145258,20,hermatypic coral,r,becker2021,3.0856904242424246e-11
47_becker2021,shallow,hard,-17.5388,spp.,3.0299194166666665e-11,39.31735768778696,22,hermatypic coral,r,becker2021,3.0299194166666665e-11
47_becker2021,shallow,hard,-17.5388,spp.,3.257853431818182e-11,39.052727987717724,24,hermatypic coral,r,becker2021,3.257853431818182e-11
47_becker2021,shallow,hard,-17.5388,spp.,3.87624056060606e-11,38.53401335397749,28,hermatypic coral,r,becker2021,3.87624056060606e-11
47_becker2021,shallow,hard,-17.5388,spp.,3.962667159090909e-11,38.27978928434875,30,hermatypic coral,r,becker2021,3.962667159090909e-11
47_becker2021,shallow,hard,-17.5388,spp.,4.419620121212122e-11,38.028897661970575,32,hermatypic coral,r,becker2021,4.419620121212122e-11
47_becker2021,shallow,hard,-17.5388,spp.,5.218722136363636e-11,37.781273389387344,34,hermatypic coral,r,becker2021,5.218722136363636e-11
47_becker2021,shallow,hard,-17.5388,spp.,5.0252876515151516e-11,37.53685305369666,36,hermatypic coral,r,becker2021,5.0252876515151516e-11
47_becker2021,shallow,hard,-17.5388,spp.,4.2773673030303024e-11,37.4158249929077,37,hermatypic coral,r,becker2021,4.2773673030303024e-11
47_becker2021,shallow,hard,-17.5388,spp.,3.320438462121212e-11,37.295574872409844,38,hermatypic coral,r,becker2021,3.320438462121212e-11
48_becker2021,shallow,hard,-17.5388,spp.,2.0591878257575753e-11,39.58559823145258,20,hermatypic coral,r,becker2021,2.0591878257575753e-11
48_becker2021,shallow,hard,-17.5388,spp.,2.0582917348484845e-11,39.31735768778696,22,hermatypic coral,r,becker2021,2.0582917348484845e-11
48_becker2021,shallow,hard,-17.5388,spp.,2.4108677424242422e-11,39.052727987717724,24,hermatypic coral,r,becker2021,2.4108677424242422e-11
48_becker2021,shallow,hard,-17.5388,spp.,2.567250818181818e-11,38.53401335397749,28,hermatypic coral,r,becker2021,2.567250818181818e-11
48_becker2021,shallow,hard,-17.5388,spp.,2.8180052954545454e-11,38.27978928434875,30,hermatypic coral,r,becker2021,2.8180052954545454e-11
48_becker2021,shallow,hard,-17.5388,spp.,3.1017662045454545e-11,38.028897661970575,32,hermatypic coral,r,becker2021,3.1017662045454545e-11
48_becker2021,shallow,hard,-17.5388,spp.,3.577606128787879e-11,37.781273389387344,34,hermatypic coral,r,becker2021,3.577606128787879e-11
48_becker2021,shallow,hard,-17.5388,spp.,3.6709601590909096e-11,37.53685305369666,36,hermatypic coral,r,becker2021,3.6709601590909096e-11
48_becker2021,shallow,hard,-17.5388,spp.,3.4986112954545455e-11,37.4158249929077,37,hermatypic coral,r,becker2021,3.4986112954545455e-11
48_becker2021,shallow,hard,-17.5388,spp.,2.8835394848484847e-11,37.295574872409844,38,hermatypic coral,r,becker2021,2.8835394848484847e-11
48_becker2021,shallow,hard,-17.5388,spp.,2.6891260227272724e-11,37.17609521560251,39,hermatypic coral,r,becker2021,2.6891260227272724e-11
5_kemp2011,shallow,hard,24.84,siderea,4.515120397727273e-8,39.58559823145258,20,hermatypic coral,r,kemp2011,4.515120397727273e-8
5_kemp2011,shallow,hard,24.84,siderea,1.0894040482954547e-8,40.1332115564597,16,hermatypic coral,r,kemp2011,1.0894040482954547e-8
5_kemp2011,shallow,hard,24.84,siderea,9.450251988636363e-9,40.696188397511214,12,hermatypic coral,r,kemp2011,9.450251988636363e-9
6_kemp2011,shallow,hard,24.84,siderea,3.0188304971590905e-8,39.58559823145258,20,hermatypic coral,r,kemp2011,3.0188304971590905e-8
6_kemp2011,shallow,hard,24.84,siderea,2.5463178977272728e-8,40.1332115564597,16,hermatypic coral,r,kemp2011,2.5463178977272728e-8
6_kemp2011,shallow,hard,24.84,siderea,8.531477556818181e-9,40.696188397511214,12,hermatypic coral,r,kemp2011,8.531477556818181e-9
7_kemp2011,shallow,hard,24.84,astreoides,4.515120397727273e-8,39.58559823145258,20,hermatypic coral,r,kemp2011,4.515120397727273e-8
7_kemp2011,shallow,hard,24.84,astreoides,3.7407247585227274e-8,40.1332115564597,16,hermatypic coral,r,kemp2011,3.7407247585227274e-8
7_kemp2011,shallow,hard,24.84,astreoides,9.318998437500002e-9,40.696188397511214,12,hermatypic coral,r,kemp2011,9.318998437500002e-9
8_kemp2011,shallow,hard,24.84,faveolata,3.8326022017045455e-8,39.58559823145258,20,hermatypic coral,r,kemp2011,3.8326022017045455e-8
8_kemp2011,shallow,hard,24.84,faveolata,5.775153977272728e-9,40.1332115564597,16,hermatypic coral,r,kemp2011,5.775153977272728e-9
8_kemp2011,shallow,hard,24.84,faveolata,4.9876329545454544e-9,40.696188397511214,12,hermatypic coral,r,kemp2011,4.9876329545454544e-9
1_jiang2021,shallow,hard,18.2217,damicornis,6.232963570961412e-4,38.66239587389746,27,brooding coral,r,jiang2021,6.232963570961412e-4
1_jiang2021,shallow,hard,18.2217,damicornis,8.866610202746892e-4,38.40648062733848,29,brooding coral,r,jiang2021,8.866610202746892e-4
1_jiang2021,shallow,hard,18.2217,damicornis,0.0012553715434924788,38.15393102597508,31,brooding coral,r,jiang2021,0.0012553715434924788
1_jiang2021,shallow,hard,18.2217,damicornis,7.813151536952255e-4,38.028897661970575,32,brooding coral,r,jiang2021,7.813151536952255e-4
1_jiang2021,shallow,hard,18.2217,damicornis,5.969598953564421e-4,37.9046811090979,33,brooding coral,r,jiang2021,5.969598953564421e-4
3_castillohelmuth2005,shallow,hard,16.1,annularis,1.6905369334753785e-11,38.40648062733848,29,hermatypic coral,r,castillohelmuth2005,1.6905369334753785e-11
3_castillohelmuth2005,shallow,hard,16.1,annularis,1.6905369334753785e-11,38.40648062733848,29,hermatypic coral,r,castillohelmuth2005,1.6905369334753785e-11
3_castillohelmuth2005,shallow,hard,16.1,annularis,1.990210888257576e-11,38.40648062733848,29,hermatypic coral,r,castillohelmuth2005,1.990210888257576e-11
3_castillohelmuth2005,shallow,hard,16.1,annularis,5.0245333072916664e-11,38.15393102597508,31,hermatypic coral,r,castillohelmuth2005,5.0245333072916664e-11
3_castillohelmuth2005,shallow,hard,16.1,annularis,5.92355517282197e-11,38.15393102597508,31,hermatypic coral,r,castillohelmuth2005,5.92355517282197e-11
3_castillohelmuth2005,shallow,hard,16.1,annularis,6.822577035984848e-11,38.15393102597508,31,hermatypic coral,r,castillohelmuth2005,6.822577035984848e-11
3_castillohelmuth2005,shallow,hard,16.1,annularis,8.945267549715907e-11,38.028897661970575,32,hermatypic coral,r,castillohelmuth2005,8.945267549715907e-11
3_castillohelmuth2005,shallow,hard,16.1,annularis,1.1043232488162879e-10,38.028897661970575,32,hermatypic coral,r,castillohelmuth2005,1.1043232488162879e-10
3_castillohelmuth2005,shallow,hard,16.1,annularis,1.1942254351325757e-10,38.028897661970575,32,hermatypic coral,r,castillohelmuth2005,1.1942254351325757e-10
3_castillohelmuth2005,shallow,hard,16.1,annularis,1.0168936197916667e-10,37.9046811090979,33,hermatypic coral,r,castillohelmuth2005,1.0168936197916667e-10
3_castillohelmuth2005,shallow,hard,16.1,annularis,1.4963719472064395e-10,37.9046811090979,33,hermatypic coral,r,castillohelmuth2005,1.4963719472064395e-10
3_castillohelmuth2005,shallow,hard,16.1,annularis,1.52633934280303e-10,37.9046811090979,33,hermatypic coral,r,castillohelmuth2005,1.52633934280303e-10
3_castillohelmuth2005,shallow,hard,16.1,annularis,8.096438598484848e-11,37.781273389387344,34,hermatypic coral,r,castillohelmuth2005,8.096438598484848e-11
3_castillohelmuth2005,shallow,hard,16.1,annularis,8.695786508049242e-11,37.781273389387344,34,hermatypic coral,r,castillohelmuth2005,8.695786508049242e-11
3_castillohelmuth2005,shallow,hard,16.1,annularis,1.2291626709280302e-10,37.781273389387344,34,hermatypic coral,r,castillohelmuth2005,1.2291626709280302e-10
3_castillohelmuth2005,shallow,hard,16.1,annularis,1.828011123816288e-11,37.65866662842876,35,hermatypic coral,r,castillohelmuth2005,1.828011123816288e-11
3_castillohelmuth2005,shallow,hard,16.1,annularis,1.828011123816288e-11,37.65866662842876,35,hermatypic coral,r,castillohelmuth2005,1.828011123816288e-11
3_castillohelmuth2005,shallow,hard,16.1,annularis,1.828011123816288e-11,37.65866662842876,35,hermatypic coral,r,castillohelmuth2005,1.828011123816288e-11
4_castillohelmuth2005,shallow,hard,16.1,annularis,2.8887382410037877e-11,38.40648062733848,29,hermatypic coral,r,castillohelmuth2005,2.8887382410037877e-11
4_castillohelmuth2005,shallow,hard,16.1,annularis,3.488580662878788e-11,38.40648062733848,29,hermatypic coral,r,castillohelmuth2005,3.488580662878788e-11
4_castillohelmuth2005,shallow,hard,16.1,annularis,3.1889067069128786e-11,38.40648062733848,29,hermatypic coral,r,castillohelmuth2005,3.1889067069128786e-11
4_castillohelmuth2005,shallow,hard,16.1,annularis,9.819316583806817e-11,38.15393102597508,31,hermatypic coral,r,castillohelmuth2005,9.819316583806817e-11
4_castillohelmuth2005,shallow,hard,16.1,annularis,1.2816056131628787e-10,38.15393102597508,31,hermatypic coral,r,castillohelmuth2005,1.2816056131628787e-10
4_castillohelmuth2005,shallow,hard,16.1,annularis,1.341540404119318e-10,38.15393102597508,31,hermatypic coral,r,castillohelmuth2005,1.341540404119318e-10
4_castillohelmuth2005,shallow,hard,16.1,annularis,1.254110775094697e-10,38.028897661970575,32,hermatypic coral,r,castillohelmuth2005,1.254110775094697e-10
4_castillohelmuth2005,shallow,hard,16.1,annularis,1.8834260800189393e-10,38.028897661970575,32,hermatypic coral,r,castillohelmuth2005,1.8834260800189393e-10
4_castillohelmuth2005,shallow,hard,16.1,annularis,2.0332630572916665e-10,38.028897661970575,32,hermatypic coral,r,castillohelmuth2005,2.0332630572916665e-10
4_castillohelmuth2005,shallow,hard,16.1,annularis,1.706094264441288e-10,37.9046811090979,33,hermatypic coral,r,castillohelmuth2005,1.706094264441288e-10
4_castillohelmuth2005,shallow,hard,16.1,annularis,2.0957198567708332e-10,37.9046811090979,33,hermatypic coral,r,castillohelmuth2005,2.0957198567708332e-10
4_castillohelmuth2005,shallow,hard,16.1,annularis,2.3354590205965907e-10,37.9046811090979,33,hermatypic coral,r,castillohelmuth2005,2.3354590205965907e-10
4_castillohelmuth2005,shallow,hard,16.1,annularis,1.3490075272253786e-10,37.781273389387344,34,hermatypic coral,r,castillohelmuth2005,1.3490075272253786e-10
4_castillohelmuth2005,shallow,hard,16.1,annularis,1.6786488776041665e-10,37.781273389387344,34,hermatypic coral,r,castillohelmuth2005,1.6786488776041665e-10
4_castillohelmuth2005,shallow,hard,16.1,annularis,1.8884206458333332e-10,37.781273389387344,34,hermatypic coral,r,castillohelmuth2005,1.8884206458333332e-10
4_castillohelmuth2005,shallow,hard,16.1,annularis,9.289892597064393e-12,37.65866662842876,35,hermatypic coral,r,castillohelmuth2005,9.289892597064393e-12
4_castillohelmuth2005,shallow,hard,16.1,annularis,9.289892597064393e-12,37.65866662842876,35,hermatypic coral,r,castillohelmuth2005,9.289892597064393e-12
4_castillohelmuth2005,shallow,hard,16.1,annularis,9.289892597064393e-12,37.65866662842876,35,hermatypic coral,r,castillohelmuth2005,9.289892597064393e-12
1_dodds2007,deep,hard,56.49,pertusa,8.273161333333333e-10,41.496578299840245,6.5,hermatypic coral,r,dodds2007,8.273161333333333e-10
1_dodds2007,deep,hard,56.49,pertusa,1.4539445999999999e-9,41.12889640811739,9,hermatypic coral,r,dodds2007,1.4539445999999999e-9
1_dodds2007,deep,hard,56.49,pertusa,9.606494666666666e-10,40.839409190745464,11,hermatypic coral,r,dodds2007,9.606494666666666e-10
9_silbiger2019,shallow,hard,9.14,franksi,9.69552556060606e-11,39.451022000851,21,hermatypic coral,r,silbiger2019,9.69552556060606e-11
9_silbiger2019,shallow,hard,9.14,franksi,1.0256968340909091e-10,38.79163670917708,26,hermatypic coral,r,silbiger2019,1.0256968340909091e-10
9_silbiger2019,shallow,hard,9.14,franksi,1.537759140151515e-10,38.53401335397749,28,hermatypic coral,r,silbiger2019,1.537759140151515e-10
9_silbiger2019,shallow,hard,9.14,franksi,1.470852340909091e-10,38.40648062733848,29,hermatypic coral,r,silbiger2019,1.470852340909091e-10
9_silbiger2019,shallow,hard,9.14,franksi,1.2802242924242424e-10,38.27978928434875,30,hermatypic coral,r,silbiger2019,1.2802242924242424e-10
9_silbiger2019,shallow,hard,9.14,franksi,1.3799963909090908e-10,38.15393102597508,31,hermatypic coral,r,silbiger2019,1.3799963909090908e-10
9_silbiger2019,shallow,hard,9.14,franksi,9.846226075757576e-11,37.9046811090979,33,hermatypic coral,r,silbiger2019,9.846226075757576e-11
9_silbiger2019,shallow,hard,9.14,franksi,1.5373025462121212e-10,37.781273389387344,34,hermatypic coral,r,silbiger2019,1.5373025462121212e-10
9_silbiger2019,shallow,hard,9.14,franksi,8.470281454545454e-11,37.53685305369666,36,hermatypic coral,r,silbiger2019,8.470281454545454e-11
10_silbiger2019,shallow,hard,9.14,franksi,7.735555219696969e-11,39.31735768778696,22,hermatypic coral,r,silbiger2019,7.735555219696969e-11
10_silbiger2019,shallow,hard,9.14,franksi,8.97899453030303e-11,38.79163670917708,26,hermatypic coral,r,silbiger2019,8.97899453030303e-11
10_silbiger2019,shallow,hard,9.14,franksi,1.7678881484848485e-10,38.53401335397749,28,hermatypic coral,r,silbiger2019,1.7678881484848485e-10
10_silbiger2019,shallow,hard,9.14,franksi,1.3122478636363635e-10,38.40648062733848,29,hermatypic coral,r,silbiger2019,1.3122478636363635e-10
10_silbiger2019,shallow,hard,9.14,franksi,1.3547675068181818e-10,38.27978928434875,30,hermatypic coral,r,silbiger2019,1.3547675068181818e-10
10_silbiger2019,shallow,hard,9.14,franksi,1.3506266666666665e-10,38.15393102597508,31,hermatypic coral,r,silbiger2019,1.3506266666666665e-10
10_silbiger2019,shallow,hard,9.14,franksi,1.3021304136363635e-10,38.028897661970575,32,hermatypic coral,r,silbiger2019,1.3021304136363635e-10
10_silbiger2019,shallow,hard,9.14,franksi,1.1950812916666667e-10,37.9046811090979,33,hermatypic coral,r,silbiger2019,1.1950812916666667e-10
10_silbiger2019,shallow,hard,9.14,franksi,1.8245780772727272e-10,37.781273389387344,34,hermatypic coral,r,silbiger2019,1.8245780772727272e-10
10_silbiger2019,shallow,hard,9.14,franksi,8.434483e-11,37.53685305369666,36,hermatypic coral,r,silbiger2019,8.434483e-11
11_silbiger2019,shallow,hard,9.14,franksi,6.92694578030303e-11,39.451022000851,21,hermatypic coral,r,silbiger2019,6.92694578030303e-11
11_silbiger2019,shallow,hard,9.14,franksi,8.605641196969697e-11,38.53401335397749,28,hermatypic coral,r,silbiger2019,8.605641196969697e-11
11_silbiger2019,shallow,hard,9.14,franksi,1.1315337704545455e-10,38.40648062733848,29,hermatypic coral,r,silbiger2019,1.1315337704545455e-10
11_silbiger2019,shallow,hard,9.14,franksi,1.0795381863636364e-10,38.27978928434875,30,hermatypic coral,r,silbiger2019,1.0795381863636364e-10
11_silbiger2019,shallow,hard,9.14,franksi,9.75409212121212e-11,38.15393102597508,31,hermatypic coral,r,silbiger2019,9.75409212121212e-11
11_silbiger2019,shallow,hard,9.14,franksi,1.0150883659090909e-10,38.028897661970575,32,hermatypic coral,r,silbiger2019,1.0150883659090909e-10
11_silbiger2019,shallow,hard,9.14,franksi,8.308436674242425e-11,37.9046811090979,33,hermatypic coral,r,silbiger2019,8.308436674242425e-11
11_silbiger2019,shallow,hard,9.14,franksi,1.4567824840909091e-10,37.781273389387344,34,hermatypic coral,r,silbiger2019,1.4567824840909091e-10
11_silbiger2019,shallow,hard,9.14,franksi,6.13297071969697e-11,37.53685305369666,36,hermatypic coral,r,silbiger2019,6.13297071969697e-11
12_silbiger2019,shallow,hard,9.14,franksi,6.775844492424243e-11,39.451022000851,21,hermatypic coral,r,silbiger2019,6.775844492424243e-11
12_silbiger2019,shallow,hard,9.14,franksi,9.357824280303032e-11,38.79163670917708,26,hermatypic coral,r,silbiger2019,9.357824280303032e-11
12_silbiger2019,shallow,hard,9.14,franksi,1.1231899704545455e-10,38.53401335397749,28,hermatypic coral,r,silbiger2019,1.1231899704545455e-10
12_silbiger2019,shallow,hard,9.14,franksi,1.4293292833333332e-10,38.40648062733848,29,hermatypic coral,r,silbiger2019,1.4293292833333332e-10
12_silbiger2019,shallow,hard,9.14,franksi,1.2492361931818182e-10,38.27978928434875,30,hermatypic coral,r,silbiger2019,1.2492361931818182e-10
12_silbiger2019,shallow,hard,9.14,franksi,1.4964504545454546e-10,38.028897661970575,32,hermatypic coral,r,silbiger2019,1.4964504545454546e-10
12_silbiger2019,shallow,hard,9.14,franksi,1.0662615083333332e-10,38.028897661970575,32,hermatypic coral,r,silbiger2019,1.0662615083333332e-10
12_silbiger2019,shallow,hard,9.14,franksi,1.6623750378787878e-10,37.9046811090979,33,hermatypic coral,r,silbiger2019,1.6623750378787878e-10
12_silbiger2019,shallow,hard,9.14,franksi,1.1928390409090907e-10,37.781273389387344,34,hermatypic coral,r,silbiger2019,1.1928390409090907e-10
12_silbiger2019,shallow,hard,9.14,franksi,1.4671476977272727e-10,37.53685305369666,36,hermatypic coral,r,silbiger2019,1.4671476977272727e-10
5_silbiger2019,shallow,hard,32.27,franksi,-4.024987833333333e-11,39.052727987717724,24,hermatypic coral,r,silbiger2019,4.024987833333333e-11
5_silbiger2019,shallow,hard,32.27,franksi,-3.3613904469696965e-11,38.79163670917708,26,hermatypic coral,r,silbiger2019,3.3613904469696965e-11
5_silbiger2019,shallow,hard,32.27,franksi,-4.450399431818182e-11,38.66239587389746,27,hermatypic coral,r,silbiger2019,4.450399431818182e-11
5_silbiger2019,shallow,hard,32.27,franksi,-7.065127303030303e-11,38.40648062733848,29,hermatypic coral,r,silbiger2019,7.065127303030303e-11
5_silbiger2019,shallow,hard,32.27,franksi,-6.943924946969697e-11,38.15393102597508,31,hermatypic coral,r,silbiger2019,6.943924946969697e-11
5_silbiger2019,shallow,hard,32.27,franksi,-6.493660083333332e-11,38.028897661970575,32,hermatypic coral,r,silbiger2019,6.493660083333332e-11
5_silbiger2019,shallow,hard,32.27,franksi,-8.478748803030302e-11,37.781273389387344,34,hermatypic coral,r,silbiger2019,8.478748803030302e-11
5_silbiger2019,shallow,hard,32.27,franksi,-3.569087166666667e-11,37.53685305369666,36,hermatypic coral,r,silbiger2019,3.569087166666667e-11
6_silbiger2019,shallow,hard,32.27,franksi,-2.840766333333333e-11,39.052727987717724,24,hermatypic coral,r,silbiger2019,2.840766333333333e-11
6_silbiger2019,shallow,hard,32.27,franksi,-3.8555319848484856e-11,38.79163670917708,26,hermatypic coral,r,silbiger2019,3.8555319848484856e-11
6_silbiger2019,shallow,hard,32.27,franksi,-5.652832409090909e-11,38.66239587389746,27,hermatypic coral,r,silbiger2019,5.652832409090909e-11
6_silbiger2019,shallow,hard,32.27,franksi,-8.008218196969698e-11,38.40648062733848,29,hermatypic coral,r,silbiger2019,8.008218196969698e-11
6_silbiger2019,shallow,hard,32.27,franksi,-7.1962195e-11,38.15393102597508,31,hermatypic coral,r,silbiger2019,7.1962195e-11
6_silbiger2019,shallow,hard,32.27,franksi,-7.084295704545455e-11,38.028897661970575,32,hermatypic coral,r,silbiger2019,7.084295704545455e-11
6_silbiger2019,shallow,hard,32.27,franksi,-7.772202507575757e-11,37.781273389387344,34,hermatypic coral,r,silbiger2019,7.772202507575757e-11
6_silbiger2019,shallow,hard,32.27,franksi,-4.783356674242424e-11,37.53685305369666,36,hermatypic coral,r,silbiger2019,4.783356674242424e-11
7_silbiger2019,shallow,hard,32.27,franksi,-3.236034825757576e-11,39.052727987717724,24,hermatypic coral,r,silbiger2019,3.236034825757576e-11
7_silbiger2019,shallow,hard,32.27,franksi,-1.5522290909090908e-11,38.79163670917708,26,hermatypic coral,r,silbiger2019,1.5522290909090908e-11
7_silbiger2019,shallow,hard,32.27,franksi,-3.843687401515151e-11,38.66239587389746,27,hermatypic coral,r,silbiger2019,3.843687401515151e-11
7_silbiger2019,shallow,hard,32.27,franksi,-5.4671274924242414e-11,38.40648062733848,29,hermatypic coral,r,silbiger2019,5.4671274924242414e-11
7_silbiger2019,shallow,hard,32.27,franksi,-7.14842406060606e-11,38.15393102597508,31,hermatypic coral,r,silbiger2019,7.14842406060606e-11
7_silbiger2019,shallow,hard,32.27,franksi,-4.8663607272727275e-11,38.028897661970575,32,hermatypic coral,r,silbiger2019,4.8663607272727275e-11
7_silbiger2019,shallow,hard,32.27,franksi,-4.76348278030303e-11,37.781273389387344,34,hermatypic coral,r,silbiger2019,4.76348278030303e-11
7_silbiger2019,shallow,hard,32.27,franksi,-3.232449833333333e-11,37.53685305369666,36,hermatypic coral,r,silbiger2019,3.232449833333333e-11
8_silbiger2019,shallow,hard,32.27,franksi,-1.072664303030303e-11,39.052727987717724,24,hermatypic coral,r,silbiger2019,1.072664303030303e-11
8_silbiger2019,shallow,hard,32.27,franksi,-3.585777704545454e-11,38.79163670917708,26,hermatypic coral,r,silbiger2019,3.585777704545454e-11
8_silbiger2019,shallow,hard,32.27,franksi,-4.563148568181818e-11,38.66239587389746,27,hermatypic coral,r,silbiger2019,4.563148568181818e-11
8_silbiger2019,shallow,hard,32.27,franksi,-5.793816833333333e-11,38.40648062733848,29,hermatypic coral,r,silbiger2019,5.793816833333333e-11
8_silbiger2019,shallow,hard,32.27,franksi,-8.329691871212123e-11,38.15393102597508,31,hermatypic coral,r,silbiger2019,8.329691871212123e-11
8_silbiger2019,shallow,hard,32.27,franksi,-4.192323462121212e-11,38.028897661970575,32,hermatypic coral,r,silbiger2019,4.192323462121212e-11
8_silbiger2019,shallow,hard,32.27,franksi,-6.236539477272726e-11,37.781273389387344,34,hermatypic coral,r,silbiger2019,6.236539477272726e-11
8_silbiger2019,shallow,hard,32.27,franksi,-2.8058421439393938e-11,37.53685305369666,36,hermatypic coral,r,silbiger2019,2.8058421439393938e-11
1_hadjioannou2019,shallow,hard,34.58,caespitosa,-2.0889037424242423e-11,39.99489271601007,17,hermatypic coral,r,hadjioannou2019,2.0889037424242423e-11
1_hadjioannou2019,shallow,hard,34.58,caespitosa,-3.509358287878788e-11,39.052727987717724,24,hermatypic coral,r,hadjioannou2019,3.509358287878788e-11
1_hadjioannou2019,shallow,hard,34.58,caespitosa,-1.328542781060606e-10,38.40648062733848,29,hermatypic coral,r,hadjioannou2019,1.328542781060606e-10
2_hadjioannou2019,shallow,hard,34.58,caespitosa,-2.5902406439393936e-11,39.99489271601007,17,hermatypic coral,r,hadjioannou2019,2.5902406439393936e-11
2_hadjioannou2019,shallow,hard,34.58,caespitosa,-4.512032083333333e-11,39.052727987717724,24,hermatypic coral,r,hadjioannou2019,4.512032083333333e-11
2_hadjioannou2019,shallow,hard,34.58,caespitosa,-1.6794786098484845e-10,38.40648062733848,29,hermatypic coral,r,hadjioannou2019,1.6794786098484845e-10
2_juillet-leclerc2014,shallow,hard,43.7328,sp.,-1.1354215745454545e-7,39.31735768778696,22,hermatypic coral,r,juillet-leclerc2014,1.1354215745454545e-7
2_juillet-leclerc2014,shallow,hard,43.7328,sp.,-1.959255769090909e-7,38.92174449622782,25,hermatypic coral,r,juillet-leclerc2014,1.959255769090909e-7
2_juillet-leclerc2014,shallow,hard,43.7328,sp.,-2.666509655454545e-7,38.53401335397749,28,hermatypic coral,r,juillet-leclerc2014,2.666509655454545e-7
1_rodolfo-metalpa2006,shallow,hard,44.03,caespitosa,-5.756578947679924e-5,39.58559823145258,20,hermatypic coral,r,rodolfo-metalpa2006,5.756578947679924e-5
1_rodolfo-metalpa2006,shallow,hard,44.03,caespitosa,-5.3453947372159086e-5,39.052727987717724,24,hermatypic coral,r,rodolfo-metalpa2006,5.3453947372159086e-5
1_rodolfo-metalpa2006,shallow,hard,44.03,caespitosa,-5.607057415956439e-5,38.79163670917708,26,hermatypic coral,r,rodolfo-metalpa2006,5.607057415956439e-5
1_rodolfo-metalpa2006,shallow,hard,44.03,caespitosa,-5.7939593300189396e-5,38.53401335397749,28,hermatypic coral,r,rodolfo-metalpa2006,5.7939593300189396e-5
1_dori2014,deep,hard,40,cornigera,4.3423654545454544e-12,41.275184497778135,8,hermatypic coral,r,dori2014,4.3423654545454544e-12
1_dori2014,deep,hard,40,cornigera,6.263027095959596e-12,40.696188397511214,12,hermatypic coral,r,dori2014,6.263027095959596e-12
1_dori2014,deep,hard,40,cornigera,7.582438137626262e-12,40.1332115564597,16,hermatypic coral,r,dori2014,7.582438137626262e-12
1_naumann2014,deep,hard,42.23,oculata,1.1557219794823232e-11,40.696188397511214,12,hermatypic coral,r,naumann2014,1.1557219794823232e-11
1_naumann2014,deep,hard,42.23,oculata,6.573168759469696e-12,41.12889640811739,9,hermatypic coral,r,naumann2014,6.573168759469696e-12
1_naumann2014,deep,hard,42.23,oculata,6.500936136363637e-12,41.570904967043965,6,hermatypic coral,r,naumann2014,6.500936136363637e-12
2_naumann2014,deep,hard,42.23,pertusa,1.523648001262626e-11,40.696188397511214,12,hermatypic coral,r,naumann2014,1.523648001262626e-11
2_naumann2014,deep,hard,42.23,pertusa,1.4920950833333335e-11,41.12889640811739,9,hermatypic coral,r,naumann2014,1.4920950833333335e-11
2_naumann2014,deep,hard,42.23,pertusa,1.6604834665404042e-11,41.570904967043965,6,hermatypic coral,r,naumann2014,1.6604834665404042e-11
1_edmunds2011,shallow,hard,21.56,damicornis,4.716887638979725e-4,38.79163670917708,26,brooding coral,r,edmunds2011,4.716887638979725e-4
1_edmunds2011,shallow,hard,21.56,damicornis,5.77629555264879e-4,38.66239587389746,27,brooding coral,r,edmunds2011,5.77629555264879e-4
1_edmunds2011,shallow,hard,21.56,damicornis,7.541975408763896e-4,38.53401335397749,28,brooding coral,r,edmunds2011,7.541975408763896e-4
1_edmunds2011,shallow,hard,21.56,damicornis,5.927639568345323e-4,38.40648062733848,29,brooding coral,r,edmunds2011,5.927639568345323e-4
1_edmunds2011,shallow,hard,21.56,damicornis,4.8682316546762587e-4,38.27978928434875,30,brooding coral,r,edmunds2011,4.8682316546762587e-4
2_edmunds2011,shallow,hard,21.56,hystrix,8.260012426422498e-5,38.79163670917708,26,brooding coral,r,edmunds2011,8.260012426422498e-5
2_edmunds2011,shallow,hard,21.56,hystrix,3.427026291693917e-4,38.66239587389746,27,brooding coral,r,edmunds2011,3.427026291693917e-4
2_edmunds2011,shallow,hard,21.56,hystrix,3.444600784826684e-4,38.53401335397749,28,brooding coral,r,edmunds2011,3.444600784826684e-4
2_edmunds2011,shallow,hard,21.56,hystrix,2.3725567037279264e-4,38.40648062733848,29,brooding coral,r,edmunds2011,2.3725567037279264e-4
2_edmunds2011,shallow,hard,21.56,hystrix,1.722300392413342e-4,38.27978928434875,30,brooding coral,r,edmunds2011,1.722300392413342e-4
3_edmunds2011,shallow,hard,21.56,pistillata,6.274094310006539e-4,38.79163670917708,26,brooding coral,r,edmunds2011,6.274094310006539e-4
3_edmunds2011,shallow,hard,21.56,pistillata,7.012223086984956e-4,38.53401335397749,28,brooding coral,r,edmunds2011,7.012223086984956e-4
3_edmunds2011,shallow,hard,21.56,pistillata,3.9191121648136034e-4,38.27978928434875,30,brooding coral,r,edmunds2011,3.9191121648136034e-4
1_edmunds2001,shallow,hard,24.56,astreoides,5.886200130804446e-4,38.79163670917708,26,brooding coral,r,edmunds2001,5.886200130804446e-4
1_edmunds2001,shallow,hard,24.56,astreoides,8.502289077828646e-4,38.53401335397749,28,brooding coral,r,edmunds2001,8.502289077828646e-4
1_edmunds2001,shallow,hard,24.56,astreoides,9.156311314584696e-4,37.9046811090979,33,brooding coral,r,edmunds2001,9.156311314584696e-4
2_rodriguez-lanetty2009,shallow,hard,-22.33,millepora,2.616088947024199e-4,39.052727987717724,24,brooding coral,r,rodriguez-lanetty2009,2.616088947024199e-4
2_rodriguez-lanetty2009,shallow,hard,-22.33,millepora,2.616088947024199e-4,38.53401335397749,28,brooding coral,r,rodriguez-lanetty2009,2.616088947024199e-4
2_rodriguez-lanetty2009,shallow,hard,-22.33,millepora,3.9241334205362976e-4,38.15393102597508,31,brooding coral,r,rodriguez-lanetty2009,3.9241334205362976e-4
2_higuchi2015,shallow,hard,33.9481,pruinosa,4.6212121212121205e-10,39.18459605453426,23,hermatypic coral,r,higuchi2015,4.6212121212121205e-10
2_higuchi2015,shallow,hard,33.9481,pruinosa,5.53030303030303e-10,39.857524030741274,18,hermatypic coral,r,higuchi2015,5.53030303030303e-10
2_higuchi2015,shallow,hard,33.9481,pruinosa,3.7878787878787875e-11,40.55396862327563,13,hermatypic coral,r,higuchi2015,3.7878787878787875e-11
1_al-sofyani2013,shallow,hard,21.4,damicornis,1.5882386573333335e-12,38.92174449622782,25,hermatypic coral,r,al-sofyani2013,1.5882386573333335e-12
1_al-sofyani2013,shallow,hard,21.4,damicornis,2.1284937546666667e-12,38.27978928434875,30,hermatypic coral,r,al-sofyani2013,2.1284937546666667e-12
1_al-sofyani2013,shallow,hard,21.4,damicornis,1.5940158213333332e-12,37.65866662842876,35,hermatypic coral,r,al-sofyani2013,1.5940158213333332e-12
2_al-sofyani2013,shallow,hard,21.4,verrucosa,1.4158865986666666e-12,38.92174449622782,25,hermatypic coral,r,al-sofyani2013,1.4158865986666666e-12
2_al-sofyani2013,shallow,hard,21.4,verrucosa,1.9273762346666665e-12,38.27978928434875,30,hermatypic coral,r,al-sofyani2013,1.9273762346666665e-12
2_al-sofyani2013,shallow,hard,21.4,verrucosa,1.864188504e-12,37.65866662842876,35,hermatypic coral,r,al-sofyani2013,1.864188504e-12
1_dorey2020,deep,hard,64.06,pertusa,1.8287937743333331e-6,40.27249044438772,15,hermatypic coral,r,dorey2020,1.8287937743333331e-6
1_dorey2020,deep,hard,64.06,pertusa,1.2840466926666667e-6,40.55396862327563,13,hermatypic coral,r,dorey2020,1.2840466926666667e-6
1_dorey2020,deep,hard,64.06,pertusa,5.447470816666667e-7,40.839409190745464,11,hermatypic coral,r,dorey2020,5.447470816666667e-7
1_dorey2020,deep,hard,64.06,pertusa,4.280155643333333e-7,41.12889640811739,9,hermatypic coral,r,dorey2020,4.280155643333333e-7
1_dorey2020,deep,hard,64.06,pertusa,3.9688715966666667e-7,41.42251694288889,7,hermatypic coral,r,dorey2020,3.9688715966666667e-7
2_dorey2020,deep,hard,64.06,pertusa,1.416342412333333e-6,40.27249044438772,15,hermatypic coral,r,dorey2020,1.416342412333333e-6
2_dorey2020,deep,hard,64.06,pertusa,1.1828793773333333e-6,40.55396862327563,13,hermatypic coral,r,dorey2020,1.1828793773333333e-6
2_dorey2020,deep,hard,64.06,pertusa,1.0894941633333333e-6,40.839409190745464,11,hermatypic coral,r,dorey2020,1.0894941633333333e-6
2_dorey2020,deep,hard,64.06,pertusa,9.027237353333334e-7,41.12889640811739,9,hermatypic coral,r,dorey2020,9.027237353333334e-7
2_dorey2020,deep,hard,64.06,pertusa,4.59143969e-7,41.42251694288889,7,hermatypic coral,r,dorey2020,4.59143969e-7
3_dorey2020,deep,hard,64.06,pertusa,9.649805446666666e-7,40.27249044438772,15,hermatypic coral,r,dorey2020,9.649805446666666e-7
3_dorey2020,deep,hard,64.06,pertusa,7.237354086666667e-7,40.55396862327563,13,hermatypic coral,r,dorey2020,7.237354086666667e-7
3_dorey2020,deep,hard,64.06,pertusa,5.058365759999999e-7,40.839409190745464,11,hermatypic coral,r,dorey2020,5.058365759999999e-7
3_dorey2020,deep,hard,64.06,pertusa,4.0466926066666665e-7,41.12889640811739,9,hermatypic coral,r,dorey2020,4.0466926066666665e-7
3_dorey2020,deep,hard,64.06,pertusa,4.12451362e-7,41.42251694288889,7,hermatypic coral,r,dorey2020,4.12451362e-7
4_dorey2020,deep,hard,64.06,pertusa,9.182879376666667e-7,40.27249044438772,15,hermatypic coral,r,dorey2020,9.182879376666667e-7
4_dorey2020,deep,hard,64.06,pertusa,7.47081712e-7,40.55396862327563,13,hermatypic coral,r,dorey2020,7.47081712e-7
4_dorey2020,deep,hard,64.06,pertusa,5.136186769999999e-7,40.839409190745464,11,hermatypic coral,r,dorey2020,5.136186769999999e-7
4_dorey2020,deep,hard,64.06,pertusa,5.447470816666667e-7,41.12889640811739,9,hermatypic coral,r,dorey2020,5.447470816666667e-7
4_dorey2020,deep,hard,64.06,pertusa,4.2023346299999996e-7,41.42251694288889,7,hermatypic coral,r,dorey2020,4.2023346299999996e-7
5_dorey2020,deep,hard,64.06,pertusa,7.548638133333333e-7,40.27249044438772,15,hermatypic coral,r,dorey2020,7.548638133333333e-7
5_dorey2020,deep,hard,64.06,pertusa,5.9922179e-7,40.55396862327563,13,hermatypic coral,r,dorey2020,5.9922179e-7
5_dorey2020,deep,hard,64.06,pertusa,4.6692606999999994e-7,40.839409190745464,11,hermatypic coral,r,dorey2020,4.6692606999999994e-7
5_dorey2020,deep,hard,64.06,pertusa,4.2023346299999996e-7,41.12889640811739,9,hermatypic coral,r,dorey2020,4.2023346299999996e-7
5_dorey2020,deep,hard,64.06,pertusa,6.381322956666666e-7,41.42251694288889,7,hermatypic coral,r,dorey2020,6.381322956666666e-7
6_dorey2020,deep,hard,63.36,pertusa,1.9450980393333333e-6,40.27249044438772,15,hermatypic coral,r,dorey2020,1.9450980393333333e-6
6_dorey2020,deep,hard,63.36,pertusa,1.9843137253333332e-6,40.55396862327563,13,hermatypic coral,r,dorey2020,1.9843137253333332e-6
6_dorey2020,deep,hard,63.36,pertusa,1.2784313726666666e-6,40.839409190745464,11,hermatypic coral,r,dorey2020,1.2784313726666666e-6
6_dorey2020,deep,hard,63.36,pertusa,1.3019607843333331e-6,41.12889640811739,9,hermatypic coral,r,dorey2020,1.3019607843333331e-6
6_dorey2020,deep,hard,63.36,pertusa,7.05882353e-7,41.42251694288889,7,hermatypic coral,r,dorey2020,7.05882353e-7
6_dorey2020,deep,hard,63.36,pertusa,1.2078431373333333e-6,41.720359955241136,5,hermatypic coral,r,dorey2020,1.2078431373333333e-6
7_dorey2020,deep,hard,63.36,pertusa,1.1921568626666666e-6,40.27249044438772,15,hermatypic coral,r,dorey2020,1.1921568626666666e-6
7_dorey2020,deep,hard,63.36,pertusa,1.4196078430000001e-6,40.55396862327563,13,hermatypic coral,r,dorey2020,1.4196078430000001e-6
7_dorey2020,deep,hard,63.36,pertusa,8.235294116666666e-7,41.12889640811739,9,hermatypic coral,r,dorey2020,8.235294116666666e-7
7_dorey2020,deep,hard,63.36,pertusa,6.352941176666667e-7,41.42251694288889,7,hermatypic coral,r,dorey2020,6.352941176666667e-7
7_dorey2020,deep,hard,63.36,pertusa,1.2235294116666667e-6,41.720359955241136,5,hermatypic coral,r,dorey2020,1.2235294116666667e-6
8_dorey2020,deep,hard,63.36,pertusa,9.725490196666666e-7,40.27249044438772,15,hermatypic coral,r,dorey2020,9.725490196666666e-7
8_dorey2020,deep,hard,63.36,pertusa,8.235294116666666e-7,40.55396862327563,13,hermatypic coral,r,dorey2020,8.235294116666666e-7
8_dorey2020,deep,hard,63.36,pertusa,5.88235294e-7,40.839409190745464,11,hermatypic coral,r,dorey2020,5.88235294e-7
8_dorey2020,deep,hard,63.36,pertusa,5.098039216666666e-7,41.12889640811739,9,hermatypic coral,r,dorey2020,5.098039216666666e-7
8_dorey2020,deep,hard,63.36,pertusa,4.7058823533333334e-7,41.42251694288889,7,hermatypic coral,r,dorey2020,4.7058823533333334e-7
8_dorey2020,deep,hard,63.36,pertusa,6.274509803333332e-8,41.720359955241136,5,hermatypic coral,r,dorey2020,6.274509803333332e-8
9_dorey2020,deep,hard,63.36,pertusa,8.000000000000001e-7,40.27249044438772,15,hermatypic coral,r,dorey2020,8.000000000000001e-7
9_dorey2020,deep,hard,63.36,pertusa,6.666666666666666e-7,40.55396862327563,13,hermatypic coral,r,dorey2020,6.666666666666666e-7
9_dorey2020,deep,hard,63.36,pertusa,5.803921569999999e-7,40.839409190745464,11,hermatypic coral,r,dorey2020,5.803921569999999e-7
9_dorey2020,deep,hard,63.36,pertusa,4.470588236666666e-7,41.12889640811739,9,hermatypic coral,r,dorey2020,4.470588236666666e-7
9_dorey2020,deep,hard,63.36,pertusa,3.2156862746666664e-7,41.42251694288889,7,hermatypic coral,r,dorey2020,3.2156862746666664e-7
9_dorey2020,deep,hard,63.36,pertusa,1.4901960783333332e-07,41.720359955241136,5,hermatypic coral,r,dorey2020,1.4901960783333332e-07
10_dorey2020,deep,hard,63.36,pertusa,6.274509803333333e-7,40.27249044438772,15,hermatypic coral,r,dorey2020,6.274509803333333e-7
10_dorey2020,deep,hard,63.36,pertusa,4.94117647e-7,40.55396862327563,13,hermatypic coral,r,dorey2020,4.94117647e-7
10_dorey2020,deep,hard,63.36,pertusa,4.31372549e-7,40.839409190745464,11,hermatypic coral,r,dorey2020,4.31372549e-7
10_dorey2020,deep,hard,63.36,pertusa,2.901960784333333e-7,41.12889640811739,9,hermatypic coral,r,dorey2020,2.901960784333333e-7
10_dorey2020,deep,hard,63.36,pertusa,1.6470588236666668e-7,41.42251694288889,7,hermatypic coral,r,dorey2020,1.6470588236666668e-7
10_dorey2020,deep,hard,63.36,pertusa,2.3529411766666667e-8,41.720359955241136,5,hermatypic coral,r,dorey2020,2.3529411766666667e-8
11_dorey2020,deep,hard,69.14,pertusa,1.2243756386666666e-6,40.27249044438772,15,hermatypic coral,r,dorey2020,1.2243756386666666e-6
11_dorey2020,deep,hard,69.14,pertusa,1.2251678113333333e-6,40.55396862327563,13,hermatypic coral,r,dorey2020,1.2251678113333333e-6
11_dorey2020,deep,hard,69.14,pertusa,6.555148153333333e-7,41.12889640811739,9,hermatypic coral,r,dorey2020,6.555148153333333e-7
11_dorey2020,deep,hard,69.14,pertusa,6.250080833333332e-7,41.42251694288889,7,hermatypic coral,r,dorey2020,6.250080833333332e-7
11_dorey2020,deep,hard,69.14,pertusa,5.318873756666666e-7,41.720359955241136,5,hermatypic coral,r,dorey2020,5.318873756666666e-7
12_dorey2020,deep,hard,69.14,pertusa,1.020932759e-6,40.27249044438772,15,hermatypic coral,r,dorey2020,1.020932759e-6
12_dorey2020,deep,hard,69.14,pertusa,8.182820523333334e-7,40.55396862327563,13,hermatypic coral,r,dorey2020,8.182820523333334e-7
12_dorey2020,deep,hard,69.14,pertusa,5.068611853333334e-7,41.12889640811739,9,hermatypic coral,r,dorey2020,5.068611853333334e-7
12_dorey2020,deep,hard,69.14,pertusa,4.3721465599999993e-7,41.42251694288889,7,hermatypic coral,r,dorey2020,4.3721465599999993e-7
12_dorey2020,deep,hard,69.14,pertusa,3.0498648456666667e-7,41.720359955241136,5,hermatypic coral,r,dorey2020,3.0498648456666667e-7
13_dorey2020,deep,hard,69.14,pertusa,9.348688549999999e-7,40.27249044438772,15,hermatypic coral,r,dorey2020,9.348688549999999e-7
13_dorey2020,deep,hard,69.14,pertusa,8.026406833333333e-7,40.55396862327563,13,hermatypic coral,r,dorey2020,8.026406833333333e-7
13_dorey2020,deep,hard,69.14,pertusa,4.285977573333334e-7,41.12889640811739,9,hermatypic coral,r,dorey2020,4.285977573333334e-7
13_dorey2020,deep,hard,69.14,pertusa,3.5114266866666665e-7,41.42251694288889,7,hermatypic coral,r,dorey2020,3.5114266866666665e-7
13_dorey2020,deep,hard,69.14,pertusa,2.5019723483333333e-7,41.720359955241136,5,hermatypic coral,r,dorey2020,2.5019723483333333e-7
14_dorey2020,deep,hard,69.14,pertusa,6.375211783333333e-7,40.27249044438772,15,hermatypic coral,r,dorey2020,6.375211783333333e-7
14_dorey2020,deep,hard,69.14,pertusa,5.365757446666667e-7,40.55396862327563,13,hermatypic coral,r,dorey2020,5.365757446666667e-7
14_dorey2020,deep,hard,69.14,pertusa,4.1998085866666667e-7,40.839409190745464,11,hermatypic coral,r,dorey2020,4.1998085866666667e-7
14_dorey2020,deep,hard,69.14,pertusa,3.347010436666666e-7,41.12889640811739,9,hermatypic coral,r,dorey2020,3.347010436666666e-7
14_dorey2020,deep,hard,69.14,pertusa,3.824415733333333e-7,41.42251694288889,7,hermatypic coral,r,dorey2020,3.824415733333333e-7
14_dorey2020,deep,hard,69.14,pertusa,1.4063490216666665e-7,41.720359955241136,5,hermatypic coral,r,dorey2020,1.4063490216666665e-7
15_dorey2020,deep,hard,69.14,pertusa,5.827480956666667e-7,40.27249044438772,15,hermatypic coral,r,dorey2020,5.827480956666667e-7
15_dorey2020,deep,hard,69.14,pertusa,4.818026616666666e-7,40.55396862327563,13,hermatypic coral,r,dorey2020,4.818026616666666e-7
15_dorey2020,deep,hard,69.14,pertusa,4.043314063333333e-7,40.839409190745464,11,hermatypic coral,r,dorey2020,4.043314063333333e-7
15_dorey2020,deep,hard,69.14,pertusa,2.9557741306666667e-7,41.12889640811739,9,hermatypic coral,r,dorey2020,2.9557741306666667e-7
15_dorey2020,deep,hard,69.14,pertusa,2.7291157413333333e-7,41.42251694288889,7,hermatypic coral,r,dorey2020,2.7291157413333333e-7
15_dorey2020,deep,hard,69.14,pertusa,1.0935216439999999e-7,41.720359955241136,5,hermatypic coral,r,dorey2020,1.0935216439999999e-7
16_dorey2020,deep,hard,68.54,pertusa,1.1267605633333334e-6,40.27249044438772,15,hermatypic coral,r,dorey2020,1.1267605633333334e-6
16_dorey2020,deep,hard,68.54,pertusa,8.13771518e-7,40.55396862327563,13,hermatypic coral,r,dorey2020,8.13771518e-7
16_dorey2020,deep,hard,68.54,pertusa,6.338028169999999e-7,40.839409190745464,11,hermatypic coral,r,dorey2020,6.338028169999999e-7
16_dorey2020,deep,hard,68.54,pertusa,5.007824726666666e-7,41.12889640811739,9,hermatypic coral,r,dorey2020,5.007824726666666e-7
16_dorey2020,deep,hard,68.54,pertusa,3.2863849766666666e-7,41.42251694288889,7,hermatypic coral,r,dorey2020,3.2863849766666666e-7
16_dorey2020,deep,hard,68.54,pertusa,2.2691705789999997e-7,41.720359955241136,5,hermatypic coral,r,dorey2020,2.2691705789999997e-7
17_dorey2020,deep,hard,68.54,pertusa,8.920187793333332e-7,40.27249044438772,15,hermatypic coral,r,dorey2020,8.920187793333332e-7
18_dorey2020,deep,hard,68.54,pertusa,8.450704226666666e-7,40.27249044438772,15,hermatypic coral,r,dorey2020,8.450704226666666e-7
19_dorey2020,deep,hard,68.54,pertusa,7.51173709e-7,40.27249044438772,15,hermatypic coral,r,dorey2020,7.51173709e-7
20_dorey2020,deep,hard,68.54,pertusa,5.477308293333333e-7,40.27249044438772,15,hermatypic coral,r,dorey2020,5.477308293333333e-7
17_dorey2020,deep,hard,68.54,pertusa,3.9123630666666665e-7,40.55396862327563,13,hermatypic coral,r,dorey2020,3.9123630666666665e-7
18_dorey2020,deep,hard,68.54,pertusa,5.946791863333334e-7,40.55396862327563,13,hermatypic coral,r,dorey2020,5.946791863333334e-7
19_dorey2020,deep,hard,68.54,pertusa,7.58998435e-7,40.55396862327563,13,hermatypic coral,r,dorey2020,7.58998435e-7
20_dorey2020,deep,hard,68.54,pertusa,8.607198746666668e-7,40.55396862327563,13,hermatypic coral,r,dorey2020,8.607198746666668e-7
17_dorey2020,deep,hard,68.54,pertusa,7.433489826666666e-7,40.839409190745464,11,hermatypic coral,r,dorey2020,7.433489826666666e-7
18_dorey2020,deep,hard,68.54,pertusa,6.807511736666666e-7,40.839409190745464,11,hermatypic coral,r,dorey2020,6.807511736666666e-7
19_dorey2020,deep,hard,68.54,pertusa,4.890453833333333e-7,40.839409190745464,11,hermatypic coral,r,dorey2020,4.890453833333333e-7
20_dorey2020,deep,hard,68.54,pertusa,3.3646322366666663e-7,40.839409190745464,11,hermatypic coral,r,dorey2020,3.3646322366666663e-7
17_dorey2020,deep,hard,68.54,pertusa,2.503912363e-7,41.12889640811739,9,hermatypic coral,r,dorey2020,2.503912363e-7
18_dorey2020,deep,hard,68.54,pertusa,3.52112676e-7,41.12889640811739,9,hermatypic coral,r,dorey2020,3.52112676e-7
19_dorey2020,deep,hard,68.54,pertusa,5.320813770000001e-7,41.12889640811739,9,hermatypic coral,r,dorey2020,5.320813770000001e-7
20_dorey2020,deep,hard,68.54,pertusa,6.025039123333334e-7,41.12889640811739,9,hermatypic coral,r,dorey2020,6.025039123333334e-7
17_dorey2020,deep,hard,68.54,pertusa,1.877934272333333e-7,41.42251694288889,7,hermatypic coral,r,dorey2020,1.877934272333333e-7
18_dorey2020,deep,hard,68.54,pertusa,2.6604068856666666e-7,41.42251694288889,7,hermatypic coral,r,dorey2020,2.6604068856666666e-7
19_dorey2020,deep,hard,68.54,pertusa,3.6776212833333335e-7,41.42251694288889,7,hermatypic coral,r,dorey2020,3.6776212833333335e-7
20_dorey2020,deep,hard,68.54,pertusa,3.9123630666666665e-7,41.42251694288889,7,hermatypic coral,r,dorey2020,3.9123630666666665e-7
17_dorey2020,deep,hard,68.54,pertusa,2.8169014083333336e-7,41.720359955241136,5,hermatypic coral,r,dorey2020,2.8169014083333336e-7
18_dorey2020,deep,hard,68.54,pertusa,1.877934272333333e-7,41.720359955241136,5,hermatypic coral,r,dorey2020,1.877934272333333e-7
19_dorey2020,deep,hard,68.54,pertusa,2.1126760563333334e-7,41.720359955241136,5,hermatypic coral,r,dorey2020,2.1126760563333334e-7
20_dorey2020,deep,hard,68.54,pertusa,1.0172143973333332e-7,41.720359955241136,5,hermatypic coral,r,dorey2020,1.0172143973333332e-7
1_godefroid2023,deep,hard,-17.28,speciosa,6.483957196969696e-12,39.18459605453426,23,hermatypic coral,r,godefroid2023,6.483957196969696e-12
1_godefroid2023,deep,hard,-17.28,speciosa,6.3502673484848485e-12,39.052727987717724,24,hermatypic coral,r,godefroid2023,6.3502673484848485e-12
1_godefroid2023,deep,hard,-17.28,speciosa,8.355615e-12,38.92174449622782,25,hermatypic coral,r,godefroid2023,8.355615e-12
1_godefroid2023,deep,hard,-17.28,speciosa,9.692513333333333e-12,38.79163670917708,26,hermatypic coral,r,godefroid2023,9.692513333333333e-12
1_godefroid2023,deep,hard,-17.28,speciosa,9.95989303030303e-12,38.66239587389746,27,hermatypic coral,r,godefroid2023,9.95989303030303e-12
1_godefroid2023,deep,hard,-17.28,speciosa,9.425133712121211e-12,38.53401335397749,28,hermatypic coral,r,godefroid2023,9.425133712121211e-12
1_godefroid2023,deep,hard,-17.28,speciosa,1.0026737954545453e-11,38.40648062733848,29,hermatypic coral,r,godefroid2023,1.0026737954545453e-11
1_godefroid2023,deep,hard,-17.28,speciosa,1.0895721893939393e-11,38.27978928434875,30,hermatypic coral,r,godefroid2023,1.0895721893939393e-11
1_godefroid2023,deep,hard,-17.28,speciosa,1.1697860984848484e-11,38.15393102597508,31,hermatypic coral,r,godefroid2023,1.1697860984848484e-11
1_godefroid2023,deep,hard,-17.28,speciosa,1.2767379696969694e-11,38.028897661970575,32,hermatypic coral,r,godefroid2023,1.2767379696969694e-11
2_godefroid2023,deep,hard,-17.28,speciosa,2.212389393939394e-12,39.18459605453426,23,hermatypic coral,r,godefroid2023,2.212389393939394e-12
2_godefroid2023,deep,hard,-17.28,speciosa,2.1453472727272728e-12,39.052727987717724,24,hermatypic coral,r,godefroid2023,2.1453472727272728e-12
2_godefroid2023,deep,hard,-17.28,speciosa,2.815768333333333e-12,38.92174449622782,25,hermatypic coral,r,godefroid2023,2.815768333333333e-12
2_godefroid2023,deep,hard,-17.28,speciosa,3.218020909090909e-12,38.79163670917708,26,hermatypic coral,r,godefroid2023,3.218020909090909e-12
2_godefroid2023,deep,hard,-17.28,speciosa,3.218020909090909e-12,38.66239587389746,27,hermatypic coral,r,godefroid2023,3.218020909090909e-12
2_godefroid2023,deep,hard,-17.28,speciosa,3.6202735606060604e-12,38.53401335397749,28,hermatypic coral,r,godefroid2023,3.6202735606060604e-12
2_godefroid2023,deep,hard,-17.28,speciosa,4.2906945454545456e-12,38.40648062733848,29,hermatypic coral,r,godefroid2023,4.2906945454545456e-12
2_godefroid2023,deep,hard,-17.28,speciosa,4.692947196969697e-12,38.27978928434875,30,hermatypic coral,r,godefroid2023,4.692947196969697e-12
2_godefroid2023,deep,hard,-17.28,speciosa,5.095199772727271e-12,38.15393102597508,31,hermatypic coral,r,godefroid2023,5.095199772727271e-12
2_godefroid2023,deep,hard,-17.28,speciosa,5.832662878787878e-12,38.028897661970575,32,hermatypic coral,r,godefroid2023,5.832662878787878e-12
1_castrillon-cifuentes2023,shallow,hard,2.58,spp,3.13892145625e-5,39.052727987717724,24,hermatypic coral,r,castrillon-cifuentes2023,3.13892145625e-5
1_castrillon-cifuentes2023,shallow,hard,2.58,spp,5.6711606125000004e-5,38.53401335397749,28,hermatypic coral,r,castrillon-cifuentes2023,5.6711606125000004e-5
1_castrillon-cifuentes2023,shallow,hard,2.58,spp,7.2010551e-5,38.028897661970575,32,hermatypic coral,r,castrillon-cifuentes2023,7.2010551e-5
13_banc-prandi2022,shallow,hard,29.50232,pistillata,7.969303424242423e-10,39.31735768778696,22,hermatypic coral,r,banc-prandi2022,7.969303424242423e-10
13_banc-prandi2022,shallow,hard,29.50232,pistillata,7.674144037878788e-10,39.052727987717724,24,hermatypic coral,r,banc-prandi2022,7.674144037878788e-10
13_banc-prandi2022,shallow,hard,29.50232,pistillata,9.445100356060607e-10,38.79163670917708,26,hermatypic coral,r,banc-prandi2022,9.445100356060607e-10
13_banc-prandi2022,shallow,hard,29.50232,pistillata,1.1707988977272727e-9,38.53401335397749,28,hermatypic coral,r,banc-prandi2022,1.1707988977272727e-9
13_banc-prandi2022,shallow,hard,29.50232,pistillata,1.0920897287878786e-9,38.27978928434875,30,hermatypic coral,r,banc-prandi2022,1.0920897287878786e-9
13_banc-prandi2022,shallow,hard,29.50232,pistillata,1.111767021212121e-9,38.028897661970575,32,hermatypic coral,r,banc-prandi2022,1.111767021212121e-9
13_banc-prandi2022,shallow,hard,29.50232,pistillata,9.838646204545455e-10,37.781273389387344,34,hermatypic coral,r,banc-prandi2022,9.838646204545455e-10
14_banc-prandi2022,shallow,hard,11.71444,pistillata,8.953168045454544e-10,38.53401335397749,28,hermatypic coral,r,banc-prandi2022,8.953168045454544e-10
14_banc-prandi2022,shallow,hard,11.71444,pistillata,1.1314443136363635e-9,38.27978928434875,30,hermatypic coral,r,banc-prandi2022,1.1314443136363635e-9
14_banc-prandi2022,shallow,hard,11.71444,pistillata,9.149940969696971e-10,38.028897661970575,32,hermatypic coral,r,banc-prandi2022,9.149940969696971e-10
14_banc-prandi2022,shallow,hard,11.71444,pistillata,1.1314443136363635e-9,37.781273389387344,34,hermatypic coral,r,banc-prandi2022,1.1314443136363635e-9
15_banc-prandi2022,shallow,hard,29.50232,hystrix,2.94527675e-10,39.31735768778696,22,hermatypic coral,r,banc-prandi2022,2.94527675e-10
15_banc-prandi2022,shallow,hard,29.50232,hystrix,7.844461053030303e-10,39.052727987717724,24,hermatypic coral,r,banc-prandi2022,7.844461053030303e-10
15_banc-prandi2022,shallow,hard,29.50232,hystrix,5.444087271212121e-10,38.79163670917708,26,hermatypic coral,r,banc-prandi2022,5.444087271212121e-10
15_banc-prandi2022,shallow,hard,29.50232,hystrix,8.962685969696968e-10,38.53401335397749,28,hermatypic coral,r,banc-prandi2022,8.962685969696968e-10
15_banc-prandi2022,shallow,hard,29.50232,hystrix,5.378600066666666e-10,38.27978928434875,30,hermatypic coral,r,banc-prandi2022,5.378600066666666e-10
15_banc-prandi2022,shallow,hard,29.50232,hystrix,1.0968694977272727e-9,38.028897661970575,32,hermatypic coral,r,banc-prandi2022,1.0968694977272727e-9
15_banc-prandi2022,shallow,hard,29.50232,hystrix,1.636109265909091e-9,37.781273389387344,34,hermatypic coral,r,banc-prandi2022,1.636109265909091e-9
16_banc-prandi2022,shallow,hard,11.71444,hystrix,1.1428752886363636e-9,38.53401335397749,28,hermatypic coral,r,banc-prandi2022,1.1428752886363636e-9
16_banc-prandi2022,shallow,hard,11.71444,hystrix,2.2443783143939393e-9,38.27978928434875,30,hermatypic coral,r,banc-prandi2022,2.2443783143939393e-9
16_banc-prandi2022,shallow,hard,11.71444,hystrix,1.6590915681818182e-9,38.028897661970575,32,hermatypic coral,r,banc-prandi2022,1.6590915681818182e-9
16_banc-prandi2022,shallow,hard,11.71444,hystrix,1.4585524477272727e-9,37.781273389387344,34,hermatypic coral,r,banc-prandi2022,1.4585524477272727e-9
17_banc-prandi2022,shallow,hard,29.50232,lobata,7.087383266666666e-10,39.31735768778696,22,hermatypic coral,r,banc-prandi2022,7.087383266666666e-10
17_banc-prandi2022,shallow,hard,29.50232,lobata,1.1986429416666665e-9,39.052727987717724,24,hermatypic coral,r,banc-prandi2022,1.1986429416666665e-9
17_banc-prandi2022,shallow,hard,29.50232,lobata,1.5504891681818183e-9,38.79163670917708,26,hermatypic coral,r,banc-prandi2022,1.5504891681818183e-9
17_banc-prandi2022,shallow,hard,29.50232,lobata,2.0009780719696967e-9,38.53401335397749,28,hermatypic coral,r,banc-prandi2022,2.0009780719696967e-9
17_banc-prandi2022,shallow,hard,29.50232,lobata,2.1949546568181818e-9,38.27978928434875,30,hermatypic coral,r,banc-prandi2022,2.1949546568181818e-9
17_banc-prandi2022,shallow,hard,29.50232,lobata,1.9549861825757573e-9,38.028897661970575,32,hermatypic coral,r,banc-prandi2022,1.9549861825757573e-9
17_banc-prandi2022,shallow,hard,29.50232,lobata,1.5768352416666664e-9,37.781273389387344,34,hermatypic coral,r,banc-prandi2022,1.5768352416666664e-9
18_banc-prandi2022,shallow,hard,11.71444,lobata,1.7839641833333333e-9,38.53401335397749,28,hermatypic coral,r,banc-prandi2022,1.7839641833333333e-9
18_banc-prandi2022,shallow,hard,11.71444,lobata,1.820112484848485e-9,38.27978928434875,30,hermatypic coral,r,banc-prandi2022,1.820112484848485e-9
18_banc-prandi2022,shallow,hard,11.71444,lobata,2.053546140151515e-9,38.028897661970575,32,hermatypic coral,r,banc-prandi2022,2.053546140151515e-9
18_banc-prandi2022,shallow,hard,11.71444,lobata,1.9319488780303027e-9,37.781273389387344,34,hermatypic coral,r,banc-prandi2022,1.9319488780303027e-9
19_banc-prandi2022,shallow,hard,29.50232,muricata,7.570562375e-10,39.31735768778696,22,hermatypic coral,r,banc-prandi2022,7.570562375e-10
19_banc-prandi2022,shallow,hard,29.50232,muricata,1.113628446969697e-9,39.052727987717724,24,hermatypic coral,r,banc-prandi2022,1.113628446969697e-9
19_banc-prandi2022,shallow,hard,29.50232,muricata,1.2248304878787879e-9,38.79163670917708,26,hermatypic coral,r,banc-prandi2022,1.2248304878787879e-9
19_banc-prandi2022,shallow,hard,29.50232,muricata,1.7187869022727272e-9,38.53401335397749,28,hermatypic coral,r,banc-prandi2022,1.7187869022727272e-9
19_banc-prandi2022,shallow,hard,29.50232,muricata,1.486528431060606e-9,38.27978928434875,30,hermatypic coral,r,banc-prandi2022,1.486528431060606e-9
19_banc-prandi2022,shallow,hard,29.50232,muricata,1.3033769795454546e-9,38.028897661970575,32,hermatypic coral,r,banc-prandi2022,1.3033769795454546e-9
19_banc-prandi2022,shallow,hard,29.50232,muricata,1.4145790204545455e-9,37.781273389387344,34,hermatypic coral,r,banc-prandi2022,1.4145790204545455e-9
20_banc-prandi2022,shallow,hard,11.71444,muricata,1.326260603030303e-9,38.53401335397749,28,hermatypic coral,r,banc-prandi2022,1.326260603030303e-9
20_banc-prandi2022,shallow,hard,11.71444,muricata,2.2912485765151516e-9,38.27978928434875,30,hermatypic coral,r,banc-prandi2022,2.2912485765151516e-9
20_banc-prandi2022,shallow,hard,11.71444,muricata,1.9804848462121213e-9,38.028897661970575,32,hermatypic coral,r,banc-prandi2022,1.9804848462121213e-9
20_banc-prandi2022,shallow,hard,11.71444,muricata,1.924863209848485e-9,37.781273389387344,34,hermatypic coral,r,banc-prandi2022,1.924863209848485e-9
21_banc-prandi2022,shallow,hard,29.50232,dichotoma,5.804801259090909e-10,39.31735768778696,22,hermatypic coral,r,banc-prandi2022,5.804801259090909e-10
21_banc-prandi2022,shallow,hard,29.50232,dichotoma,6.395120031818181e-10,39.052727987717724,24,hermatypic coral,r,banc-prandi2022,6.395120031818181e-10
21_banc-prandi2022,shallow,hard,29.50232,dichotoma,5.90318772121212e-10,38.79163670917708,26,hermatypic coral,r,banc-prandi2022,5.90318772121212e-10
21_banc-prandi2022,shallow,hard,29.50232,dichotoma,9.346713893939393e-10,38.53401335397749,28,hermatypic coral,r,banc-prandi2022,9.346713893939393e-10
21_banc-prandi2022,shallow,hard,29.50232,dichotoma,9.445100356060607e-10,38.27978928434875,30,hermatypic coral,r,banc-prandi2022,9.445100356060607e-10
21_banc-prandi2022,shallow,hard,29.50232,dichotoma,1.0920897287878786e-9,38.028897661970575,32,hermatypic coral,r,banc-prandi2022,1.0920897287878786e-9
21_banc-prandi2022,shallow,hard,29.50232,dichotoma,8.953168045454544e-10,37.781273389387344,34,hermatypic coral,r,banc-prandi2022,8.953168045454544e-10
22_banc-prandi2022,shallow,hard,11.71444,dichotoma,1.2396694212121211e-9,38.53401335397749,28,hermatypic coral,r,banc-prandi2022,1.2396694212121211e-9
22_banc-prandi2022,shallow,hard,11.71444,dichotoma,9.543486818181819e-10,38.27978928434875,30,hermatypic coral,r,banc-prandi2022,9.543486818181819e-10
22_banc-prandi2022,shallow,hard,11.71444,dichotoma,9.051554507575757e-10,38.028897661970575,32,hermatypic coral,r,banc-prandi2022,9.051554507575757e-10
22_banc-prandi2022,shallow,hard,11.71444,dichotoma,1.0920897287878786e-9,37.781273389387344,34,hermatypic coral,r,banc-prandi2022,1.0920897287878786e-9
23_banc-prandi2022,shallow,hard,29.50232,verrucosa,6.935535442424242e-10,39.31735768778696,22,hermatypic coral,r,banc-prandi2022,6.935535442424242e-10
23_banc-prandi2022,shallow,hard,29.50232,verrucosa,8.551007227272727e-10,39.052727987717724,24,hermatypic coral,r,banc-prandi2022,8.551007227272727e-10
23_banc-prandi2022,shallow,hard,29.50232,verrucosa,1.1550643674242423e-9,38.79163670917708,26,hermatypic coral,r,banc-prandi2022,1.1550643674242423e-9
23_banc-prandi2022,shallow,hard,29.50232,verrucosa,1.1385949734848483e-9,38.53401335397749,28,hermatypic coral,r,banc-prandi2022,1.1385949734848483e-9
23_banc-prandi2022,shallow,hard,29.50232,verrucosa,1.3001421515151516e-9,38.27978928434875,30,hermatypic coral,r,banc-prandi2022,1.3001421515151516e-9
23_banc-prandi2022,shallow,hard,29.50232,verrucosa,1.501289434848485e-9,38.028897661970575,32,hermatypic coral,r,banc-prandi2022,1.501289434848485e-9
23_banc-prandi2022,shallow,hard,29.50232,verrucosa,1.306762603030303e-9,37.781273389387344,34,hermatypic coral,r,banc-prandi2022,1.306762603030303e-9
24_banc-prandi2022,shallow,hard,11.71444,verrucosa,1.2770931742424243e-9,38.53401335397749,28,hermatypic coral,r,banc-prandi2022,1.2770931742424243e-9
24_banc-prandi2022,shallow,hard,11.71444,verrucosa,1.003447865151515e-9,38.27978928434875,30,hermatypic coral,r,banc-prandi2022,1.003447865151515e-9
24_banc-prandi2022,shallow,hard,11.71444,verrucosa,6.309044615151515e-10,38.028897661970575,32,hermatypic coral,r,banc-prandi2022,6.309044615151515e-10
24_banc-prandi2022,shallow,hard,11.71444,verrucosa,2.9800202962121213e-10,37.781273389387344,34,hermatypic coral,r,banc-prandi2022,2.9800202962121213e-10
2_hill2014,shallow,hard,-23.27,damicornis,-2.1821715681818183e-11,38.79163670917708,26,hermatypic coral,r,hill2014,2.1821715681818183e-11
2_hill2014,shallow,hard,-23.27,damicornis,-1.7227670303030303e-11,38.27978928434875,30,hermatypic coral,r,hill2014,1.7227670303030303e-11
2_hill2014,shallow,hard,-23.27,damicornis,-2.570898492424242e-11,38.15393102597508,31,hermatypic coral,r,hill2014,2.570898492424242e-11
4_jurriaans2019,shallow,hard,-23.26,spp,2.8614179166666667e-11,39.31735768778696,22,hermatypic coral,r,jurriaans2019,2.8614179166666667e-11
4_jurriaans2019,shallow,hard,-23.26,spp,2.969681901515151e-11,39.18459605453426,23,hermatypic coral,r,jurriaans2019,2.969681901515151e-11
4_jurriaans2019,shallow,hard,-23.26,spp,3.353587825757575e-11,39.05272798771773,24,hermatypic coral,r,jurriaans2019,3.353587825757575e-11
4_jurriaans2019,shallow,hard,-23.26,spp,3.5170304318181815e-11,38.92174449622782,25,hermatypic coral,r,jurriaans2019,3.5170304318181815e-11
4_jurriaans2019,shallow,hard,-23.26,spp,3.4049985606060597e-11,38.79163670917708,26,hermatypic coral,r,jurriaans2019,3.4049985606060597e-11
4_jurriaans2019,shallow,hard,-23.26,spp,3.899010553030303e-11,38.66239587389746,27,hermatypic coral,r,jurriaans2019,3.899010553030303e-11
4_jurriaans2019,shallow,hard,-23.26,spp,4.0073582651515145e-11,38.53401335397749,28,hermatypic coral,r,jurriaans2019,4.0073582651515145e-11
4_jurriaans2019,shallow,hard,-23.26,spp,4.0073582651515145e-11,38.53401335397749,28,hermatypic coral,r,jurriaans2019,4.0073582651515145e-11
4_jurriaans2019,shallow,hard,-23.26,spp,3.6749468106060606e-11,38.40648062733848,29,hermatypic coral,r,jurriaans2019,3.6749468106060606e-11
4_jurriaans2019,shallow,hard,-23.26,spp,3.948579212121212e-11,38.27978928434875,30,hermatypic coral,r,jurriaans2019,3.948579212121212e-11
4_jurriaans2019,shallow,hard,-23.26,spp,3.8365473409090906e-11,38.15393102597508,31,hermatypic coral,r,jurriaans2019,3.8365473409090906e-11
4_jurriaans2019,shallow,hard,-23.26,spp,3.669420575757576e-11,38.028897661970575,32,hermatypic coral,r,jurriaans2019,3.669420575757576e-11
4_jurriaans2019,shallow,hard,-18.37,spp,3.447198909090909e-11,37.9046811090979,33,hermatypic coral,r,jurriaans2019,3.447198909090909e-11
5_jurriaans2019,shallow,hard,-18.37,spp,9.174311893939392e-12,39.18459605453426,23,hermatypic coral,r,jurriaans2019,9.174311893939392e-12
5_jurriaans2019,shallow,hard,-18.37,spp,9.452321363636364e-12,39.05272798771773,24,hermatypic coral,r,jurriaans2019,9.452321363636364e-12
5_jurriaans2019,shallow,hard,-18.37,spp,9.313316666666663e-12,38.92174449622782,25,hermatypic coral,r,jurriaans2019,9.313316666666663e-12
5_jurriaans2019,shallow,hard,-18.37,spp,9.730330833333332e-12,38.79163670917708,26,hermatypic coral,r,jurriaans2019,9.730330833333332e-12
5_jurriaans2019,shallow,hard,-18.37,spp,9.730330833333332e-12,38.66239587389746,27,hermatypic coral,r,jurriaans2019,9.730330833333332e-12
5_jurriaans2019,shallow,hard,-18.37,spp,1.3622463181818183e-11,38.53401335397749,28,hermatypic coral,r,jurriaans2019,1.3622463181818183e-11
5_jurriaans2019,shallow,hard,-18.37,spp,1.862663333333333e-11,38.40648062733848,29,hermatypic coral,r,jurriaans2019,1.862663333333333e-11
5_jurriaans2019,shallow,hard,-18.37,spp,9.452321363636364e-12,38.40648062733848,29,hermatypic coral,r,jurriaans2019,9.452321363636364e-12
5_jurriaans2019,shallow,hard,-18.37,spp,1.9182652196969696e-11,38.27978928434875,30,hermatypic coral,r,jurriaans2019,1.9182652196969696e-11
5_jurriaans2019,shallow,hard,-18.37,spp,2.001668053030303e-11,38.15393102597508,31,hermatypic coral,r,jurriaans2019,2.001668053030303e-11
5_jurriaans2019,shallow,hard,-18.37,spp,2.1684737272727268e-11,38.028897661970575,32,hermatypic coral,r,jurriaans2019,2.1684737272727268e-11
5_jurriaans2019,shallow,hard,-18.37,spp,2.3630803484848483e-11,37.9046811090979,33,hermatypic coral,r,jurriaans2019,2.3630803484848483e-11
5_jurriaans2019,shallow,hard,-18.37,spp,1.959966636363636e-11,37.781273389387344,34,hermatypic coral,r,jurriaans2019,1.959966636363636e-11
6_jurriaans2019,shallow,hard,-14.4,spp,9.05417818181818e-12,39.31735768778696,22,hermatypic coral,r,jurriaans2019,9.05417818181818e-12
6_jurriaans2019,shallow,hard,-14.4,spp,8.209366363636362e-12,39.18459605453426,23,hermatypic coral,r,jurriaans2019,8.209366363636362e-12
6_jurriaans2019,shallow,hard,-14.4,spp,1.149678606060606e-11,39.05272798771773,24,hermatypic coral,r,jurriaans2019,1.149678606060606e-11
6_jurriaans2019,shallow,hard,-14.4,spp,1.285583106060606e-11,38.92174449622782,25,hermatypic coral,r,jurriaans2019,1.285583106060606e-11
6_jurriaans2019,shallow,hard,-14.4,spp,1.586776856060606e-11,38.79163670917708,26,hermatypic coral,r,jurriaans2019,1.586776856060606e-11
6_jurriaans2019,shallow,hard,-14.4,spp,1.1717171742424242e-11,38.66239587389746,27,hermatypic coral,r,jurriaans2019,1.1717171742424242e-11
6_jurriaans2019,shallow,hard,-14.4,spp,1.4178145075757576e-11,38.53401335397749,28,hermatypic coral,r,jurriaans2019,1.4178145075757576e-11
6_jurriaans2019,shallow,hard,-14.4,spp,1.498622590909091e-11,38.40648062733848,29,hermatypic coral,r,jurriaans2019,1.498622590909091e-11
6_jurriaans2019,shallow,hard,-14.4,spp,1.6622422575757578e-11,38.27978928434875,30,hermatypic coral,r,jurriaans2019,1.6622422575757578e-11
6_jurriaans2019,shallow,hard,-14.4,spp,1.3865932045454546e-11,38.27978928434875,30,hermatypic coral,r,jurriaans2019,1.3865932045454546e-11
6_jurriaans2019,shallow,hard,-14.4,spp,1.8530762196969695e-11,38.15393102597508,31,hermatypic coral,r,jurriaans2019,1.8530762196969695e-11
6_jurriaans2019,shallow,hard,-14.4,spp,1.6584022045454545e-11,38.028897661970575,32,hermatypic coral,r,jurriaans2019,1.6584022045454545e-11
6_jurriaans2019,shallow,hard,-14.4,spp,1.5739210303030304e-11,37.9046811090979,33,hermatypic coral,r,jurriaans2019,1.5739210303030304e-11
6_jurriaans2019,shallow,hard,-14.4,spp,1.682277318181818e-11,37.781273389387344,34,hermatypic coral,r,jurriaans2019,1.682277318181818e-11
10_jurriaans2019,shallow,hard,-23.26,cylindrica,3.1781232196969694e-11,39.31735768778696,22,hermatypic coral,r,jurriaans2019,3.1781232196969694e-11
10_jurriaans2019,shallow,hard,-23.26,cylindrica,3.5515226136363626e-11,39.18459605453426,23,hermatypic coral,r,jurriaans2019,3.5515226136363626e-11
10_jurriaans2019,shallow,hard,-23.26,cylindrica,3.8195375075757576e-11,39.05272798771773,24,hermatypic coral,r,jurriaans2019,3.8195375075757576e-11
10_jurriaans2019,shallow,hard,-23.26,cylindrica,4.0342096287878784e-11,38.92174449622782,25,hermatypic coral,r,jurriaans2019,4.0342096287878784e-11
10_jurriaans2019,shallow,hard,-23.26,cylindrica,4.249207015151515e-11,38.79163670917708,26,hermatypic coral,r,jurriaans2019,4.249207015151515e-11
10_jurriaans2019,shallow,hard,-23.26,cylindrica,4.4642044015151517e-11,38.66239587389746,27,hermatypic coral,r,jurriaans2019,4.4642044015151517e-11
10_jurriaans2019,shallow,hard,-23.26,cylindrica,5.2077505757575746e-11,38.53401335397749,28,hermatypic coral,r,jurriaans2019,5.2077505757575746e-11
10_jurriaans2019,shallow,hard,-23.26,cylindrica,4.573492022727272e-11,38.53401335397749,28,hermatypic coral,r,jurriaans2019,4.573492022727272e-11
10_jurriaans2019,shallow,hard,-23.26,cylindrica,5.6338422121212116e-11,38.40648062733848,29,hermatypic coral,r,jurriaans2019,5.6338422121212116e-11
10_jurriaans2019,shallow,hard,-23.26,cylindrica,6.800227424242423e-11,38.27978928434875,30,hermatypic coral,r,jurriaans2019,6.800227424242423e-11
10_jurriaans2019,shallow,hard,-23.26,cylindrica,7.01522481060606e-11,38.15393102597508,31,hermatypic coral,r,jurriaans2019,7.01522481060606e-11
10_jurriaans2019,shallow,hard,-23.26,cylindrica,5.961705098484849e-11,38.028897661970575,32,hermatypic coral,r,jurriaans2019,5.961705098484849e-11
10_jurriaans2019,shallow,hard,-18.37,cylindrica,4.0625073181818175e-11,37.9046811090979,33,hermatypic coral,r,jurriaans2019,4.0625073181818175e-11
11_jurriaans2019,shallow,hard,-18.37,cylindrica,1.0054461666666667e-11,39.18459605453426,23,hermatypic coral,r,jurriaans2019,1.0054461666666667e-11
11_jurriaans2019,shallow,hard,-18.37,cylindrica,1.2149141212121212e-11,39.05272798771773,24,hermatypic coral,r,jurriaans2019,1.2149141212121212e-11
11_jurriaans2019,shallow,hard,-18.37,cylindrica,1.2288786515151514e-11,38.92174449622782,25,hermatypic coral,r,jurriaans2019,1.2288786515151514e-11
11_jurriaans2019,shallow,hard,-18.37,cylindrica,1.3405948863636364e-11,38.79163670917708,26,hermatypic coral,r,jurriaans2019,1.3405948863636364e-11
11_jurriaans2019,shallow,hard,-18.37,cylindrica,1.3405948863636364e-11,38.66239587389746,27,hermatypic coral,r,jurriaans2019,1.3405948863636364e-11
11_jurriaans2019,shallow,hard,-18.37,cylindrica,1.4802401893939393e-11,38.53401335397749,28,hermatypic coral,r,jurriaans2019,1.4802401893939393e-11
11_jurriaans2019,shallow,hard,-18.37,cylindrica,1.564027371212121e-11,38.40648062733848,29,hermatypic coral,r,jurriaans2019,1.564027371212121e-11
11_jurriaans2019,shallow,hard,-18.37,cylindrica,9.495880454545454e-12,38.40648062733848,29,hermatypic coral,r,jurriaans2019,9.495880454545454e-12
11_jurriaans2019,shallow,hard,-18.37,cylindrica,1.4523111287878788e-11,38.27978928434875,30,hermatypic coral,r,jurriaans2019,1.4523111287878788e-11
11_jurriaans2019,shallow,hard,-18.37,cylindrica,1.3964530075757574e-11,38.15393102597508,31,hermatypic coral,r,jurriaans2019,1.3964530075757574e-11
11_jurriaans2019,shallow,hard,-18.37,cylindrica,1.5360983106060605e-11,38.028897661970575,32,hermatypic coral,r,jurriaans2019,1.5360983106060605e-11
11_jurriaans2019,shallow,hard,-18.37,cylindrica,1.6198854924242422e-11,37.9046811090979,33,hermatypic coral,r,jurriaans2019,1.6198854924242422e-11
11_jurriaans2019,shallow,hard,-18.37,cylindrica,1.256807712121212e-11,37.781273389387344,34,hermatypic coral,r,jurriaans2019,1.256807712121212e-11
12_jurriaans2019,shallow,hard,-14.4,cylindrica,1.6835016818181817e-11,39.31735768778696,22,hermatypic coral,r,jurriaans2019,1.6835016818181817e-11
12_jurriaans2019,shallow,hard,-14.4,cylindrica,1.8939393939393934e-11,39.18459605453426,23,hermatypic coral,r,jurriaans2019,1.8939393939393934e-11
12_jurriaans2019,shallow,hard,-14.4,cylindrica,2.2727272727272728e-11,39.05272798771773,24,hermatypic coral,r,jurriaans2019,2.2727272727272728e-11
12_jurriaans2019,shallow,hard,-14.4,cylindrica,2.5252525227272727e-11,38.92174449622782,25,hermatypic coral,r,jurriaans2019,2.5252525227272727e-11
12_jurriaans2019,shallow,hard,-14.4,cylindrica,2.904040401515151e-11,38.79163670917708,26,hermatypic coral,r,jurriaans2019,2.904040401515151e-11
12_jurriaans2019,shallow,hard,-14.4,cylindrica,2.2727272727272728e-11,38.66239587389746,27,hermatypic coral,r,jurriaans2019,2.2727272727272728e-11
12_jurriaans2019,shallow,hard,-14.4,cylindrica,2.904040401515151e-11,38.53401335397749,28,hermatypic coral,r,jurriaans2019,2.904040401515151e-11
12_jurriaans2019,shallow,hard,-14.4,cylindrica,3.009259257575758e-11,38.40648062733848,29,hermatypic coral,r,jurriaans2019,3.009259257575758e-11
12_jurriaans2019,shallow,hard,-14.4,cylindrica,2.8619528636363635e-11,38.27978928434875,30,hermatypic coral,r,jurriaans2019,2.8619528636363635e-11
12_jurriaans2019,shallow,hard,-14.4,cylindrica,2.1885521893939388e-11,38.27978928434875,30,hermatypic coral,r,jurriaans2019,2.1885521893939388e-11
12_jurriaans2019,shallow,hard,-14.4,cylindrica,3.3670033636363634e-11,38.15393102597508,31,hermatypic coral,r,jurriaans2019,3.3670033636363634e-11
12_jurriaans2019,shallow,hard,-14.4,cylindrica,2.946127946969697e-11,38.028897661970575,32,hermatypic coral,r,jurriaans2019,2.946127946969697e-11
12_jurriaans2019,shallow,hard,-14.4,cylindrica,1.9360269393939395e-11,37.9046811090979,33,hermatypic coral,r,jurriaans2019,1.9360269393939395e-11
12_jurriaans2019,shallow,hard,-14.4,cylindrica,1.7255892272727268e-11,37.781273389387344,34,hermatypic coral,r,jurriaans2019,1.7255892272727268e-11
5_jurriaans2021,shallow,hard,42.5,caespitosa,1.818181818181818e-11,40.696188397511214,12,hermatypic coral,r,jurriaans2021,1.818181818181818e-11
5_jurriaans2021,shallow,hard,42.5,caespitosa,2.009569378787879e-11,40.55396862327563,13,hermatypic coral,r,jurriaans2021,2.009569378787879e-11
5_jurriaans2021,shallow,hard,42.5,caespitosa,2.248803825757576e-11,40.41273940989142,14,hermatypic coral,r,jurriaans2021,2.248803825757576e-11
5_jurriaans2021,shallow,hard,42.5,caespitosa,2.5837320606060606e-11,40.27249044438772,15,hermatypic coral,r,jurriaans2021,2.5837320606060606e-11
5_jurriaans2021,shallow,hard,42.5,caespitosa,2.7751196136363635e-11,40.1332115564597,16,hermatypic coral,r,jurriaans2021,2.7751196136363635e-11
5_jurriaans2021,shallow,hard,42.5,caespitosa,2.7751196136363635e-11,39.99489271601007,17,hermatypic coral,r,jurriaans2021,2.7751196136363635e-11
5_jurriaans2021,shallow,hard,42.5,caespitosa,2.679425840909091e-11,39.857524030741274,18,hermatypic coral,r,jurriaans2021,2.679425840909091e-11
5_jurriaans2021,shallow,hard,42.5,caespitosa,2.7751196136363635e-11,39.857524030741274,18,hermatypic coral,r,jurriaans2021,2.7751196136363635e-11
5_jurriaans2021,shallow,hard,42.5,caespitosa,3.636363636363636e-11,39.7210957437971,19,hermatypic coral,r,jurriaans2021,3.636363636363636e-11
5_jurriaans2021,shallow,hard,42.5,caespitosa,3.7320574166666665e-11,39.58559823145258,20,hermatypic coral,r,jurriaans2021,3.7320574166666665e-11
5_jurriaans2021,shallow,hard,42.5,caespitosa,3.9234449772727273e-11,39.451022000851,21,hermatypic coral,r,jurriaans2021,3.9234449772727273e-11
5_jurriaans2021,shallow,hard,42.5,caespitosa,4.7846889924242414e-11,39.31735768778696,22,hermatypic coral,r,jurriaans2021,4.7846889924242414e-11
5_jurriaans2021,shallow,hard,42.5,caespitosa,4.7846889924242414e-11,39.18459605453426,23,hermatypic coral,r,jurriaans2021,4.7846889924242414e-11
6_jurriaans2021,shallow,hard,42.5,singularis,1.2851023333333332e-11,40.55396862327563,13,hermatypic coral,r,jurriaans2021,1.2851023333333332e-11
6_jurriaans2021,shallow,hard,42.5,singularis,1.4754878636363635e-11,40.41273940989142,14,hermatypic coral,r,jurriaans2021,1.4754878636363635e-11
6_jurriaans2021,shallow,hard,42.5,singularis,1.4278914772727269e-11,40.27249044438772,15,hermatypic coral,r,jurriaans2021,1.4278914772727269e-11
6_jurriaans2021,shallow,hard,42.5,singularis,1.761066159090909e-11,40.1332115564597,16,hermatypic coral,r,jurriaans2021,1.761066159090909e-11
6_jurriaans2021,shallow,hard,42.5,singularis,1.999048075757576e-11,39.99489271601007,17,hermatypic coral,r,jurriaans2021,1.999048075757576e-11
6_jurriaans2021,shallow,hard,42.5,singularis,2.189433606060606e-11,39.857524030741274,18,hermatypic coral,r,jurriaans2021,2.189433606060606e-11
6_jurriaans2021,shallow,hard,42.5,singularis,1.999048075757576e-11,39.857524030741274,18,hermatypic coral,r,jurriaans2021,1.999048075757576e-11
6_jurriaans2021,shallow,hard,42.5,singularis,2.379819136363637e-11,39.7210957437971,19,hermatypic coral,r,jurriaans2021,2.379819136363637e-11
6_jurriaans2021,shallow,hard,42.5,singularis,2.950975727272727e-11,39.58559823145258,20,hermatypic coral,r,jurriaans2021,2.950975727272727e-11
6_jurriaans2021,shallow,hard,42.5,singularis,2.950975727272727e-11,39.451022000851,21,hermatypic coral,r,jurriaans2021,2.950975727272727e-11
6_jurriaans2021,shallow,hard,42.5,singularis,2.9033793409090907e-11,39.31735768778696,22,hermatypic coral,r,jurriaans2021,2.9033793409090907e-11
6_jurriaans2021,shallow,hard,42.5,singularis,2.855782962121212e-11,39.18459605453426,23,hermatypic coral,r,jurriaans2021,2.855782962121212e-11
7_jurriaans2021,shallow,hard,42.5,singularis,2.855782962121212e-11,39.31735768778696,22,hermatypic coral,r,jurriaans2021,2.855782962121212e-11
7_jurriaans2021,shallow,hard,-25,intermedia,2.950975727272727e-11,39.18459605453426,23,hermatypic coral,r,jurriaans2021,2.950975727272727e-11
7_jurriaans2021,shallow,hard,-25,intermedia,3.2365540227272724e-11,39.05272798771773,24,hermatypic coral,r,jurriaans2021,3.2365540227272724e-11
7_jurriaans2021,shallow,hard,-25,intermedia,3.522132318181818e-11,38.92174449622782,25,hermatypic coral,r,jurriaans2021,3.522132318181818e-11
7_jurriaans2021,shallow,hard,-25,intermedia,3.426939553030303e-11,38.79163670917708,26,hermatypic coral,r,jurriaans2021,3.426939553030303e-11
7_jurriaans2021,shallow,hard,-25,intermedia,3.9029033787878784e-11,38.66239587389746,27,hermatypic coral,r,jurriaans2021,3.9029033787878784e-11
7_jurriaans2021,shallow,hard,-25,intermedia,3.9504997651515143e-11,38.53401335397749,28,hermatypic coral,r,jurriaans2021,3.9504997651515143e-11
7_jurriaans2021,shallow,hard,-25,intermedia,3.9980961439393934e-11,38.53401335397749,28,hermatypic coral,r,jurriaans2021,3.9980961439393934e-11
7_jurriaans2021,shallow,hard,-25,intermedia,3.6649214696969695e-11,38.40648062733848,29,hermatypic coral,r,jurriaans2021,3.6649214696969695e-11
7_jurriaans2021,shallow,hard,-25,intermedia,3.9029033787878784e-11,38.27978928434875,30,hermatypic coral,r,jurriaans2021,3.9029033787878784e-11
7_jurriaans2021,shallow,hard,-25,intermedia,3.8077106136363634e-11,38.15393102597508,31,hermatypic coral,r,jurriaans2021,3.8077106136363634e-11
7_jurriaans2021,shallow,hard,-25,intermedia,3.712517848484849e-11,38.028897661970575,32,hermatypic coral,r,jurriaans2021,3.712517848484849e-11
7_jurriaans2021,shallow,hard,-25,intermedia,3.522132318181818e-11,37.9046811090979,33,hermatypic coral,r,jurriaans2021,3.522132318181818e-11
8_jurriaans2021,shallow,hard,-25,cylindrica,3.2365540227272724e-11,39.31735768778696,22,hermatypic coral,r,jurriaans2021,3.2365540227272724e-11
8_jurriaans2021,shallow,hard,-25,cylindrica,3.6173250833333335e-11,39.18459605453426,23,hermatypic coral,r,jurriaans2021,3.6173250833333335e-11
8_jurriaans2021,shallow,hard,-25,cylindrica,3.8077106136363634e-11,39.05272798771773,24,hermatypic coral,r,jurriaans2021,3.8077106136363634e-11
8_jurriaans2021,shallow,hard,-25,cylindrica,4.093288909090909e-11,38.92174449622782,25,hermatypic coral,r,jurriaans2021,4.093288909090909e-11
8_jurriaans2021,shallow,hard,-25,cylindrica,4.188481674242424e-11,38.79163670917708,26,hermatypic coral,r,jurriaans2021,4.188481674242424e-11
8_jurriaans2021,shallow,hard,-25,cylindrica,4.4740599696969694e-11,38.66239587389746,27,hermatypic coral,r,jurriaans2021,4.4740599696969694e-11
8_jurriaans2021,shallow,hard,-25,cylindrica,4.569252734848485e-11,38.53401335397749,28,hermatypic coral,r,jurriaans2021,4.569252734848485e-11
8_jurriaans2021,shallow,hard,-25,cylindrica,5.330794856060606e-11,38.53401335397749,28,hermatypic coral,r,jurriaans2021,5.330794856060606e-11
8_jurriaans2021,shallow,hard,-25,cylindrica,5.616373159090909e-11,38.40648062733848,29,hermatypic coral,r,jurriaans2021,5.616373159090909e-11
8_jurriaans2021,shallow,hard,-25,cylindrica,6.806282719696969e-11,38.27978928434875,30,hermatypic coral,r,jurriaans2021,6.806282719696969e-11
8_jurriaans2021,shallow,hard,-25,cylindrica,7.044264636363636e-11,38.15393102597508,31,hermatypic coral,r,jurriaans2021,7.044264636363636e-11
8_jurriaans2021,shallow,hard,-25,cylindrica,5.99714421969697e-11,38.028897661970575,32,hermatypic coral,r,jurriaans2021,5.99714421969697e-11
8_jurriaans2021,shallow,hard,-25,cylindrica,4.093288909090909e-11,37.9046811090979,33,hermatypic coral,r,jurriaans2021,4.093288909090909e-11
5_jurriaans2020,shallow,hard,-18,valenciennesi,1.1623080151515151e-11,39.7210957437971,19,hermatypic coral,r,jurriaans2020,1.1623080151515151e-11
5_jurriaans2020,shallow,hard,-18,valenciennesi,1.4667220151515148e-11,39.58559823145258,20,hermatypic coral,r,jurriaans2020,1.4667220151515148e-11
5_jurriaans2020,shallow,hard,-18,valenciennesi,1.771136015151515e-11,39.451022000851,21,hermatypic coral,r,jurriaans2020,1.771136015151515e-11
5_jurriaans2020,shallow,hard,-18,valenciennesi,1.881832015151515e-11,39.31735768778696,22,hermatypic coral,r,jurriaans2020,1.881832015151515e-11
5_jurriaans2020,shallow,hard,-18,valenciennesi,1.743462015151515e-11,39.18459605453426,23,hermatypic coral,r,jurriaans2020,1.743462015151515e-11
5_jurriaans2020,shallow,hard,-18,valenciennesi,2.2139200227272724e-11,39.05272798771773,24,hermatypic coral,r,jurriaans2020,2.2139200227272724e-11
5_jurriaans2020,shallow,hard,-18,valenciennesi,1.5497440151515148e-11,39.05272798771773,24,hermatypic coral,r,jurriaans2020,1.5497440151515148e-11
5_jurriaans2020,shallow,hard,-18,valenciennesi,2.601356022727273e-11,38.92174449622782,25,hermatypic coral,r,jurriaans2020,2.601356022727273e-11
5_jurriaans2020,shallow,hard,-18,valenciennesi,3.0994880303030296e-11,38.79163670917708,26,hermatypic coral,r,jurriaans2020,3.0994880303030296e-11
5_jurriaans2020,shallow,hard,-18,valenciennesi,2.7674000303030297e-11,38.66239587389746,27,hermatypic coral,r,jurriaans2020,2.7674000303030297e-11
5_jurriaans2020,shallow,hard,-18,valenciennesi,3.0718140303030306e-11,38.53401335397749,28,hermatypic coral,r,jurriaans2020,3.0718140303030306e-11
5_jurriaans2020,shallow,hard,-18,valenciennesi,3.2655320303030295e-11,38.40648062733848,29,hermatypic coral,r,jurriaans2020,3.2655320303030295e-11
5_jurriaans2020,shallow,hard,-18,valenciennesi,3.2932060303030305e-11,38.27978928434875,30,hermatypic coral,r,jurriaans2020,3.2932060303030305e-11
5_jurriaans2020,shallow,hard,-18,valenciennesi,4.2064480454545456e-11,38.15393102597508,31,hermatypic coral,r,jurriaans2020,4.2064480454545456e-11
6_jurriaans2020,shallow,hard,-18,valenciennesi,9.409160075757577e-12,39.18459605453426,23,hermatypic coral,r,jurriaans2020,9.409160075757577e-12
6_jurriaans2020,shallow,hard,-18,valenciennesi,9.409160075757577e-12,39.05272798771773,24,hermatypic coral,r,jurriaans2020,9.409160075757577e-12
6_jurriaans2020,shallow,hard,-18,valenciennesi,9.409160075757577e-12,38.92174449622782,25,hermatypic coral,r,jurriaans2020,9.409160075757577e-12
6_jurriaans2020,shallow,hard,-18,valenciennesi,9.685900075757576e-12,38.79163670917708,26,hermatypic coral,r,jurriaans2020,9.685900075757576e-12
6_jurriaans2020,shallow,hard,-18,valenciennesi,9.962640075757576e-12,38.66239587389746,27,hermatypic coral,r,jurriaans2020,9.962640075757576e-12
6_jurriaans2020,shallow,hard,-18,valenciennesi,1.3837000151515149e-11,38.53401335397749,28,hermatypic coral,r,jurriaans2020,1.3837000151515149e-11
6_jurriaans2020,shallow,hard,-18,valenciennesi,1.8541580151515153e-11,38.40648062733848,29,hermatypic coral,r,jurriaans2020,1.8541580151515153e-11
6_jurriaans2020,shallow,hard,-18,valenciennesi,9.409160075757577e-12,38.40648062733848,29,hermatypic coral,r,jurriaans2020,9.409160075757577e-12
6_jurriaans2020,shallow,hard,-18,valenciennesi,1.9095060227272725e-11,38.27978928434875,30,hermatypic coral,r,jurriaans2020,1.9095060227272725e-11
6_jurriaans2020,shallow,hard,-18,valenciennesi,2.0202020227272728e-11,38.15393102597508,31,hermatypic coral,r,jurriaans2020,2.0202020227272728e-11
6_jurriaans2020,shallow,hard,-18,valenciennesi,2.1585720227272724e-11,38.028897661970575,32,hermatypic coral,r,jurriaans2020,2.1585720227272724e-11
6_jurriaans2020,shallow,hard,-18,valenciennesi,2.379964022727273e-11,37.9046811090979,33,hermatypic coral,r,jurriaans2020,2.379964022727273e-11
6_jurriaans2020,shallow,hard,-18,valenciennesi,1.9648540227272728e-11,37.781273389387344,34,hermatypic coral,r,jurriaans2020,1.9648540227272728e-11
7_jurriaans2020,shallow,hard,-18,cylindrica,1.1570247954545454e-11,39.7210957437971,19,hermatypic coral,r,jurriaans2020,1.1570247954545454e-11
7_jurriaans2020,shallow,hard,-18,cylindrica,1.515151515151515e-11,39.58559823145258,20,hermatypic coral,r,jurriaans2020,1.515151515151515e-11
7_jurriaans2020,shallow,hard,-18,cylindrica,1.818181818181818e-11,39.451022000851,21,hermatypic coral,r,jurriaans2020,1.818181818181818e-11
7_jurriaans2020,shallow,hard,-18,cylindrica,2.479338840909091e-11,39.31735768778696,22,hermatypic coral,r,jurriaans2020,2.479338840909091e-11
7_jurriaans2020,shallow,hard,-18,cylindrica,2.3140495833333332e-11,39.18459605453426,23,hermatypic coral,r,jurriaans2020,2.3140495833333332e-11
7_jurriaans2020,shallow,hard,-18,cylindrica,2.01101928030303e-11,39.05272798771773,24,hermatypic coral,r,jurriaans2020,2.01101928030303e-11
7_jurriaans2020,shallow,hard,-18,cylindrica,2.2865013787878784e-11,39.05272798771773,24,hermatypic coral,r,jurriaans2020,2.2865013787878784e-11
7_jurriaans2020,shallow,hard,-18,cylindrica,2.231404962121212e-11,38.92174449622782,25,hermatypic coral,r,jurriaans2020,2.231404962121212e-11
7_jurriaans2020,shallow,hard,-18,cylindrica,2.4517906363636364e-11,38.79163670917708,26,hermatypic coral,r,jurriaans2020,2.4517906363636364e-11
7_jurriaans2020,shallow,hard,-18,cylindrica,2.534435265151515e-11,38.66239587389746,27,hermatypic coral,r,jurriaans2020,2.534435265151515e-11
7_jurriaans2020,shallow,hard,-18,cylindrica,2.8650137727272728e-11,38.53401335397749,28,hermatypic coral,r,jurriaans2020,2.8650137727272728e-11
7_jurriaans2020,shallow,hard,-18,cylindrica,2.8925619848484848e-11,38.40648062733848,29,hermatypic coral,r,jurriaans2020,2.8925619848484848e-11
7_jurriaans2020,shallow,hard,-18,cylindrica,3.1129476590909086e-11,38.27978928434875,30,hermatypic coral,r,jurriaans2020,3.1129476590909086e-11
7_jurriaans2020,shallow,hard,-18,cylindrica,3.774104681818182e-11,38.15393102597508,31,hermatypic coral,r,jurriaans2020,3.774104681818182e-11
8_jurriaans2020,shallow,hard,-18,cylindrica,9.641873257575755e-12,39.18459605453426,23,hermatypic coral,r,jurriaans2020,9.641873257575755e-12
8_jurriaans2020,shallow,hard,-18,cylindrica,1.184573e-11,39.05272798771773,24,hermatypic coral,r,jurriaans2020,1.184573e-11
8_jurriaans2020,shallow,hard,-18,cylindrica,1.2121212121212122e-11,38.92174449622782,25,hermatypic coral,r,jurriaans2020,1.2121212121212122e-11
8_jurriaans2020,shallow,hard,-18,cylindrica,1.3223140530303027e-11,38.79163670917708,26,hermatypic coral,r,jurriaans2020,1.3223140530303027e-11
8_jurriaans2020,shallow,hard,-18,cylindrica,1.3223140530303027e-11,38.66239587389746,27,hermatypic coral,r,jurriaans2020,1.3223140530303027e-11
8_jurriaans2020,shallow,hard,-18,cylindrica,1.4600550984848482e-11,38.53401335397749,28,hermatypic coral,r,jurriaans2020,1.4600550984848482e-11
8_jurriaans2020,shallow,hard,-18,cylindrica,1.542699727272727e-11,38.40648062733848,29,hermatypic coral,r,jurriaans2020,1.542699727272727e-11
8_jurriaans2020,shallow,hard,-18,cylindrica,9.917355378787879e-12,38.40648062733848,29,hermatypic coral,r,jurriaans2020,9.917355378787879e-12
8_jurriaans2020,shallow,hard,-18,cylindrica,1.4600550984848482e-11,38.27978928434875,30,hermatypic coral,r,jurriaans2020,1.4600550984848482e-11
8_jurriaans2020,shallow,hard,-18,cylindrica,1.4049586742424239e-11,38.15393102597508,31,hermatypic coral,r,jurriaans2020,1.4049586742424239e-11
8_jurriaans2020,shallow,hard,-18,cylindrica,1.542699727272727e-11,38.028897661970575,32,hermatypic coral,r,jurriaans2020,1.542699727272727e-11
8_jurriaans2020,shallow,hard,-18,cylindrica,1.597796143939394e-11,37.9046811090979,33,hermatypic coral,r,jurriaans2020,1.597796143939394e-11
8_jurriaans2020,shallow,hard,-18,cylindrica,1.2396694242424242e-11,37.781273389387344,34,hermatypic coral,r,jurriaans2020,1.2396694242424242e-11
4_zelli2023,shallow,soft,0,flava,6.165954015151514e-11,38.79163670917708,26,soft coral,r,zelli2023,6.165954015151514e-11
4_zelli2023,shallow,soft,0,flava,6.661709113636361e-11,38.53401335397749,28,soft coral,r,zelli2023,6.661709113636361e-11
4_zelli2023,shallow,soft,0,flava,3.6871785303030296e-11,38.27978928434875,30,soft coral,r,zelli2023,3.6871785303030296e-11
4_zelli2023,shallow,soft,0,flava,1.0875627439393939e-10,38.028897661970575,32,soft coral,r,zelli2023,1.0875627439393939e-10
4_simancas-giraldo2021,shallow,soft,29.53,umbellata,8.780991735321971e-6,38.79163670917708,26,soft coral,r,simancas-giraldo2021,8.780991735321971e-6
4_simancas-giraldo2021,shallow,soft,29.53,umbellata,7.489669421164774e-6,38.53401335397749,28,soft coral,r,simancas-giraldo2021,7.489669421164774e-6
4_simancas-giraldo2021,shallow,soft,29.53,umbellata,7.747933889678032e-7,38.27978928434875,30,soft coral,r,simancas-giraldo2021,7.747933889678032e-7
4_simancas-giraldo2021,shallow,soft,29.53,umbellata,1.893939393939394e-6,38.028897661970575,32,soft coral,r,simancas-giraldo2021,1.893939393939394e-6
2_puntin2023,shallow,hard,22.3054,fascicularis,1.365611268939394e-11,39.46578057934405,20.89,hermatypic coral,r,puntin2023,1.365611268939394e-11
2_puntin2023,shallow,hard,22.3054,fascicularis,3.179882339015152e-11,39.27477619233873,22.32,hermatypic coral,r,puntin2023,3.179882339015152e-11
2_puntin2023,shallow,hard,22.3054,fascicularis,2.4331569602272727e-11,39.09219512060072,23.7,hermatypic coral,r,puntin2023,2.4331569602272727e-11
2_puntin2023,shallow,hard,22.3054,fascicularis,2.304824100378788e-11,39.0593003081465,23.95,hermatypic coral,r,puntin2023,2.304824100378788e-11
2_puntin2023,shallow,hard,22.3054,fascicularis,3.9173525094696966e-11,38.9334970192254,24.91,hermatypic coral,r,puntin2023,3.9173525094696966e-11
2_puntin2023,shallow,hard,22.3054,fascicularis,4.327327414772727e-11,38.80850151010073,25.87,hermatypic coral,r,puntin2023,4.327327414772727e-11
2_puntin2023,shallow,hard,22.3054,fascicularis,5.5879576231060606e-11,38.68043772391027,26.86,hermatypic coral,r,puntin2023,5.5879576231060606e-11
2_puntin2023,shallow,hard,22.3054,fascicularis,4.791338304924242e-11,38.55193555546434,27.86,hermatypic coral,r,puntin2023,4.791338304924242e-11
2_puntin2023,shallow,hard,22.3054,fascicularis,5.3865722064393926e-11,38.30126781157279,29.83,hermatypic coral,r,puntin2023,5.3865722064393926e-11
2_puntin2023,shallow,hard,22.3054,fascicularis,6.083576231060605e-11,38.05134315358993,31.82,hermatypic coral,r,puntin2023,6.083576231060605e-11
2_rodolfo-metalpa2014,shallow,hard,44.19,patagonica,3.5975331204545456e-4,39.58559823145258,20,hermatypic coral,r,rodolfo-metalpa2014,3.5975331204545456e-4
2_rodolfo-metalpa2014,shallow,hard,44.19,patagonica,7.02375513939394e-4,39.31735768778696,22,hermatypic coral,r,rodolfo-metalpa2014,7.02375513939394e-4
2_rodolfo-metalpa2014,shallow,hard,44.19,patagonica,9.307903151515152e-4,39.05272798771773,24,hermatypic coral,r,rodolfo-metalpa2014,9.307903151515152e-4
2_rodolfo-metalpa2014,shallow,hard,44.19,patagonica,8.908177249999999e-4,38.79163670917708,26,hermatypic coral,r,rodolfo-metalpa2014,8.908177249999999e-4
2_rodolfo-metalpa2014,shallow,hard,44.19,patagonica,7.480584741666667e-4,38.53401335397749,28,hermatypic coral,r,rodolfo-metalpa2014,7.480584741666667e-4
2_rodolfo-metalpa2014,shallow,hard,44.19,patagonica,4.796710826515152e-4,38.27978928434875,30,hermatypic coral,r,rodolfo-metalpa2014,4.796710826515152e-4
2_rodolfo-metalpa2014,shallow,hard,44.19,patagonica,4.282777524242425e-4,38.028897661970575,32,hermatypic coral,r,rodolfo-metalpa2014,4.282777524242425e-4
4_rodolfo-metalpa2014,shallow,hard,38.2,patagonica,1.893939393939394e-4,39.58559823145258,20,hermatypic coral,r,rodolfo-metalpa2014,1.893939393939394e-4
4_rodolfo-metalpa2014,shallow,hard,38.2,patagonica,6.026170799242424e-4,39.31735768778696,22,hermatypic coral,r,rodolfo-metalpa2014,6.026170799242424e-4
4_rodolfo-metalpa2014,shallow,hard,38.2,patagonica,7.059228649999999e-4,39.05272798771773,24,hermatypic coral,r,rodolfo-metalpa2014,7.059228649999999e-4
4_rodolfo-metalpa2014,shallow,hard,38.2,patagonica,7.69054178030303e-4,38.79163670917708,26,hermatypic coral,r,rodolfo-metalpa2014,7.69054178030303e-4
4_rodolfo-metalpa2014,shallow,hard,38.2,patagonica,5.567033975757576e-4,38.53401335397749,28,hermatypic coral,r,rodolfo-metalpa2014,5.567033975757576e-4
4_rodolfo-metalpa2014,shallow,hard,38.2,patagonica,5.050505050757576e-4,38.27978928434875,30,hermatypic coral,r,rodolfo-metalpa2014,5.050505050757576e-4
4_rodolfo-metalpa2014,shallow,hard,38.2,patagonica,4.878328741666667e-4,38.028897661970575,32,hermatypic coral,r,rodolfo-metalpa2014,4.878328741666667e-4
6_rodolfo-metalpa2014,shallow,hard,37.34,patagonica,2.1808999083333333e-4,39.58559823145258,20,hermatypic coral,r,rodolfo-metalpa2014,2.1808999083333333e-4
6_rodolfo-metalpa2014,shallow,hard,37.34,patagonica,3.787878787878788e-4,39.31735768778696,22,hermatypic coral,r,rodolfo-metalpa2014,3.787878787878788e-4
6_rodolfo-metalpa2014,shallow,hard,37.34,patagonica,4.5913682280303026e-4,39.05272798771773,24,hermatypic coral,r,rodolfo-metalpa2014,4.5913682280303026e-4
6_rodolfo-metalpa2014,shallow,hard,37.34,patagonica,6.829660238636363e-4,38.79163670917708,26,hermatypic coral,r,rodolfo-metalpa2014,6.829660238636363e-4
6_rodolfo-metalpa2014,shallow,hard,37.34,patagonica,3.673094581818182e-4,38.53401335397749,28,hermatypic coral,r,rodolfo-metalpa2014,3.673094581818182e-4
6_rodolfo-metalpa2014,shallow,hard,37.34,patagonica,6.829660238636363e-4,38.27978928434875,30,hermatypic coral,r,rodolfo-metalpa2014,6.829660238636363e-4
6_rodolfo-metalpa2014,shallow,hard,37.34,patagonica,4.3617998166666666e-4,38.028897661970575,32,hermatypic coral,r,rodolfo-metalpa2014,4.3617998166666666e-4
8_rodolfo-metalpa2014,shallow,hard,32.3,patagonica,3.445824781818182e-4,39.58559823145258,20,hermatypic coral,r,rodolfo-metalpa2014,3.445824781818182e-4
8_rodolfo-metalpa2014,shallow,hard,32.3,patagonica,4.02261476969697e-4,39.31735768778696,22,hermatypic coral,r,rodolfo-metalpa2014,4.02261476969697e-4
8_rodolfo-metalpa2014,shallow,hard,32.3,patagonica,6.712028596212122e-4,39.05272798771773,24,hermatypic coral,r,rodolfo-metalpa2014,6.712028596212122e-4
8_rodolfo-metalpa2014,shallow,hard,32.3,patagonica,6.375159378787878e-4,38.79163670917708,26,hermatypic coral,r,rodolfo-metalpa2014,6.375159378787878e-4
8_rodolfo-metalpa2014,shallow,hard,32.3,patagonica,6.609327165151515e-4,38.53401335397749,28,hermatypic coral,r,rodolfo-metalpa2014,6.609327165151515e-4
8_rodolfo-metalpa2014,shallow,hard,32.3,patagonica,5.872732045454545e-4,38.27978928434875,30,hermatypic coral,r,rodolfo-metalpa2014,5.872732045454545e-4
8_rodolfo-metalpa2014,shallow,hard,32.3,patagonica,3.8798555189393944e-4,38.028897661970575,32,hermatypic coral,r,rodolfo-metalpa2014,3.8798555189393944e-4
1_previati2010,deep,soft,44.3045,rubrum,3.2291666666666666e-7,40.41273940989142,14,soft coral,r,previati2010,3.2291666666666666e-7
1_previati2010,deep,soft,44.3045,rubrum,3.541666666666667e-7,40.1332115564597,16,soft coral,r,previati2010,3.541666666666667e-7
1_previati2010,deep,soft,44.3045,rubrum,8.125000000000001e-7,39.857524030741274,18,soft coral,r,previati2010,8.125000000000001e-7
1_previati2010,deep,soft,44.3045,rubrum,9.583333333333334e-7,39.58559823145258,20,soft coral,r,previati2010,9.583333333333334e-7
1_previati2010,deep,soft,44.3045,rubrum,8.75e-7,39.31735768778696,22,soft coral,r,previati2010,8.75e-7
1_previati2010,deep,soft,44.3045,rubrum,2.0833333333333333e-7,38.92174449622782,25,soft coral,r,previati2010,2.0833333333333333e-7
2_previati2010,deep,soft,44.3045,clavata,4.270833333333333e-7,40.41273940989142,14,soft coral,r,previati2010,4.270833333333333e-7
2_previati2010,deep,soft,44.3045,clavata,6.354166666666667e-7,40.1332115564597,16,soft coral,r,previati2010,6.354166666666667e-7
2_previati2010,deep,soft,44.3045,clavata,9.479166666666668e-7,39.857524030741274,18,soft coral,r,previati2010,9.479166666666668e-7
2_previati2010,deep,soft,44.3045,clavata,5.625e-7,39.58559823145258,20,soft coral,r,previati2010,5.625e-7
2_previati2010,deep,soft,44.3045,clavata,5.520833333333334e-7,39.31735768778696,22,soft coral,r,previati2010,5.520833333333334e-7
2_previati2010,deep,soft,44.3045,clavata,2.7083333333333337e-7,38.92174449622782,25,soft coral,r,previati2010,2.7083333333333337e-7
3_previati2010,deep,soft,44.3045,cavolinii,2.1875e-7,40.41273940989142,14,soft coral,r,previati2010,2.1875e-7
3_previati2010,deep,soft,44.3045,cavolinii,5.3125e-7,40.1332115564597,16,soft coral,r,previati2010,5.3125e-7
3_previati2010,deep,soft,44.3045,cavolinii,4.270833333333333e-7,39.857524030741274,18,soft coral,r,previati2010,4.270833333333333e-7
3_previati2010,deep,soft,44.3045,cavolinii,6.354166666666667e-7,39.58559823145258,20,soft coral,r,previati2010,6.354166666666667e-7
3_previati2010,deep,soft,44.3045,cavolinii,4.375e-7,39.31735768778696,22,soft coral,r,previati2010,4.375e-7
3_previati2010,deep,soft,44.3045,cavolinii,2.916666666666667e-7,38.92174449622782,25,soft coral,r,previati2010,2.916666666666667e-7
4_previati2010,deep,soft,44.3045,singularis,1.0416666666666669e-7,40.41273940989142,14,soft coral,r,previati2010,1.0416666666666669e-7
4_previati2010,deep,soft,44.3045,singularis,3.75e-7,40.1332115564597,16,soft coral,r,previati2010,3.75e-7
4_previati2010,deep,soft,44.3045,singularis,6.875e-7,39.857524030741274,18,soft coral,r,previati2010,6.875e-7
4_previati2010,deep,soft,44.3045,singularis,4.375e-7,39.58559823145258,20,soft coral,r,previati2010,4.375e-7
4_previati2010,deep,soft,44.3045,singularis,1.666666666666667e-7,39.31735768778696,22,soft coral,r,previati2010,1.666666666666667e-7
4_previati2010,deep,soft,44.3045,singularis,2.1875e-7,38.92174449622782,25,soft coral,r,previati2010,2.1875e-7
2_ezzat2013,shallow,soft,43.19,singularis,4.915374477272727e-11,39.857524030741274,18,soft coral,r,ezzat2013,4.915374477272727e-11
2_ezzat2013,shallow,soft,43.19,singularis,2.1283064772727272e-11,39.05272798771773,24,soft coral,r,ezzat2013,2.1283064772727272e-11
2_ezzat2013,shallow,soft,43.19,singularis,1.6215668409090906e-11,38.79163670917708,26,soft coral,r,ezzat2013,1.6215668409090906e-11
1_aichelman2019,deep,hard,41.4774,poculata,1.2889309772727271e-11,41.570904967043965,6,hermatypic coral,r,aichelman2019,1.2889309772727271e-11
1_aichelman2019,deep,hard,41.4774,poculata,1.6308922575757574e-11,41.12889640811739,9,hermatypic coral,r,aichelman2019,1.6308922575757574e-11
1_aichelman2019,deep,hard,41.4774,poculata,9.469696969696967e-12,40.696188397511214,12,hermatypic coral,r,aichelman2019,9.469696969696967e-12
1_aichelman2019,deep,hard,41.4774,poculata,1.788720537878788e-11,40.27249044438772,15,hermatypic coral,r,aichelman2019,1.788720537878788e-11
1_aichelman2019,deep,hard,41.4774,poculata,3.524831651515151e-11,39.857524030741274,18,hermatypic coral,r,aichelman2019,3.524831651515151e-11
1_aichelman2019,deep,hard,41.4774,poculata,6.891835015151515e-11,39.31735768778696,22,hermatypic coral,r,aichelman2019,6.891835015151515e-11
1_aichelman2019,deep,hard,41.4774,poculata,6.944444446969696e-11,38.79163670917708,26,hermatypic coral,r,aichelman2019,6.944444446969696e-11
1_aichelman2019,deep,hard,41.4774,poculata,6.970749159090909e-11,38.40648062733848,29,hermatypic coral,r,aichelman2019,6.970749159090909e-11
1_aichelman2019,deep,hard,41.4774,poculata,4.1298400681818176e-11,38.028897661970575,32,hermatypic coral,r,aichelman2019,4.1298400681818176e-11
2_aichelman2019,deep,hard,37.8992,poculata,8.417508409090908e-12,41.570904967043965,6,hermatypic coral,r,aichelman2019,8.417508409090908e-12
2_aichelman2019,deep,hard,37.8992,poculata,1.262626265151515e-11,41.12889640811739,9,hermatypic coral,r,aichelman2019,1.262626265151515e-11
2_aichelman2019,deep,hard,37.8992,poculata,7.365319848484848e-12,40.696188397511214,12,hermatypic coral,r,aichelman2019,7.365319848484848e-12
2_aichelman2019,deep,hard,37.8992,poculata,1.0258838409090907e-11,40.27249044438772,15,hermatypic coral,r,aichelman2019,1.0258838409090907e-11
2_aichelman2019,deep,hard,37.8992,poculata,1.4993686893939393e-11,39.857524030741274,18,hermatypic coral,r,aichelman2019,1.4993686893939393e-11
2_aichelman2019,deep,hard,37.8992,poculata,4.208754212121211e-11,39.31735768778696,22,hermatypic coral,r,aichelman2019,4.208754212121211e-11
2_aichelman2019,deep,hard,37.8992,poculata,5.2083333333333334e-11,38.79163670917708,26,hermatypic coral,r,aichelman2019,5.2083333333333334e-11
2_aichelman2019,deep,hard,37.8992,poculata,6.313131310606059e-11,38.40648062733848,29,hermatypic coral,r,aichelman2019,6.313131310606059e-11
2_aichelman2019,deep,hard,37.8992,poculata,4.1298400681818176e-11,38.028897661970575,32,hermatypic coral,r,aichelman2019,4.1298400681818176e-11
