tpc_grp,response_id,study_id,elevation_broad,lichen_type,latitude,species,inv_T,mol_gCmin,metabolic_category
1_aubert2007,1,aubert2007,high,green algae,44.6008723,elegans,42.17524303670842,8.211032774000001e-7,npp
1_aubert2007,1,aubert2007,high,green algae,44.6008723,elegans,41.720359955241136,1.2873105782e-6,npp
1_aubert2007,1,aubert2007,high,green algae,44.6008723,elegans,40.9836416088657,1.5652415334e-6,npp
1_aubert2007,1,aubert2007,high,green algae,44.6008723,elegans,40.27249044438772,1.3591850368e-6,npp
1_aubert2007,1,aubert2007,high,green algae,44.6008723,elegans,39.58559823145258,9.999293626e-7,npp
1_aubert2007,1,aubert2007,high,green algae,44.6008723,elegans,38.92174449622782,4.6658314560000004e-7,npp
1_aubert2007,1,aubert2007,high,green algae,44.6008723,elegans,38.27978928434875,-1.2945382576e-7,npp
1_colesie2018,1,colesie2018,neutral,cyanobacteria,-62,alpinum,41.720359955241136,2.295652176e-4,npp
1_colesie2018,1,colesie2018,neutral,cyanobacteria,-62,alpinum,40.27249044438772,2.573913048e-4,npp
1_colesie2018,1,colesie2018,neutral,cyanobacteria,-62,alpinum,39.18459605453426,2.295652176e-4,npp
2_colesie2018,2,colesie2018,neutral,green algae,-62,aurantiaco-atra,41.720359955241136,9.04347828e-5,npp
2_colesie2018,2,colesie2018,neutral,green algae,-62,aurantiaco-atra,40.27249044438772,1.113043476e-4,npp
2_colesie2018,2,colesie2018,neutral,green algae,-62,aurantiaco-atra,39.18459605453426,-9.7391304e-5,npp
3_colesie2018,3,colesie2018,neutral,cyanobacteria,-62,contortuplicata,41.720359955241136,1.530434784e-4,npp
3_colesie2018,3,colesie2018,neutral,cyanobacteria,-62,contortuplicata,40.27249044438772,1.878260868e-4,npp
3_colesie2018,3,colesie2018,neutral,cyanobacteria,-62,contortuplicata,39.18459605453426,1.04347824e-5,npp
8_delprado1995,8,delprado1995,neutral,green algae,36.834,lacunosus,42.4840495022893,4.3515400416e-7,npp
8_delprado1995,8,delprado1995,neutral,green algae,36.834,lacunosus,41.720359955241136,7.1605749492e-7,npp
8_delprado1995,8,delprado1995,neutral,green algae,36.834,lacunosus,40.9836416088657,1.00878850104e-6,npp
8_delprado1995,8,delprado1995,neutral,green algae,36.834,lacunosus,40.27249044438772,1.2335112935999995e-6,npp
8_delprado1995,8,delprado1995,neutral,green algae,36.834,lacunosus,39.58559823145258,1.428665298e-6,npp
8_delprado1995,8,delprado1995,neutral,green algae,36.834,lacunosus,38.92174449622782,1.4168377823999998e-6,npp
8_delprado1995,8,delprado1995,neutral,green algae,36.834,lacunosus,38.27978928434875,1.07975359344e-6,npp
16_delprado1995,16,delprado1995,neutral,green algae,36.834,bourgeana,42.4840495022893,2.0020470828e-7,npp
16_delprado1995,16,delprado1995,neutral,green algae,36.834,bourgeana,41.720359955241136,4.183418628e-7,npp
16_delprado1995,16,delprado1995,neutral,green algae,36.834,bourgeana,40.9836416088657,1.01084953944e-6,npp
16_delprado1995,16,delprado1995,neutral,green algae,36.834,bourgeana,40.27249044438772,1.2142476972e-6,npp
16_delprado1995,16,delprado1995,neutral,green algae,36.834,bourgeana,39.58559823145258,9.8137154556e-7,npp
16_delprado1995,16,delprado1995,neutral,green algae,36.834,bourgeana,38.92174449622782,6.895394063999999e-7,npp
16_delprado1995,16,delprado1995,neutral,green algae,36.834,bourgeana,38.27978928434875,6.3353121804e-7,npp
1_domaschke2013,1,domaschke2013,neutral,green algae,49.58,aculeata,42.4840495022893,1.2125786159999998e-7,npp
1_domaschke2013,1,domaschke2013,neutral,green algae,49.58,aculeata,41.720359955241136,3.7886792448e-7,npp
1_domaschke2013,1,domaschke2013,neutral,green algae,49.58,aculeata,40.9836416088657,7.532075471999998e-7,npp
1_domaschke2013,1,domaschke2013,neutral,green algae,49.58,aculeata,40.27249044438772,6.525786163199999e-7,npp
1_domaschke2013,1,domaschke2013,neutral,green algae,49.58,aculeata,39.58559823145258,9.3836477988e-7,npp
1_domaschke2013,1,domaschke2013,neutral,green algae,49.58,aculeata,38.92174449622782,8.659119496799999e-7,npp
1_domaschke2013,1,domaschke2013,neutral,green algae,49.58,aculeata,38.27978928434875,2.460377358e-7,npp
2_domaschke2013,2,domaschke2013,neutral,green algae,41.39,aculeata,42.4840495022893,1.5345911951999996e-7,npp
2_domaschke2013,2,domaschke2013,neutral,green algae,41.39,aculeata,41.720359955241136,3.0238993716e-7,npp
2_domaschke2013,2,domaschke2013,neutral,green algae,41.39,aculeata,40.9836416088657,6.203773585199999e-7,npp
2_domaschke2013,2,domaschke2013,neutral,green algae,41.39,aculeata,40.27249044438772,5.116981131599999e-7,npp
2_domaschke2013,2,domaschke2013,neutral,green algae,41.39,aculeata,39.58559823145258,6.1232704404e-7,npp
2_domaschke2013,2,domaschke2013,neutral,green algae,41.39,aculeata,38.92174449622782,4.432704402e-7,npp
2_domaschke2013,2,domaschke2013,neutral,green algae,41.39,aculeata,38.27978928434875,1.4138364779999997e-7,npp
3_domaschke2013,3,domaschke2013,neutral,green algae,-62.24,aculeata,42.4840495022893,1.6603773599999995e-8,npp
3_domaschke2013,3,domaschke2013,neutral,green algae,-62.24,aculeata,41.720359955241136,4.477987416e-8,npp
3_domaschke2013,3,domaschke2013,neutral,green algae,-62.24,aculeata,40.9836416088657,1.0918238987999997e-7,npp
3_domaschke2013,3,domaschke2013,neutral,green algae,-62.24,aculeata,40.27249044438772,9.710691828e-8,npp
3_domaschke2013,3,domaschke2013,neutral,green algae,-62.24,aculeata,39.58559823145258,2.062893084e-8,npp
3_domaschke2013,3,domaschke2013,neutral,green algae,-62.24,aculeata,38.92174449622782,-7.194968555999999e-8,npp
3_domaschke2013,3,domaschke2013,neutral,green algae,-62.24,aculeata,38.27978928434875,-1.0012578612e-7,npp
4_domaschke2013,4,domaschke2013,neutral,green algae,78.1,aculeata,42.4840495022893,8.55345912e-9,npp
4_domaschke2013,4,domaschke2013,neutral,green algae,78.1,aculeata,41.720359955241136,8.503144656e-8,npp
4_domaschke2013,4,domaschke2013,neutral,green algae,78.1,aculeata,40.9836416088657,1.2930817608e-7,npp
4_domaschke2013,4,domaschke2013,neutral,green algae,78.1,aculeata,40.27249044438772,6.490566036e-8,npp
4_domaschke2013,4,domaschke2013,neutral,green algae,78.1,aculeata,39.58559823145258,6.088050312e-8,npp
4_domaschke2013,4,domaschke2013,neutral,green algae,78.1,aculeata,38.92174449622782,-5.5849056599999994e-8,npp
4_domaschke2013,4,domaschke2013,neutral,green algae,78.1,aculeata,38.27978928434875,-8.000000004e-8,npp
1_kappen1988,1,kappen1988,neutral,green algae,57,ochroleuca,41.42251694288889,2.499431947284708e-7,npp
2_kappen1988,2,kappen1988,neutral,green algae,75,ochroleuca,41.42251694288889,6.059228963114444e-8,npp
3_lange1969,3,lange1969,neutral,green algae,30.7944,maciformis,39.58559823145258,1.514807240778611e-6,npp
4_kappen1988,4,kappen1988,neutral,green algae,54.526,vermicularis,40.27249044438772,8.861622358554873e-7,npp
5_kappen1995,5,kappen1995,neutral,green algae,-82.8628,antarctica,40.55396862327563,2.2722108611679162e-7,npp
1_lange2000,1,lange2000,high,cyanobacteria,8,phyllocarpum,40.55396862327563,8.1003963012e-4,npp
1_lange2000,1,lange2000,high,cyanobacteria,8,phyllocarpum,40.696188397511214,0.00165019815,npp
1_lange2000,1,lange2000,high,cyanobacteria,8,phyllocarpum,40.41273940989142,0.0018562747692,npp
1_lange2000,1,lange2000,high,cyanobacteria,8,phyllocarpum,39.857524030741274,0.00295006604999999,npp
1_lange2000,1,lange2000,high,cyanobacteria,8,phyllocarpum,39.857524030741274,0.0023556142668,npp
1_lange2000,1,lange2000,high,cyanobacteria,8,phyllocarpum,39.857524030741274,0.00222879788639999,npp
1_lange2000,1,lange2000,high,cyanobacteria,8,phyllocarpum,39.7210957437971,0.00228428005319999,npp
1_lange2000,1,lange2000,high,cyanobacteria,8,phyllocarpum,39.451022000851,0.0024903566712,npp
1_lange2000,1,lange2000,high,cyanobacteria,8,phyllocarpum,39.451022000851,0.00242694848039999,npp
1_lange2000,1,lange2000,high,cyanobacteria,8,phyllocarpum,39.05272798771773,0.0024745046232,npp
1_lange2000,1,lange2000,high,cyanobacteria,8,phyllocarpum,39.31735768778696,0.0030768824304,npp
1_lange2000,1,lange2000,high,cyanobacteria,8,phyllocarpum,39.05272798771773,0.00275984147999999,npp
1_lange2000,1,lange2000,high,cyanobacteria,8,phyllocarpum,38.92174449622782,0.0029817701448,npp
1_lange2000,1,lange2000,high,cyanobacteria,8,phyllocarpum,38.66239587389746,0.00287873183639999,npp
1_lange2000,1,lange2000,high,cyanobacteria,8,phyllocarpum,38.53401335397749,0.0026885072652,npp
1_lange2000,1,lange2000,high,cyanobacteria,8,phyllocarpum,38.40648062733848,0.00242694848039999,npp
1_lange2000,1,lange2000,high,cyanobacteria,8,phyllocarpum,38.66239587389746,0.0023556142668,npp
1_lange2000,1,lange2000,high,cyanobacteria,8,phyllocarpum,38.40648062733848,0.0021733157196,npp
1_lange2000,1,lange2000,high,cyanobacteria,8,phyllocarpum,38.028897661970575,0.00169775429279999,npp
1_lange2000,1,lange2000,high,cyanobacteria,8,phyllocarpum,38.27978928434875,0.0028866578604,npp
1_lange2000,1,lange2000,high,cyanobacteria,8,phyllocarpum,38.028897661970575,0.0025062087192,npp
1_lange2000,1,lange2000,high,cyanobacteria,8,phyllocarpum,37.9046811090979,0.00275984147999999,npp
1_lange2000,1,lange2000,high,cyanobacteria,8,phyllocarpum,37.65866662842876,0.001444121532,npp
1_lange2000,1,lange2000,high,cyanobacteria,8,phyllocarpum,37.4158249929077,0.0018562747692,npp
1_lange2000,1,lange2000,high,cyanobacteria,8,phyllocarpum,37.65866662842876,0.0027756935268,npp
1_lange2000,1,lange2000,high,cyanobacteria,8,phyllocarpum,37.17609521560251,0.0027915455748,npp
1_lange2000,1,lange2000,high,cyanobacteria,8,phyllocarpum,37.05737864138695,0.0019355350068,npp
1_lange2000,1,lange2000,high,cyanobacteria,8,phyllocarpum,37.05737864138695,9.6063408192e-4,npp
1_lange2000,1,lange2000,high,cyanobacteria,8,phyllocarpum,36.47499016674626,6.8322324972e-4,npp
1_lange2000,1,lange2000,high,cyanobacteria,8,phyllocarpum,36.70573500411299,0.0026488771464,npp
1_lange2000,1,lange2000,high,cyanobacteria,8,phyllocarpum,36.360702245183525,0.0023001321,npp
1_lange2000,1,lange2000,high,cyanobacteria,8,phyllocarpum,35.910623925577354,0.0015709379124,npp
1_lange2000,1,lange2000,high,cyanobacteria,8,phyllocarpum,35.910623925577354,7.545574636800001e-4,npp
1_lange2004,1,lange2004,high,cyanobacteria,8,aurata,40.9836416088657,1.4916556296000002e-6,npp
1_lange2004,1,lange2004,high,cyanobacteria,8,aurata,40.55396862327563,1.4487417216000005e-6,npp
1_lange2004,1,lange2004,high,cyanobacteria,8,aurata,39.99489271601007,1.7562913908e-6,npp
1_lange2004,1,lange2004,high,cyanobacteria,8,aurata,40.27249044438772,1.9851655632000003e-6,npp
1_lange2004,1,lange2004,high,cyanobacteria,8,aurata,40.1332115564597,2.0638410600000003e-6,npp
1_lange2004,1,lange2004,high,cyanobacteria,8,aurata,40.27249044438772,2.3499337752e-6,npp
1_lange2004,1,lange2004,high,cyanobacteria,8,aurata,39.857524030741274,2.1067549668e-6,npp
1_lange2004,1,lange2004,high,cyanobacteria,8,aurata,39.857524030741274,2.407152318e-6,npp
1_lange2004,1,lange2004,high,cyanobacteria,8,aurata,39.7210957437971,2.3070198672000004e-6,npp
1_lange2004,1,lange2004,high,cyanobacteria,8,aurata,39.58559823145258,2.392847682e-6,npp
1_lange2004,1,lange2004,high,cyanobacteria,8,aurata,39.58559823145258,2.1782781456e-6,npp
1_lange2004,1,lange2004,high,cyanobacteria,8,aurata,39.451022000851,2.3213245032000003e-6,npp
1_lange2004,1,lange2004,high,cyanobacteria,8,aurata,39.451022000851,2.2068874176e-6,npp
1_lange2004,1,lange2004,high,cyanobacteria,8,aurata,39.31735768778696,2.3499337752e-6,npp
1_lange2004,1,lange2004,high,cyanobacteria,8,aurata,39.05272798771773,2.2498013244000005e-6,npp
1_lange2004,1,lange2004,high,cyanobacteria,8,aurata,39.18459605453426,2.0423841060000003e-6,npp
1_lange2004,1,lange2004,high,cyanobacteria,8,aurata,38.92174449622782,1.9064900664000003e-6,npp
1_lange2004,1,lange2004,high,cyanobacteria,8,aurata,38.79163670917708,1.9136423844e-6,npp
1_lange2004,1,lange2004,high,cyanobacteria,8,aurata,38.66239587389746,1.7777483448e-6,npp
1_lange2004,1,lange2004,high,cyanobacteria,8,aurata,38.66239587389746,1.5560264904000005e-6,npp
1_lange2004,1,lange2004,high,cyanobacteria,8,aurata,38.27978928434875,1.8778807944e-6,npp
1_lange2004,1,lange2004,high,cyanobacteria,8,aurata,37.9046811090979,1.6132450332000002e-6,npp
1_lange2004,1,lange2004,high,cyanobacteria,8,aurata,38.40648062733848,1.3700662248000005e-6,npp
1_lange2004,1,lange2004,high,cyanobacteria,8,aurata,38.27978928434875,1.13403973512e-6,npp
1_lange2004,1,lange2004,high,cyanobacteria,8,aurata,38.028897661970575,9.909933775200002e-7,npp
1_lange2004,1,lange2004,high,cyanobacteria,8,aurata,38.27978928434875,7.907284768800001e-7,npp
1_lange2004,1,lange2004,high,cyanobacteria,8,aurata,38.15393102597508,7.764238410000001e-7,npp
1_lange2004,1,lange2004,high,cyanobacteria,8,aurata,38.028897661970575,6.2622516552e-7,npp
1_lange2004,1,lange2004,high,cyanobacteria,8,aurata,37.781273389387344,8.622516556800001e-7,npp
1_lange2004,1,lange2004,high,cyanobacteria,8,aurata,37.781273389387344,2.757615894e-7,npp
1_lange2004,1,lange2004,high,cyanobacteria,8,aurata,37.781273389387344,1.6132450332000004e-7,npp
1_lange2004,1,lange2004,high,cyanobacteria,8,aurata,37.53685305369666,5.618543046000001e-7,npp
1_lange2004,1,lange2004,high,cyanobacteria,8,aurata,37.4158249929077,5.9046357612e-7,npp
1_lange2004,1,lange2004,high,cyanobacteria,8,aurata,37.29557487240984,4.188079470000001e-7,npp
1_lange2004,1,lange2004,high,cyanobacteria,8,aurata,37.4158249929077,1.684768212e-7,npp
1_lange2004,1,lange2004,high,cyanobacteria,8,aurata,37.53685305369666,-9.615894036000003e-8,npp
1_lange2004,1,lange2004,high,cyanobacteria,8,aurata,37.4158249929077,-1.6768211916000006e-7,npp
1_lange2004,1,lange2004,high,cyanobacteria,8,aurata,37.05737864138695,8.264900664e-8,npp
1_lange2004,1,lange2004,high,cyanobacteria,8,aurata,36.93941786264626,3.973509936e-8,npp
1_lange2004,1,lange2004,high,cyanobacteria,8,aurata,36.82220568475432,-9.615894036000003e-8,npp
1_lange2004,1,lange2004,high,cyanobacteria,8,aurata,37.05737864138695,-2.8927152312e-7,npp
1_reiter2000,1,reiter2000,high,green algae,47.0004,islandica,42.17524303670842,7.637543928e-8,npp
1_reiter2000,1,reiter2000,high,green algae,47.0004,islandica,40.9836416088657,2.6870535564e-7,npp
1_reiter2000,1,reiter2000,high,green algae,47.0004,islandica,39.58559823145258,3.0302275511999996e-7,npp
1_reiter2000,1,reiter2000,high,green algae,47.0004,islandica,38.27978928434875,-2.4134078208e-7,npp
3_reiter2000,3,reiter2000,high,green algae,47.0004,nivalis,42.17524303670842,6.381502896e-8,npp
3_reiter2000,3,reiter2000,high,green algae,47.0004,nivalis,40.9836416088657,7.172413788000002e-8,npp
3_reiter2000,3,reiter2000,high,green algae,47.0004,nivalis,39.58559823145258,-1.5999999995999998e-7,npp
3_reiter2000,3,reiter2000,high,green algae,47.0004,nivalis,38.27978928434875,-6.719999999999999e-7,npp
6_sancho1997,6,sancho1997,high,green algae,40.8509,grisea,42.4840495022893,4.912457143199999e-7,npp
6_sancho1997,6,sancho1997,high,green algae,40.8509,grisea,41.42251694288889,7.786971428399999e-7,npp
6_sancho1997,6,sancho1997,high,green algae,40.8509,grisea,40.41273940989142,1.0793142856799998e-6,npp
6_sancho1997,6,sancho1997,high,green algae,40.8509,grisea,39.451022000851,9.0596571432e-7,npp
6_sancho1997,6,sancho1997,high,green algae,40.8509,grisea,38.53401335397749,9.4985142852e-7,npp
6_sancho1997,6,sancho1997,high,green algae,40.8509,grisea,37.65866662842876,8.0722285716e-7,npp
12_sancho1997,12,sancho1997,high,green algae,40.8509,freyi,42.4840495022893,7.1171461452e-7,npp
12_sancho1997,12,sancho1997,high,green algae,40.8509,freyi,41.42251694288889,1.0740621404399998e-6,npp
12_sancho1997,12,sancho1997,high,green algae,40.8509,freyi,40.41273940989142,1.16906789412e-6,npp
12_sancho1997,12,sancho1997,high,green algae,40.8509,freyi,39.451022000851,1.2198849251999995e-6,npp
12_sancho1997,12,sancho1997,high,green algae,40.8509,freyi,38.53401335397749,1.0608055235999997e-6,npp
12_sancho1997,12,sancho1997,high,green algae,40.8509,freyi,37.65866662842876,8.884695051599998e-7,npp
1_schroeter1995,1,schroeter1995,neutral,green algae,-77,aprina,43.765861291911456,1.5946843799999997e-8,npp
1_schroeter1995,1,schroeter1995,neutral,green algae,-77,aprina,43.42195742394882,5.421926916e-8,npp
1_schroeter1995,1,schroeter1995,neutral,green algae,-77,aprina,43.11543050919681,1.499003322e-7,npp
1_schroeter1995,1,schroeter1995,neutral,green algae,-77,aprina,42.79741147538382,2.3122923588e-7,npp
1_schroeter1995,1,schroeter1995,neutral,green algae,-77,aprina,42.4840495022893,3.843189368399999e-7,npp
1_schroeter1995,1,schroeter1995,neutral,green algae,-77,aprina,42.17524303670842,3.9867109632e-7,npp
1_schroeter1995,1,schroeter1995,neutral,green algae,-77,aprina,41.87089345679351,4.1302325579999994e-7,npp
2_smith2001,2,smith2001,neutral,green algae,-46.8964,complicatulum,38.92174449622782,1.8665766576666668e-6,npp
2_smith2001,2,smith2001,neutral,green algae,-46.8964,complicatulum,38.92174449622782,2.114091409e-6,npp
2_smith2001,2,smith2001,neutral,green algae,-46.8964,complicatulum,38.92174449622782,2.391319132e-6,npp
2_smith2001,2,smith2001,neutral,green algae,-46.8964,complicatulum,39.58559823145258,2.965156515666667e-6,npp
2_smith2001,2,smith2001,neutral,green algae,-46.8964,complicatulum,39.58559823145258,2.8463446343333334e-6,npp
2_smith2001,2,smith2001,neutral,green algae,-46.8964,complicatulum,40.27249044438772,3.0644264426666664e-6,npp
2_smith2001,2,smith2001,neutral,green algae,-46.8964,complicatulum,40.27249044438772,2.8268026803333335e-6,npp
2_smith2001,2,smith2001,neutral,green algae,-46.8964,complicatulum,40.9836416088657,2.9059905989999997e-6,npp
2_smith2001,2,smith2001,neutral,green algae,-46.8964,complicatulum,41.720359955241136,2.648264826333333e-6,npp
2_smith2001,2,smith2001,neutral,green algae,-46.8964,complicatulum,41.720359955241136,2.8264426443333336e-6,npp
1_smith2001,1,smith2001,neutral,green algae,-46.8964,complicatulum,42.329083062375794,-1.3161316133333332e-8,npp
2_smith2001,2,smith2001,neutral,green algae,-46.8964,complicatulum,42.329083062375794,2.688728873e-6,npp
2_smith2001,2,smith2001,neutral,green algae,-46.8964,complicatulum,42.329083062375794,2.8075407539999996e-6,npp
1_uchida2006,1,uchida2006,neutral,green algae,79,delisei,41.87089345679351,1.5396401575399534e-7,npp
1_uchida2006,1,uchida2006,neutral,green algae,79,delisei,41.42251694288889,1.514807240778611e-7,npp
1_uchida2006,1,uchida2006,neutral,green algae,79,delisei,40.696188397511214,1.4403084904945845e-7,npp
1_uchida2006,1,uchida2006,neutral,green algae,79,delisei,40.27249044438772,1.2788946451564044e-7,npp
1_uchida2006,1,uchida2006,neutral,green algae,79,delisei,39.58559823145258,1.0491902597894419e-7,npp
2_zotz2003,2,zotz2003,neutral,green algae,9,endosulphureum,40.9836416088657,4.898936172e-7,npp
2_zotz2003,2,zotz2003,neutral,green algae,9,endosulphureum,40.27249044438772,7.35638298e-7,npp
2_zotz2003,2,zotz2003,neutral,green algae,9,endosulphureum,39.58559823145258,1.1489361708e-6,npp
2_zotz2003,2,zotz2003,neutral,green algae,9,endosulphureum,38.92174449622782,1.0260638292e-6,npp
2_zotz2003,2,zotz2003,neutral,green algae,9,endosulphureum,38.27978928434875,5.56914894e-7,npp
2_zotz2003,2,zotz2003,neutral,green algae,9,endosulphureum,37.65866662842876,-4.6276596e-8,npp
1_lange2002florai,1,lange2002florai,neutral,green algae,49.9174,muralis,42.17524303670842,0.00933175228645161,npp
1_lange2002florai,1,lange2002florai,neutral,green algae,49.9174,muralis,42.17524303670842,0.00989018392451612,npp
1_lange2002florai,1,lange2002florai,neutral,green algae,49.9174,muralis,42.17524303670842,0.010194783,npp
1_lange2002florai,1,lange2002florai,neutral,green algae,49.9174,muralis,42.17524303670842,0.01044874248,npp
1_lange2002florai,1,lange2002florai,neutral,green algae,49.9174,muralis,42.17524303670842,0.01080398115290322,npp
1_lange2002florai,1,lange2002florai,neutral,green algae,49.9174,muralis,41.42251694288889,0.0136554092516129,npp
1_lange2002florai,1,lange2002florai,neutral,green algae,49.9174,muralis,41.42251694288889,0.0134523432,npp
1_lange2002florai,1,lange2002florai,neutral,green algae,49.9174,muralis,41.42251694288889,0.01319851063741935,npp
1_lange2002florai,1,lange2002florai,neutral,green algae,49.9174,muralis,41.42251694288889,0.01187858130774193,npp
1_lange2002florai,1,lange2002florai,neutral,green algae,49.9174,muralis,41.42251694288889,0.01172628177096774,npp
1_lange2002florai,1,lange2002florai,neutral,green algae,49.9174,muralis,41.42251694288889,0.01121861664387096,npp
1_lange2002florai,1,lange2002florai,neutral,green algae,49.9174,muralis,41.42251694288889,0.01066018500580645,npp
1_lange2002florai,1,lange2002florai,neutral,green algae,49.9174,muralis,40.696188397511214,0.01328316379741935,npp
1_lange2002florai,1,lange2002florai,neutral,green algae,49.9174,muralis,40.696188397511214,0.01376544566709677,npp
1_lange2002florai,1,lange2002florai,neutral,green algae,49.9174,muralis,40.696188397511214,0.01412081125548387,npp
1_lange2002florai,1,lange2002florai,neutral,green algae,49.9174,muralis,40.696188397511214,0.01452694335677419,npp
1_lange2002florai,1,lange2002florai,neutral,green algae,49.9174,muralis,40.696188397511214,0.01483154243225806,npp
1_lange2002florai,1,lange2002florai,neutral,green algae,49.9174,muralis,40.696188397511214,0.01513614150967741,npp
1_lange2002florai,1,lange2002florai,neutral,green algae,49.9174,muralis,40.696188397511214,0.01538997407225806,npp
1_lange2002florai,1,lange2002florai,neutral,green algae,49.9174,muralis,40.696188397511214,0.01559304012193548,npp
1_lange2002florai,1,lange2002florai,neutral,green algae,49.9174,muralis,39.99489271601007,0.01433225378129032,npp
1_lange2002florai,1,lange2002florai,neutral,green algae,49.9174,muralis,39.99489271601007,0.01483998236516128,npp
1_lange2002florai,1,lange2002florai,neutral,green algae,49.9174,muralis,39.99489271601007,0.01509375147096774,npp
1_lange2002florai,1,lange2002florai,neutral,green algae,49.9174,muralis,39.99489271601007,0.01529681752064516,npp
1_lange2002florai,1,lange2002florai,neutral,green algae,49.9174,muralis,39.99489271601007,0.01549988357225806,npp
1_lange2002florai,1,lange2002florai,neutral,green algae,49.9174,muralis,39.99489271601007,0.0157537161348387,npp
1_lange2002florai,1,lange2002florai,neutral,green algae,49.9174,muralis,39.99489271601007,0.0161090817232258,npp
1_lange2002florai,1,lange2002florai,neutral,green algae,49.9174,muralis,39.99489271601007,0.01631214777483871,npp
1_lange2002florai,1,lange2002florai,neutral,green algae,49.9174,muralis,39.99489271601007,0.01651521382451612,npp
1_lange2002florai,1,lange2002florai,neutral,green algae,49.9174,muralis,39.31735768778696,0.0160414988032258,npp
1_lange2002florai,1,lange2002florai,neutral,green algae,49.9174,muralis,39.31735768778696,0.01665069695612903,npp
1_lange2002florai,1,lange2002florai,neutral,green algae,49.9174,muralis,39.31735768778696,0.0168791462632258,npp
1_lange2002florai,1,lange2002florai,neutral,green algae,49.9174,muralis,39.31735768778696,0.01708221231290322,npp
1_lange2002florai,1,lange2002florai,neutral,green algae,49.9174,muralis,38.66239587389746,0.01503467194258064,npp
1_lange2002florai,1,lange2002florai,neutral,green algae,49.9174,muralis,38.66239587389746,0.01526312124774193,npp
1_lange2002florai,1,lange2002florai,neutral,green algae,49.9174,muralis,38.66239587389746,0.01541542078645161,npp
1_lange2002florai,1,lange2002florai,neutral,green algae,49.9174,muralis,38.66239587389746,0.01571995640516128,npp
2_lange2002florai,2,lange2002florai,neutral,green algae,49.9174,muralis,42.17524303670842,-6.186111096774192e-4,npp
3_green1998,3,green1998,neutral,green algae,-77.01,aprina,42.4840495022893,0.01672880531612903,npp
3_green1998,3,green1998,neutral,green algae,-77.01,aprina,41.720359955241136,0.02373156102580645,npp
3_green1998,3,green1998,neutral,green algae,-77.01,aprina,40.9836416088657,0.02840006483225806,npp
3_green1998,3,green1998,neutral,green algae,-77.01,aprina,40.27249044438772,-0.00389041984064516,npp
3_green1998,3,green1998,neutral,green algae,-77.01,aprina,39.58559823145258,-0.00350137785677419,npp
1_sundberg1997,1,sundberg1997,neutral,cyanobacteria + green algae,64.14,pulmonaria,41.720359955241136,0.00144681152903225,npp
1_sundberg1997,1,sundberg1997,neutral,cyanobacteria + green algae,64.14,pulmonaria,41.12889640811739,0.00213820819354838,npp
1_sundberg1997,1,sundberg1997,neutral,cyanobacteria + green algae,64.14,pulmonaria,40.55396862327563,0.00254792473548387,npp
1_sundberg1997,1,sundberg1997,neutral,cyanobacteria + green algae,64.14,pulmonaria,40.1332115564597,0.00278692606451612,npp
1_sundberg1997,1,sundberg1997,neutral,cyanobacteria + green algae,64.14,pulmonaria,39.7210957437971,0.00276131878064516,npp
1_sundberg1997,1,sundberg1997,neutral,cyanobacteria + green algae,64.14,pulmonaria,39.31735768778696,0.00282960485806451,npp
1_sundberg1997,1,sundberg1997,neutral,cyanobacteria + green algae,64.14,pulmonaria,38.92174449622782,0.00247110288387096,npp
1_sundberg1997,1,sundberg1997,neutral,cyanobacteria + green algae,64.14,pulmonaria,38.53401335397749,0.00182238503225806,npp
2_sundberg1997,2,sundberg1997,neutral,green algae,64.14,glauca,41.570904967043965,3.456983225806451e-4,npp
2_sundberg1997,2,sundberg1997,neutral,green algae,64.14,glauca,40.839409190745464,5.846996516129032e-4,npp
2_sundberg1997,2,sundberg1997,neutral,green algae,64.14,glauca,40.1332115564597,8.663797741935483e-4,npp
2_sundberg1997,2,sundberg1997,neutral,green algae,64.14,glauca,39.451022000851,8.066294322580644e-4,npp
1_tretiach1997,1,tretiach1997,neutral,green algae,45.39,baldensis,42.17524303670842,3.2053873741935484e-4,npp
1_tretiach1997,1,tretiach1997,neutral,green algae,45.39,baldensis,42.17524303670842,2.901674535483871e-4,npp
1_tretiach1997,1,tretiach1997,neutral,green algae,45.39,baldensis,42.17524303670842,2.7795929419354836e-4,npp
1_tretiach1997,1,tretiach1997,neutral,green algae,45.39,baldensis,42.17524303670842,2.5364879806451615e-4,npp
1_tretiach1997,1,tretiach1997,neutral,green algae,45.39,baldensis,42.022517188304626,2.4763611290322575e-4,npp
1_tretiach1997,1,tretiach1997,neutral,green algae,45.39,baldensis,42.17524303670842,2.354183322580645e-4,npp
1_tretiach1997,1,tretiach1997,neutral,green algae,45.39,baldensis,42.17524303670842,2.172167264516129e-4,npp
1_tretiach1997,1,tretiach1997,neutral,green algae,45.39,baldensis,42.17524303670842,2.5976730967741934e-4,npp
1_tretiach1997,1,tretiach1997,neutral,green algae,45.39,baldensis,41.87089345679351,2.7218711419354835e-4,npp
1_tretiach1997,1,tretiach1997,neutral,green algae,45.39,baldensis,41.87089345679351,3.2692661419354835e-4,npp
1_tretiach1997,1,tretiach1997,neutral,green algae,45.39,baldensis,41.87089345679351,3.329585419354838e-4,npp
1_tretiach1997,1,tretiach1997,neutral,green algae,45.39,baldensis,41.87089345679351,3.634164077419354e-4,npp
1_tretiach1997,1,tretiach1997,neutral,green algae,45.39,baldensis,41.87089345679351,3.9382617290322576e-4,npp
1_tretiach1997,1,tretiach1997,neutral,green algae,45.39,baldensis,41.87089345679351,4.1206626e-4,npp
1_tretiach1997,1,tretiach1997,neutral,green algae,45.39,baldensis,41.87089345679351,4.3638637548387097e-4,npp
1_tretiach1997,1,tretiach1997,neutral,green algae,45.39,baldensis,41.720359955241136,4.730012322580644e-4,npp
1_tretiach1997,1,tretiach1997,neutral,green algae,45.39,baldensis,41.720359955241136,5.155614348387095e-4,npp
1_tretiach1997,1,tretiach1997,neutral,green algae,45.39,baldensis,41.570904967043965,5.338207625806451e-4,npp
1_tretiach1997,1,tretiach1997,neutral,green algae,45.39,baldensis,41.720359955241136,5.611712709677419e-4,npp
1_tretiach1997,1,tretiach1997,neutral,green algae,45.39,baldensis,41.570904967043965,6.128707567741935e-4,npp
1_tretiach1997,1,tretiach1997,neutral,green algae,45.39,baldensis,41.42251694288889,4.306430574193548e-4,npp
1_tretiach1997,1,tretiach1997,neutral,green algae,45.39,baldensis,41.42251694288889,4.550112735483871e-4,npp
1_tretiach1997,1,tretiach1997,neutral,green algae,45.39,baldensis,41.42251694288889,5.097122922580645e-4,npp
1_tretiach1997,1,tretiach1997,neutral,green algae,45.39,baldensis,41.275184497778135,5.219589329032258e-4,npp
1_tretiach1997,1,tretiach1997,neutral,green algae,45.39,baldensis,41.275184497778135,5.523494574193547e-4,npp
1_tretiach1997,1,tretiach1997,neutral,green algae,45.39,baldensis,41.42251694288889,5.462309477419355e-4,npp
1_tretiach1997,1,tretiach1997,neutral,green algae,45.39,baldensis,41.42251694288889,5.766310916129032e-4,npp
1_tretiach1997,1,tretiach1997,neutral,green algae,45.39,baldensis,41.275184497778135,6.071563006451612e-4,npp
1_tretiach1997,1,tretiach1997,neutral,green algae,45.39,baldensis,41.275184497778135,6.253867664516128e-4,npp
1_tretiach1997,1,tretiach1997,neutral,green algae,45.39,baldensis,41.275184497778135,6.497068819354838e-4,npp
1_tretiach1997,1,tretiach1997,neutral,green algae,45.39,baldensis,41.275184497778135,6.740654787096774e-4,npp
1_tretiach1997,1,tretiach1997,neutral,green algae,45.39,baldensis,41.42251694288889,7.043020780645161e-4,npp
1_tretiach1997,1,tretiach1997,neutral,green algae,45.39,baldensis,41.42251694288889,6.799819625806451e-4,npp
1_tretiach1997,1,tretiach1997,neutral,green algae,45.39,baldensis,41.275184497778135,6.921901219354838e-4,npp
1_tretiach1997,1,tretiach1997,neutral,green algae,45.39,baldensis,41.42251694288889,7.468911406451612e-4,npp
1_tretiach1997,1,tretiach1997,neutral,green algae,45.39,baldensis,41.42251694288889,7.651119870967741e-4,npp
1_tretiach1997,1,tretiach1997,neutral,green algae,45.39,baldensis,41.275184497778135,7.894705838709678e-4,npp
1_tretiach1997,1,tretiach1997,neutral,green algae,45.39,baldensis,41.275184497778135,7.651697090322579e-4,npp
1_tretiach1997,1,tretiach1997,neutral,green algae,45.39,baldensis,41.275184497778135,7.591377812903226e-4,npp
1_tretiach1997,1,tretiach1997,neutral,green algae,45.39,baldensis,41.275184497778135,7.591955032258065e-4,npp
1_tretiach1997,1,tretiach1997,neutral,green algae,45.39,baldensis,41.275184497778135,7.165679593548386e-4,npp
1_tretiach1997,1,tretiach1997,neutral,green algae,45.39,baldensis,41.275184497778135,7.287953574193548e-4,npp
1_tretiach1997,1,tretiach1997,neutral,green algae,45.39,baldensis,41.275184497778135,7.348465258064515e-4,npp
1_tretiach1997,1,tretiach1997,neutral,green algae,45.39,baldensis,41.12889640811739,7.289300419354839e-4,npp
1_tretiach1997,1,tretiach1997,neutral,green algae,45.39,baldensis,40.9836416088657,6.803186729032257e-4,npp
1_tretiach1997,1,tretiach1997,neutral,green algae,45.39,baldensis,40.9836416088657,7.168277070967742e-4,npp
1_tretiach1997,1,tretiach1997,neutral,green algae,45.39,baldensis,40.9836416088657,7.594167696774193e-4,npp
1_tretiach1997,1,tretiach1997,neutral,green algae,45.39,baldensis,41.12889640811739,6.255695516129031e-4,npp
1_tretiach1997,1,tretiach1997,neutral,green algae,45.39,baldensis,41.12889640811739,5.769197012903225e-4,npp
1_tretiach1997,1,tretiach1997,neutral,green algae,45.39,baldensis,40.9836416088657,4.7979316451612897e-4,npp
1_tretiach1997,1,tretiach1997,neutral,green algae,45.39,baldensis,40.9836416088657,4.980524903225806e-4,npp
1_tretiach1997,1,tretiach1997,neutral,green algae,45.39,baldensis,40.839409190745464,5.163118180645162e-4,npp
1_tretiach1997,1,tretiach1997,neutral,green algae,45.39,baldensis,40.839409190745464,5.527919903225805e-4,npp
1_tretiach1997,1,tretiach1997,neutral,green algae,45.39,baldensis,40.9836416088657,5.345230432258064e-4,npp
1_tretiach1997,1,tretiach1997,neutral,green algae,45.39,baldensis,40.9836416088657,5.162637154838709e-4,npp
1_tretiach1997,1,tretiach1997,neutral,green algae,45.39,baldensis,40.9836416088657,6.135441774193548e-4,npp
1_tretiach1997,1,tretiach1997,neutral,green algae,45.39,baldensis,40.9836416088657,6.682548174193548e-4,npp
1_tretiach1997,1,tretiach1997,neutral,green algae,45.39,baldensis,40.9836416088657,6.86466042580645e-4,npp
1_tretiach1997,1,tretiach1997,neutral,green algae,45.39,baldensis,40.41273940989142,7.052256251612903e-4,npp
1_tretiach1997,1,tretiach1997,neutral,green algae,45.39,baldensis,40.41273940989142,7.842756212903225e-4,npp
1_tretiach1997,1,tretiach1997,neutral,green algae,45.39,baldensis,40.55396862327563,9.119177458064516e-4,npp
1_tretiach1997,1,tretiach1997,neutral,green algae,45.39,baldensis,40.55396862327563,9.42298650967742e-4,npp
1_tretiach1997,1,tretiach1997,neutral,green algae,45.39,baldensis,40.55396862327563,9.605387361290324e-4,npp
1_tretiach1997,1,tretiach1997,neutral,green algae,45.39,baldensis,40.41273940989142,9.666572477419354e-4,npp
1_tretiach1997,1,tretiach1997,neutral,green algae,45.39,baldensis,40.41273940989142,9.48455641935484e-4,npp
1_tretiach1997,1,tretiach1997,neutral,green algae,45.39,baldensis,40.41273940989142,9.545837709677416e-4,npp
1_tretiach1997,1,tretiach1997,neutral,green algae,45.39,baldensis,40.41273940989142,0.00108219703548387,npp
1_tretiach1997,1,tretiach1997,neutral,green algae,45.39,baldensis,40.55396862327563,0.00106391846709677,npp
1_tretiach1997,1,tretiach1997,neutral,green algae,45.39,baldensis,40.41273940989142,0.00106399542967741,npp
1_tretiach1997,1,tretiach1997,neutral,green algae,45.39,baldensis,40.41273940989142,0.00105788654129032,npp
1_tretiach1997,1,tretiach1997,neutral,green algae,45.39,baldensis,40.41273940989142,0.00103358566645161,npp
1_tretiach1997,1,tretiach1997,neutral,green algae,45.39,baldensis,40.41273940989142,0.00100318552064516,npp
1_tretiach1997,1,tretiach1997,neutral,green algae,45.39,baldensis,40.1332115564597,0.00106424555806451,npp
1_tretiach1997,1,tretiach1997,neutral,green algae,45.39,baldensis,40.1332115564597,0.00103383579290322,npp
1_tretiach1997,1,tretiach1997,neutral,green algae,45.39,baldensis,40.1332115564597,9.183344864516127e-4,npp
1_tretiach1997,1,tretiach1997,neutral,green algae,45.39,baldensis,40.1332115564597,8.939951303225806e-4,npp
1_tretiach1997,1,tretiach1997,neutral,green algae,45.39,baldensis,39.99489271601007,8.760147909677418e-4,npp
1_tretiach1997,1,tretiach1997,neutral,green algae,45.39,baldensis,39.857524030741274,0.00101588431548387,npp
1_tretiach1997,1,tretiach1997,neutral,green algae,45.39,baldensis,39.99489271601007,0.00105832907419354,npp
1_tretiach1997,1,tretiach1997,neutral,green algae,45.39,baldensis,39.99489271601007,0.00108265399935483,npp
1_tretiach1997,1,tretiach1997,neutral,green algae,45.39,baldensis,39.99489271601007,0.00111306857419354,npp
1_tretiach1997,1,tretiach1997,neutral,green algae,45.39,baldensis,39.99489271601007,0.00113735982967741,npp
1_tretiach1997,1,tretiach1997,neutral,green algae,45.39,baldensis,39.99489271601007,0.00115561915548387,npp
1_tretiach1997,1,tretiach1997,neutral,green algae,45.39,baldensis,39.99489271601007,0.00116786579612903,npp
1_tretiach1997,1,tretiach1997,neutral,green algae,45.39,baldensis,39.857524030741274,0.00111924480580645,npp
1_tretiach1997,1,tretiach1997,neutral,green algae,45.39,baldensis,39.99489271601007,0.00109490544967741,npp
1_tretiach1997,1,tretiach1997,neutral,green algae,45.39,baldensis,39.451022000851,0.00101631722903225,npp
1_tretiach1997,1,tretiach1997,neutral,green algae,45.39,baldensis,39.451022000851,9.615969696774192e-4,npp
1_tretiach1997,1,tretiach1997,neutral,green algae,45.39,baldensis,39.451022000851,9.921221787096773e-4,npp
1_tretiach1997,1,tretiach1997,neutral,green algae,45.39,baldensis,39.451022000851,8.705216012903224e-4,npp
1_tretiach1997,1,tretiach1997,neutral,green algae,45.39,baldensis,39.451022000851,8.1580134e-4,npp
1_tretiach1997,1,tretiach1997,neutral,green algae,45.39,baldensis,39.451022000851,7.854011961290321e-4,npp
1_tretiach1997,1,tretiach1997,neutral,green algae,45.39,baldensis,39.451022000851,7.85353095483871e-4,npp
1_tretiach1997,1,tretiach1997,neutral,green algae,45.39,baldensis,39.451022000851,7.85324233548387e-4,npp
1_tretiach1997,1,tretiach1997,neutral,green algae,45.39,baldensis,39.451022000851,7.36684002580645e-4,npp
1_tretiach1997,1,tretiach1997,neutral,green algae,45.39,baldensis,39.451022000851,7.123831277419354e-4,npp
1_tretiach1997,1,tretiach1997,neutral,green algae,45.39,baldensis,39.451022000851,7.001845896774194e-4,npp
1_tretiach1997,1,tretiach1997,neutral,green algae,45.39,baldensis,39.58559823145258,6.939987367741934e-4,npp
1_tretiach1997,1,tretiach1997,neutral,green algae,45.39,baldensis,39.58559823145258,7.243796419354839e-4,npp
1_tretiach1997,1,tretiach1997,neutral,green algae,45.39,baldensis,39.58559823145258,7.547701645161289e-4,npp
1_zotz1998,1,zotz1998,high,cyanobacteria,8,tomentosa,40.696188397511214,2.3721275019718317e-7,npp
1_zotz1998,1,zotz1998,high,cyanobacteria,8,tomentosa,40.41273940989142,4.981467753802818e-7,npp
1_zotz1998,1,zotz1998,high,cyanobacteria,8,tomentosa,40.1332115564597,6.997776129577466e-7,npp
1_zotz1998,1,zotz1998,high,cyanobacteria,8,tomentosa,39.857524030741274,8.183839881690142e-7,npp
1_zotz1998,1,zotz1998,high,cyanobacteria,8,tomentosa,39.58559823145258,1.067457375774648e-6,npp
1_zotz1998,1,zotz1998,high,cyanobacteria,8,tomentosa,39.31735768778696,1.2809488512676058e-6,npp
1_zotz1998,1,zotz1998,high,cyanobacteria,8,tomentosa,39.05272798771773,1.1504818383098593e-6,npp
1_zotz1998,1,zotz1998,high,cyanobacteria,8,tomentosa,38.79163670917708,1.067457375774648e-6,npp
1_zotz1998,1,zotz1998,high,cyanobacteria,8,tomentosa,38.53401335397749,9.429206822535214e-7,npp
1_zotz1998,1,zotz1998,high,cyanobacteria,8,tomentosa,38.27978928434875,9.014084507042256e-7,npp
1_zotz1998,1,zotz1998,high,cyanobacteria,8,tomentosa,38.028897661970575,7.768717566197185e-7,npp
1_zotz1998,1,zotz1998,high,cyanobacteria,8,tomentosa,37.781273389387344,6.523350630985917e-7,npp
1_zotz1998,1,zotz1998,high,cyanobacteria,8,tomentosa,37.53685305369666,4.7442550039436634e-7,npp
1_zotz1998,1,zotz1998,high,cyanobacteria,8,tomentosa,37.29557487240984,3.14306893971831e-7,npp
1_zotz1998,1,zotz1998,high,cyanobacteria,8,tomentosa,37.05737864138695,1.363973313802817e-7,npp
1_zotz1998,1,zotz1998,high,cyanobacteria,8,tomentosa,36.82220568475432,-2.9058561898591554e-7,npp
2_kappen2000,2,kappen2000,neutral,green algae,-72.18,frigida,42.99603151213456,3.6304573430280993e-7,npp
2_kappen2000,2,kappen2000,neutral,green algae,-72.18,frigida,42.21407696878746,8.86140327198364e-7,npp
2_kappen2000,2,kappen2000,neutral,green algae,-72.18,frigida,41.46819773148629,9.646570817238503e-7,npp
2_kappen2000,2,kappen2000,neutral,green algae,-72.18,frigida,40.835334961066295,9.967010709687192e-7,npp
2_kappen2000,2,kappen2000,neutral,green algae,-72.18,frigida,40.19290640021421,7.416869022191926e-7,npp
2_kappen2000,2,kappen2000,neutral,green algae,-72.18,frigida,39.642594243872686,7.088099182004089e-7,npp
2_kappen2000,2,kappen2000,neutral,green algae,-72.18,frigida,38.829830324770974,2.936872816784065e-7,npp
1_lange1991,1,lange1991,neutral,green algae,53.728189,portentosa,41.87089345679351,8.724087591600001e-7,npp
1_lange1991,1,lange1991,neutral,green algae,53.728189,portentosa,41.275184497778135,1.2192700728000002e-6,npp
1_lange1991,1,lange1991,neutral,green algae,53.728189,portentosa,40.696188397511214,1.5661313868000002e-6,npp
1_lange1991,1,lange1991,neutral,green algae,53.728189,portentosa,40.27249044438772,2.0181021900000003e-6,npp
1_lange1991,1,lange1991,neutral,green algae,53.728189,portentosa,39.58559823145258,2.249343066e-6,npp
1_lange1991,1,lange1991,neutral,green algae,53.728189,portentosa,38.92174449622782,2.1127007304e-6,npp
1_lange1991,1,lange1991,neutral,green algae,53.728189,portentosa,38.27978928434875,2.0286131388000005e-6,npp
2_coxson2003,2,coxson2003,neutral,green algae,53.37,sarmentosa,42.4840495022893,5.832007876997651e-7,npp
2_coxson2003,2,coxson2003,neutral,green algae,53.37,sarmentosa,41.720359955241136,9.013103082632736e-7,npp
2_coxson2003,2,coxson2003,neutral,green algae,53.37,sarmentosa,40.27249044438772,1.0679391047489206e-6,npp
2_coxson2003,2,coxson2003,neutral,green algae,53.37,sarmentosa,38.92174449622782,1.0224948875255625e-6,npp
4_coxson2003,4,coxson2003,neutral,green algae,53.37,sarmentosa,41.720359955241136,9.013103082632736e-7,npp
4_coxson2003,4,coxson2003,neutral,green algae,53.37,sarmentosa,40.27249044438772,1.26486404605014e-6,npp
4_coxson2003,4,coxson2003,neutral,green algae,53.37,sarmentosa,38.92174449622782,1.666287964856472e-6,npp
6_coxson2003,6,coxson2003,neutral,green algae,53.37,spp,42.4840495022893,4.3929409982579715e-7,npp
6_coxson2003,6,coxson2003,neutral,green algae,53.37,spp,41.720359955241136,1.0755131409528135e-6,npp
6_coxson2003,6,coxson2003,neutral,green algae,53.37,spp,40.27249044438772,1.3178822994773915e-6,npp
6_coxson2003,6,coxson2003,neutral,green algae,53.37,spp,38.92174449622782,1.1436794667878514e-6,npp
8_coxson2003,8,coxson2003,neutral,green algae,53.37,spp,41.720359955241136,1.120957358176172e-6,npp
8_coxson2003,8,coxson2003,neutral,green algae,53.37,spp,40.27249044438772,1.938953268196622e-6,npp
8_coxson2003,8,coxson2003,neutral,green algae,53.37,spp,38.92174449622782,1.4314928425357874e-6,npp
2_lange1980,2,lange1980,neutral,green algae,30.7141,maciformis,38.92174449622782,4.086379686434902e-7,npp
2_lange1980,2,lange1980,neutral,green algae,30.7141,maciformis,40.27249044438772,1.647856388699538e-7,npp
2_lange1980,2,lange1980,neutral,green algae,30.7141,maciformis,41.720359955241136,1.4944393622661517e-7,npp
1_adams1971,1,adams1971,neutral,green algae,44.0197,rangiferina,42.4840495022893,7.742979474361887e-8,npp
1_adams1971,1,adams1971,neutral,green algae,44.0197,rangiferina,42.17524303670842,1.7367165038248881e-7,npp
1_adams1971,1,adams1971,neutral,green algae,44.0197,rangiferina,41.720359955241136,2.457135249564493e-7,npp
1_adams1971,1,adams1971,neutral,green algae,44.0197,rangiferina,41.42251694288889,3.069897053699917e-7,npp
1_adams1971,1,adams1971,neutral,green algae,44.0197,rangiferina,40.9836416088657,3.548214511853366e-7,npp
1_adams1971,1,adams1971,neutral,green algae,44.0197,rangiferina,40.696188397511214,3.851652851624631e-7,npp
1_adams1971,1,adams1971,neutral,green algae,44.0197,rangiferina,40.27249044438772,4.074424592895555e-7,npp
1_adams1971,1,adams1971,neutral,green algae,44.0197,rangiferina,39.99489271601007,4.068742414602741e-7,npp
1_adams1971,1,adams1971,neutral,green algae,44.0197,rangiferina,39.58559823145258,3.767282685753238e-7,npp
1_adams1971,1,adams1971,neutral,green algae,44.0197,rangiferina,39.31735768778696,3.183388366280391e-7,npp
1_adams1971,1,adams1971,neutral,green algae,44.0197,rangiferina,38.92174449622782,2.720392494130122e-7,npp
1_adams1971,1,adams1971,neutral,green algae,44.0197,rangiferina,38.66239587389746,1.894498356434144e-7,npp
1_adams1971,1,adams1971,neutral,green algae,44.0197,rangiferina,38.27978928434875,1.1761596985533593e-7,npp
1_adams1971,1,adams1971,neutral,green algae,44.0197,rangiferina,38.028897661970575,4.173862682723623e-8,npp
1_adams1971,1,adams1971,neutral,green algae,44.0197,rangiferina,37.65866662842876,-3.413871620086344e-8,npp
1_brownkershaw1984,1,brownkershaw1984,neutral,green algae,58.7679,rufescens,41.720359955241136,9.9219874270999e-7,npp
1_brownkershaw1984,1,brownkershaw1984,neutral,green algae,58.7679,rufescens,40.27249044438772,1.6814360372642585e-6,npp
1_brownkershaw1984,1,brownkershaw1984,neutral,green algae,58.7679,rufescens,38.92174449622782,2.9107659683405288e-6,npp
1_brownkershaw1984,1,brownkershaw1984,neutral,green algae,58.7679,rufescens,37.65866662842876,3.065967064303567e-6,npp
1_brownkershaw1984,1,brownkershaw1984,neutral,green algae,58.7679,rufescens,36.47499016674626,2.211618571536772e-6,npp
3_brownkershaw1984,3,brownkershaw1984,neutral,green algae,58.7679,rufescens,41.720359955241136,1.4163447701280014e-6,npp
3_brownkershaw1984,3,brownkershaw1984,neutral,green algae,58.7679,rufescens,40.27249044438772,2.052563811255018e-6,npp
3_brownkershaw1984,3,brownkershaw1984,neutral,green algae,58.7679,rufescens,38.92174449622782,2.9107659683405288e-6,npp
3_brownkershaw1984,3,brownkershaw1984,neutral,green algae,58.7679,rufescens,37.65866662842876,3.065967064303567e-6,npp
3_brownkershaw1984,3,brownkershaw1984,neutral,green algae,58.7679,rufescens,36.47499016674626,2.5297280921002797e-6,npp
5_brownkershaw1984,5,brownkershaw1984,neutral,green algae,58.7679,rufescens,40.27249044438772,1.4163447701280014e-6,npp
5_brownkershaw1984,5,brownkershaw1984,neutral,green algae,58.7679,rufescens,38.92174449622782,2.115412631977581e-6,npp
5_brownkershaw1984,5,brownkershaw1984,neutral,green algae,58.7679,rufescens,37.65866662842876,3.646212896311445e-6,npp
5_brownkershaw1984,5,brownkershaw1984,neutral,green algae,58.7679,rufescens,36.47499016674626,1.3633265167007497e-6,npp
7_brownkershaw1984,7,brownkershaw1984,neutral,green algae,45.1166,rufescens,41.720359955241136,1.4918556161478452e-6,npp
7_brownkershaw1984,7,brownkershaw1984,neutral,green algae,45.1166,rufescens,40.27249044438772,2.027393529500871e-6,npp
7_brownkershaw1984,7,brownkershaw1984,neutral,green algae,45.1166,rufescens,38.92174449622782,5.3171264258123155e-6,npp
7_brownkershaw1984,7,brownkershaw1984,neutral,green algae,45.1166,rufescens,37.65866662842876,4.399061431492842e-6,npp
7_brownkershaw1984,7,brownkershaw1984,neutral,green algae,45.1166,rufescens,36.47499016674626,3.557501853366659e-6,npp
9_brownkershaw1984,9,brownkershaw1984,neutral,green algae,45.1166,rufescens,41.720359955241136,8.7981228660153e-7,npp
9_brownkershaw1984,9,brownkershaw1984,neutral,green algae,45.1166,rufescens,40.27249044438772,3.634007269559948e-6,npp
9_brownkershaw1984,9,brownkershaw1984,neutral,green algae,45.1166,rufescens,38.92174449622782,4.169545182912974e-6,npp
9_brownkershaw1984,9,brownkershaw1984,neutral,green algae,45.1166,rufescens,37.65866662842876,7.918310573354541e-6,npp
9_brownkershaw1984,9,brownkershaw1984,neutral,green algae,45.1166,rufescens,36.47499016674626,5.3171264258123155e-6,npp
11_brownkershaw1984,11,brownkershaw1984,neutral,green algae,45.1166,rufescens,41.720359955241136,1.0328231189881087e-6,npp
11_brownkershaw1984,11,brownkershaw1984,neutral,green algae,45.1166,rufescens,40.27249044438772,2.3334151942740285e-6,npp
11_brownkershaw1984,11,brownkershaw1984,neutral,green algae,45.1166,rufescens,38.92174449622782,5.623148090585473e-6,npp
11_brownkershaw1984,11,brownkershaw1984,neutral,green algae,45.1166,rufescens,37.65866662842876,5.776158922972051e-6,npp
11_brownkershaw1984,11,brownkershaw1984,neutral,green algae,45.1166,rufescens,36.47499016674626,5.546642674392184e-6,npp
1_eickmeieradams1973,1,eickmeieradams1973,high,green algae,39.6636,ecmocyna,42.4840495022893,7.555922669090358e-8,npp
1_eickmeieradams1973,1,eickmeieradams1973,high,green algae,39.6636,ecmocyna,42.17524303670842,1.0730962811482238e-7,npp
1_eickmeieradams1973,1,eickmeieradams1973,high,green algae,39.6636,ecmocyna,41.720359955241136,1.197303226539423e-7,npp
1_eickmeieradams1973,1,eickmeieradams1973,high,green algae,39.6636,ecmocyna,41.42251694288889,1.257336590168901e-7,npp
1_eickmeieradams1973,1,eickmeieradams1973,high,green algae,39.6636,ecmocyna,40.9836416088657,1.488930796031205e-7,npp
1_eickmeieradams1973,1,eickmeieradams1973,high,green algae,39.6636,ecmocyna,40.696188397511214,1.720525001893509e-7,npp
1_eickmeieradams1973,1,eickmeieradams1973,high,green algae,39.6636,ecmocyna,40.27249044438772,1.629957433916534e-7,npp
1_eickmeieradams1973,1,eickmeieradams1973,high,green algae,39.6636,ecmocyna,39.99489271601007,1.5608673180337802e-7,npp
1_eickmeieradams1973,1,eickmeieradams1973,high,green algae,39.6636,ecmocyna,39.58559823145258,1.4058673937741426e-7,npp
1_eickmeieradams1973,1,eickmeieradams1973,high,green algae,39.6636,ecmocyna,39.31735768778696,1.089915973642354e-7,npp
1_eickmeieradams1973,1,eickmeieradams1973,high,green algae,39.6636,ecmocyna,38.92174449622782,4.0858910853593886e-8,npp
1_eickmeieradams1973,1,eickmeieradams1973,high,green algae,39.6636,ecmocyna,38.66239587389746,-1.9730791486783303e-8,npp
1_eickmeieradams1973,1,eickmeieradams1973,high,green algae,39.6636,ecmocyna,38.27978928434875,-1.0609343482541847e-7,npp
1_eickmeieradams1973,1,eickmeieradams1973,high,green algae,39.6636,ecmocyna,38.028897661970575,-2.0105999772778915e-7,npp
1_eickmeieradams1973,1,eickmeieradams1973,high,green algae,39.6636,ecmocyna,37.65866662842876,-2.852878345830493e-7,npp
1_peetadams1972,1,peetadams1972,neutral,green algae,37.9643,subtenuis,41.12889640811739,7.856390365825947e-8,npp
1_peetadams1972,1,peetadams1972,neutral,green algae,37.9643,subtenuis,40.9836416088657,1.3692653184882226e-7,npp
1_peetadams1972,1,peetadams1972,neutral,green algae,37.9643,subtenuis,40.839409190745464,1.985328576838597e-7,npp
1_peetadams1972,1,peetadams1972,neutral,green algae,37.9643,subtenuis,40.696188397511214,2.277032871317125e-7,npp
1_peetadams1972,1,peetadams1972,neutral,green algae,37.9643,subtenuis,40.55396862327563,2.4227489509959856e-7,npp
1_peetadams1972,1,peetadams1972,neutral,green algae,37.9643,subtenuis,40.41273940989142,2.568497689918958e-7,npp
1_peetadams1972,1,peetadams1972,neutral,green algae,37.9643,subtenuis,40.27249044438772,2.868300340831629e-7,npp
1_peetadams1972,1,peetadams1972,neutral,green algae,37.9643,subtenuis,40.1332115564597,3.160026403090207e-7,npp
1_peetadams1972,1,peetadams1972,neutral,green algae,37.9643,subtenuis,39.99489271601007,3.476058433689313e-7,npp
1_peetadams1972,1,peetadams1972,neutral,green algae,37.9643,subtenuis,39.857524030741274,3.783970332500189e-7,npp
1_peetadams1972,1,peetadams1972,neutral,green algae,37.9643,subtenuis,39.7210957437971,3.83239722790275e-7,npp
1_peetadams1972,1,peetadams1972,neutral,green algae,37.9643,subtenuis,39.58559823145258,3.9294796031205027e-7,npp
1_peetadams1972,1,peetadams1972,neutral,green algae,37.9643,subtenuis,39.451022000851,4.010332598651822e-7,npp
1_peetadams1972,1,peetadams1972,neutral,green algae,37.9643,subtenuis,39.31735768778696,4.08306546239491e-7,npp
1_peetadams1972,1,peetadams1972,neutral,green algae,37.9643,subtenuis,39.18459605453426,4.090946125880482e-7,npp
1_peetadams1972,1,peetadams1972,neutral,green algae,37.9643,subtenuis,39.05272798771773,3.912325009467545e-7,npp
1_peetadams1972,1,peetadams1972,neutral,green algae,37.9643,subtenuis,38.92174449622782,3.9121290767249866e-7,npp
1_peetadams1972,1,peetadams1972,neutral,green algae,37.9643,subtenuis,38.79163670917708,3.944304832235098e-7,npp
1_peetadams1972,1,peetadams1972,neutral,green algae,37.9643,subtenuis,38.66239587389746,3.652110717261229e-7,npp
1_peetadams1972,1,peetadams1972,neutral,green algae,37.9643,subtenuis,38.53401335397749,3.1815567219571306e-7,npp
1_peetadams1972,1,peetadams1972,neutral,green algae,37.9643,subtenuis,38.40648062733848,3.035372589562978e-7,npp
1_peetadams1972,1,peetadams1972,neutral,green algae,37.9643,subtenuis,38.27978928434875,2.7432002499431945e-7,npp
1_peetadams1972,1,peetadams1972,neutral,green algae,37.9643,subtenuis,38.15393102597508,2.288864750435507e-7,npp
1_peetadams1972,1,peetadams1972,neutral,green algae,37.9643,subtenuis,38.028897661970575,1.9804521472392643e-7,npp
1_peetadams1972,1,peetadams1972,neutral,green algae,37.9643,subtenuis,37.9046811090979,1.0720206165265473e-7,npp
1_peetadams1972,1,peetadams1972,neutral,green algae,37.9643,subtenuis,37.781273389387344,-1.1216884041505718e-8,npp
1_peetadams1972,1,peetadams1972,neutral,green algae,37.9643,subtenuis,37.65866662842876,-1.02064391426191e-7,npp
1_peetadams1972,1,peetadams1972,neutral,green algae,37.9643,subtenuis,37.53685305369666,-2.3669747557373326e-7,npp
1_kershaw1977,1,kershaw1977,neutral,cyanobacteria,43.3247,polydactyla,41.720359955241136,1.160983651442854e-6,npp
1_kershaw1977,1,kershaw1977,neutral,cyanobacteria,43.3247,polydactyla,40.27249044438772,3.317096147845187e-6,npp
1_kershaw1977,1,kershaw1977,neutral,cyanobacteria,43.3247,polydactyla,38.92174449622782,3.715147685374536e-6,npp
1_kershaw1977,1,kershaw1977,neutral,cyanobacteria,43.3247,polydactyla,37.65866662842876,2.255625380595319e-6,npp
3_kershaw1977,3,kershaw1977,neutral,cyanobacteria,43.3247,polydactyla,41.720359955241136,1.2936674975384385e-6,npp
3_kershaw1977,3,kershaw1977,neutral,cyanobacteria,43.3247,polydactyla,40.27249044438772,1.6253771120199954e-6,npp
3_kershaw1977,3,kershaw1977,neutral,cyanobacteria,43.3247,polydactyla,38.92174449622782,3.383438070892979e-6,npp
3_kershaw1977,3,kershaw1977,neutral,cyanobacteria,43.3247,polydactyla,37.65866662842876,1.0614707672498676e-6,npp
5_kershaw1977,5,kershaw1977,neutral,cyanobacteria,43.3247,polydactyla,41.720359955241136,1.160983651442854e-6,npp
5_kershaw1977,5,kershaw1977,neutral,cyanobacteria,43.3247,polydactyla,40.27249044438772,2.587334995076877e-6,npp
5_kershaw1977,5,kershaw1977,neutral,cyanobacteria,43.3247,polydactyla,38.92174449622782,1.4263513436340226e-6,npp
5_kershaw1977,5,kershaw1977,neutral,cyanobacteria,43.3247,polydactyla,37.65866662842876,4.013686338710899e-6,npp
8_kershaw1977,8,kershaw1977,neutral,cyanobacteria,43.3247,canina var. praetextata,41.720359955241136,3.0873037006740895e-6,npp
8_kershaw1977,8,kershaw1977,neutral,cyanobacteria,43.3247,canina var. praetextata,40.27249044438772,4.125709647049912e-6,npp
8_kershaw1977,8,kershaw1977,neutral,cyanobacteria,43.3247,canina var. praetextata,38.92174449622782,4.829145933499962e-6,npp
8_kershaw1977,8,kershaw1977,neutral,cyanobacteria,43.3247,canina var. praetextata,37.65866662842876,3.8242369529652355e-6,npp
10_kershaw1977,10,kershaw1977,neutral,cyanobacteria,43.3247,canina var. praetextata,41.720359955241136,1.4124554002878131e-6,npp
10_kershaw1977,10,kershaw1977,neutral,cyanobacteria,43.3247,canina var. praetextata,40.27249044438772,5.1306186275846395e-6,npp
10_kershaw1977,10,kershaw1977,neutral,cyanobacteria,43.3247,canina var. praetextata,38.92174449622782,3.321782463076573e-6,npp
10_kershaw1977,10,kershaw1977,neutral,cyanobacteria,43.3247,canina var. praetextata,37.65866662842876,1.914909890176475e-6,npp
12_kershaw1977,12,kershaw1977,neutral,cyanobacteria,43.3247,canina var. praetextata,41.720359955241136,2.2498795508596533e-6,npp
12_kershaw1977,12,kershaw1977,neutral,cyanobacteria,43.3247,canina var. praetextata,40.27249044438772,2.685340108308718e-6,npp
12_kershaw1977,12,kershaw1977,neutral,cyanobacteria,43.3247,canina var. praetextata,38.92174449622782,2.0154007884571688e-6,npp
12_kershaw1977,12,kershaw1977,neutral,cyanobacteria,43.3247,canina var. praetextata,37.65866662842876,1.814418992653185e-6,npp
14_kershaw1977,14,kershaw1977,neutral,cyanobacteria,43.3247,canina var. praetextata,41.720359955241136,2.38386741422404e-6,npp
14_kershaw1977,14,kershaw1977,neutral,cyanobacteria,43.3247,canina var. praetextata,40.27249044438772,4.259697511171704e-6,npp
14_kershaw1977,14,kershaw1977,neutral,cyanobacteria,43.3247,canina var. praetextata,38.92174449622782,4.4941762735741874e-6,npp
14_kershaw1977,14,kershaw1977,neutral,cyanobacteria,43.3247,canina var. praetextata,37.65866662842876,4.929636831780656e-6,npp
16_kershaw1977,16,kershaw1977,neutral,cyanobacteria,43.3247,canina var. praetextata,41.720359955241136,2.1828856184200564e-6,npp
16_kershaw1977,16,kershaw1977,neutral,cyanobacteria,43.3247,canina var. praetextata,40.27249044438772,2.41736438082254e-6,npp
16_kershaw1977,16,kershaw1977,neutral,cyanobacteria,43.3247,canina var. praetextata,38.92174449622782,1.646934161932894e-6,npp
16_kershaw1977,16,kershaw1977,neutral,cyanobacteria,43.3247,canina var. praetextata,37.65866662842876,1.6971796114519428e-6,npp
1_kershaw1983,1,kershaw1983,neutral,green algae,47.9885,stellaris,41.720359955241136,4.009783874876922e-7,npp
1_kershaw1983,1,kershaw1983,neutral,green algae,47.9885,stellaris,40.27249044438772,6.196938710899038e-7,npp
1_kershaw1983,1,kershaw1983,neutral,green algae,47.9885,stellaris,38.92174449622782,4.738835484359615e-7,npp
1_kershaw1983,1,kershaw1983,neutral,green algae,47.9885,stellaris,37.65866662842876,8.38409355449519e-7,npp
3_kershaw1983,3,kershaw1983,neutral,green algae,47.9885,stellaris,41.720359955241136,5.710904302052563e-7,npp
3_kershaw1983,3,kershaw1983,neutral,green algae,47.9885,stellaris,40.27249044438772,1.2515386025903204e-6,npp
3_kershaw1983,3,kershaw1983,neutral,green algae,47.9885,stellaris,38.92174449622782,1.275840323411346e-6,npp
5_kershaw1983,5,kershaw1983,neutral,green algae,47.9885,stellaris,41.720359955241136,7.655041937438461e-7,npp
5_kershaw1983,5,kershaw1983,neutral,green algae,47.9885,stellaris,40.27249044438772,1.44595236612891e-6,npp
5_kershaw1983,5,kershaw1983,neutral,green algae,47.9885,stellaris,38.92174449622782,1.8104781731424675e-6,npp
5_kershaw1983,5,kershaw1983,neutral,green algae,47.9885,stellaris,37.65866662842876,1.2272368825266985e-6,npp
7_kershaw1983,7,kershaw1983,neutral,green algae,47.9885,stellaris,41.720359955241136,8.870127963341664e-7,npp
7_kershaw1983,7,kershaw1983,neutral,green algae,47.9885,stellaris,40.27249044438772,1.6403661296674995e-6,npp
7_kershaw1983,7,kershaw1983,neutral,green algae,47.9885,stellaris,38.92174449622782,1.9076850549117625e-6,npp
9_kershaw1983,9,kershaw1983,neutral,green algae,47.9885,stellaris,41.720359955241136,6.117490782397939e-7,npp
9_kershaw1983,9,kershaw1983,neutral,green algae,47.9885,stellaris,40.27249044438772,1.1069745224570171e-6,npp
9_kershaw1983,9,kershaw1983,neutral,green algae,47.9885,stellaris,38.92174449622782,1.48567633265167e-6,npp
9_kershaw1983,9,kershaw1983,neutral,green algae,47.9885,stellaris,37.65866662842876,5.243563523441642e-7,npp
11_kershaw1983,11,kershaw1983,neutral,green algae,47.9885,stellaris,41.720359955241136,6.700108952510794e-7,npp
11_kershaw1983,11,kershaw1983,neutral,green algae,47.9885,stellaris,40.27249044438772,1.776985416950693e-6,npp
11_kershaw1983,11,kershaw1983,neutral,green algae,47.9885,stellaris,38.92174449622782,1.8935090509732637e-6,npp
11_kershaw1983,11,kershaw1983,neutral,green algae,47.9885,stellaris,37.65866662842876,6.991418033780201e-7,npp
13_kershaw1983,13,kershaw1983,neutral,green algae,47.9885,stellaris,41.720359955241136,1.0195817965613876e-6,npp
13_kershaw1983,13,kershaw1983,neutral,green algae,47.9885,stellaris,40.27249044438772,2.0682945020071197e-6,npp
13_kershaw1983,13,kershaw1983,neutral,green algae,47.9885,stellaris,38.92174449622782,3.029614481557222e-6,npp
13_kershaw1983,13,kershaw1983,neutral,green algae,47.9885,stellaris,37.65866662842876,1.2526290646065288e-6,npp
15_kershaw1983,15,kershaw1983,neutral,green algae,47.9885,stellaris,41.720359955241136,1.1069745224570171e-6,npp
15_kershaw1983,15,kershaw1983,neutral,green algae,47.9885,stellaris,40.27249044438772,2.650912671362569e-6,npp
15_kershaw1983,15,kershaw1983,neutral,green algae,47.9885,stellaris,38.92174449622782,3.1315726615163217e-6,npp
15_kershaw1983,15,kershaw1983,neutral,green algae,47.9885,stellaris,37.65866662842876,1.776985416950693e-6,npp
1_larson1980,1,larson1980,neutral,green algae,44.55,vellea,42.4840495022893,3.2878025448761645e-8,npp
1_larson1980,1,larson1980,neutral,green algae,44.55,vellea,40.41273940989142,1.1957772930394606e-7,npp
1_larson1980,1,larson1980,neutral,green algae,44.55,vellea,38.53401335397749,-2.2698707869423618e-7,npp
3_larson1980,3,larson1980,neutral,green algae,44.55,vellea,42.4840495022893,3.914942088919185e-7,npp
3_larson1980,3,larson1980,neutral,green algae,44.55,vellea,40.41273940989142,-5.0389571309550866e-8,npp
3_larson1980,3,larson1980,neutral,green algae,44.55,vellea,38.53401335397749,1.506226971142922e-7,npp
5_larson1980,5,larson1980,neutral,green algae,44.55,mammulata,42.4840495022893,8.938303567371053e-8,npp
5_larson1980,5,larson1980,neutral,green algae,44.55,mammulata,40.41273940989142,3.3401029235779753e-7,npp
5_larson1980,5,larson1980,neutral,green algae,44.55,mammulata,38.53401335397749,2.399228857077937e-7,npp
7_larson1980,7,larson1980,neutral,green algae,44.55,mammulata,42.4840495022893,1.834704423237143e-7,npp
7_larson1980,7,larson1980,neutral,green algae,44.55,mammulata,40.41273940989142,3.810539953040975e-7,npp
7_larson1980,7,larson1980,neutral,green algae,44.55,mammulata,38.53401335397749,2.963753298492767e-7,npp
9_larson1980,9,larson1980,neutral,green algae,44.55,papulosa,42.4840495022893,3.0331965462394904e-8,npp
9_larson1980,9,larson1980,neutral,green algae,44.55,papulosa,40.41273940989142,4.3331379156252363e-7,npp
9_larson1980,9,larson1980,neutral,green algae,44.55,papulosa,38.53401335397749,2.8269391804892825e-7,npp
11_larson1980,11,larson1980,neutral,green algae,44.55,papulosa,42.4840495022893,5.009107399833371e-8,npp
11_larson1980,11,larson1980,neutral,green algae,44.55,papulosa,40.41273940989142,4.925911186851473e-7,npp
11_larson1980,11,larson1980,neutral,green algae,44.55,papulosa,38.53401335397749,4.010752457774748e-7,npp
13_larson1980,13,larson1980,neutral,green algae,44.55,muhlenbergii,42.4840495022893,8.228300386275848e-8,npp
13_larson1980,13,larson1980,neutral,green algae,44.55,muhlenbergii,40.41273940989142,1.417355903961221e-7,npp
13_larson1980,13,larson1980,neutral,green algae,44.55,muhlenbergii,38.53401335397749,-1.7415010679391045e-7,npp
15_larson1980,15,larson1980,neutral,green algae,44.55,muhlenbergii,42.4840495022893,1.3861881011891237e-7,npp
15_larson1980,15,larson1980,neutral,green algae,44.55,muhlenbergii,40.41273940989142,1.886820957358176e-7,npp
15_larson1980,15,larson1980,neutral,green algae,44.55,muhlenbergii,38.53401335397749,-5.2128152692569876e-8,npp
17_larson1980,17,larson1980,neutral,green algae,44.55,deusta,42.4840495022893,5.104025206392486e-7,npp
17_larson1980,17,larson1980,neutral,green algae,44.55,deusta,40.41273940989142,9.905334204347498e-7,npp
17_larson1980,17,larson1980,neutral,green algae,44.55,deusta,38.53401335397749,-3.4379364992804666e-7,npp
19_larson1980,19,larson1980,neutral,green algae,44.55,deusta,42.4840495022893,3.608070673331818e-7,npp
19_larson1980,19,larson1980,neutral,green algae,44.55,deusta,40.41273940989142,1.0653311474664848e-6,npp
19_larson1980,19,larson1980,neutral,green algae,44.55,deusta,38.53401335397749,3.98512482011664e-8,npp
5_lechowicz1973,5,lechowicz1973,neutral,green algae,43.8673,uncialis,42.022517188304626,9.390466030447625e-8,npp
5_lechowicz1973,5,lechowicz1973,neutral,green algae,43.8673,uncialis,41.12889640811739,2.9208570173445426e-7,npp
5_lechowicz1973,5,lechowicz1973,neutral,green algae,43.8673,uncialis,40.27249044438772,4.06384327804287e-7,npp
5_lechowicz1973,5,lechowicz1973,neutral,green algae,43.8673,uncialis,39.99489271601007,4.898862016208437e-7,npp
5_lechowicz1973,5,lechowicz1973,neutral,green algae,43.8673,uncialis,39.58559823145258,5.20737316518973e-7,npp
5_lechowicz1973,5,lechowicz1973,neutral,green algae,43.8673,uncialis,39.31735768778696,5.465190638491252e-7,npp
5_lechowicz1973,5,lechowicz1973,neutral,green algae,43.8673,uncialis,38.92174449622782,5.299518791183821e-7,npp
5_lechowicz1973,5,lechowicz1973,neutral,green algae,43.8673,uncialis,38.15393102597508,3.811598030750587e-7,npp
5_lechowicz1973,5,lechowicz1973,neutral,green algae,43.8673,uncialis,37.53685305369666,4.3129431947284707e-8,npp
6_lechowicz1973,6,lechowicz1973,neutral,green algae,43.8673,rangiferina,42.022517188304626,1.149975816102401e-7,npp
6_lechowicz1973,6,lechowicz1973,neutral,green algae,43.8673,rangiferina,41.12889640811739,5.236729296372037e-7,npp
6_lechowicz1973,6,lechowicz1973,neutral,green algae,43.8673,rangiferina,40.41273940989142,9.53495562372188e-7,npp
6_lechowicz1973,6,lechowicz1973,neutral,green algae,43.8673,rangiferina,39.99489271601007,1.2262357312731954e-6,npp
6_lechowicz1973,6,lechowicz1973,neutral,green algae,43.8673,rangiferina,39.58559823145258,1.4464338688176929e-6,npp
6_lechowicz1973,6,lechowicz1973,neutral,green algae,43.8673,rangiferina,39.18459605453426,1.561439216087253e-6,npp
6_lechowicz1973,6,lechowicz1973,neutral,green algae,43.8673,rangiferina,38.92174449622782,1.5817710527910325e-6,npp
6_lechowicz1973,6,lechowicz1973,neutral,green algae,43.8673,rangiferina,38.15393102597508,1.2699845156403848e-6,npp
6_lechowicz1973,6,lechowicz1973,neutral,green algae,43.8673,rangiferina,37.65866662842876,3.90428729076725e-7,npp
7_lechowicz1973,7,lechowicz1973,neutral,green algae,43.8673,mitis,41.720359955241136,-1.3124827690676363e-9,npp
7_lechowicz1973,7,lechowicz1973,neutral,green algae,43.8673,mitis,40.9836416088657,2.6047350147693704e-7,npp
7_lechowicz1973,7,lechowicz1973,neutral,green algae,43.8673,mitis,40.27249044438772,6.48273381807165e-7,npp
7_lechowicz1973,7,lechowicz1973,neutral,green algae,43.8673,mitis,39.857524030741274,7.737980080284783e-7,npp
7_lechowicz1973,7,lechowicz1973,neutral,green algae,43.8673,mitis,39.58559823145258,9.30880471105052e-7,npp
7_lechowicz1973,7,lechowicz1973,neutral,green algae,43.8673,mitis,39.18459605453426,7.830125698704839e-7,npp
7_lechowicz1973,7,lechowicz1973,neutral,green algae,43.8673,mitis,38.92174449622782,8.349022434295237e-7,npp
7_lechowicz1973,7,lechowicz1973,neutral,green algae,43.8673,mitis,38.15393102597508,8.018766000151482e-7,npp
7_lechowicz1973,7,lechowicz1973,neutral,green algae,43.8673,mitis,37.4158249929077,3.112079572824358e-7,npp
8_lechowicz1973,8,lechowicz1973,neutral,green algae,43.8673,caroliniana,41.720359955241136,-1.2748946754525484e-7,npp
8_lechowicz1973,8,lechowicz1973,neutral,green algae,43.8673,caroliniana,41.12889640811739,2.1845074907218057e-7,npp
8_lechowicz1973,8,lechowicz1973,neutral,green algae,43.8673,caroliniana,40.41273940989142,4.801280072710747e-7,npp
8_lechowicz1973,8,lechowicz1973,neutral,green algae,43.8673,caroliniana,39.99489271601007,6.791788601075513e-7,npp
8_lechowicz1973,8,lechowicz1973,neutral,green algae,43.8673,caroliniana,39.58559823145258,7.732543762781187e-7,npp
8_lechowicz1973,8,lechowicz1973,neutral,green algae,43.8673,caroliniana,39.18459605453426,8.356089653866547e-7,npp
8_lechowicz1973,8,lechowicz1973,neutral,green algae,43.8673,caroliniana,38.92174449622782,9.191652018480648e-7,npp
8_lechowicz1973,8,lechowicz1973,neutral,green algae,43.8673,caroliniana,38.27978928434875,9.17914848140574e-7,npp
8_lechowicz1973,8,lechowicz1973,neutral,green algae,43.8673,caroliniana,37.65866662842876,7.429604832235098e-7,npp
9_lechowiczadams1974,9,lechowiczadams1974,neutral,green algae,43.7972,uncialis,41.87089345679351,1.0189808831326213e-7,npp
9_lechowiczadams1974,9,lechowiczadams1974,neutral,green algae,43.7972,uncialis,40.9836416088657,2.88104032416875e-7,npp
9_lechowiczadams1974,9,lechowiczadams1974,neutral,green algae,43.7972,uncialis,40.27249044438772,4.166097038551844e-7,npp
9_lechowiczadams1974,9,lechowiczadams1974,neutral,green algae,43.7972,uncialis,39.857524030741274,5.047157570249185e-7,npp
9_lechowiczadams1974,9,lechowiczadams1974,neutral,green algae,43.7972,uncialis,39.58559823145258,5.446911088389003e-7,npp
9_lechowiczadams1974,9,lechowiczadams1974,neutral,green algae,43.7972,uncialis,39.31735768778696,5.652444739831856e-7,npp
9_lechowiczadams1974,9,lechowiczadams1974,neutral,green algae,43.7972,uncialis,38.79163670917708,5.483680867984549e-7,npp
9_lechowiczadams1974,9,lechowiczadams1974,neutral,green algae,43.7972,uncialis,38.15393102597508,3.9935619101719307e-7,npp
9_lechowiczadams1974,9,lechowiczadams1974,neutral,green algae,43.7972,uncialis,37.4158249929077,6.823959630387034e-8,npp
10_lechowiczadams1974,10,lechowiczadams1974,neutral,green algae,43.7972,rangiferina,41.87089345679351,1.1146765962281301e-7,npp
10_lechowiczadams1974,10,lechowiczadams1974,neutral,green algae,43.7972,rangiferina,41.12889640811739,5.319866780277209e-7,npp
10_lechowiczadams1974,10,lechowiczadams1974,neutral,green algae,43.7972,rangiferina,40.27249044438772,9.61863134136181e-7,npp
10_lechowiczadams1974,10,lechowiczadams1974,neutral,green algae,43.7972,rangiferina,39.857524030741274,1.2367172498674542e-6,npp
10_lechowiczadams1974,10,lechowiczadams1974,neutral,green algae,43.7972,rangiferina,39.451022000851,1.4539418041354236e-6,npp
10_lechowiczadams1974,10,lechowiczadams1974,neutral,green algae,43.7972,rangiferina,39.18459605453426,1.5707565712338105e-6,npp
10_lechowiczadams1974,10,lechowiczadams1974,neutral,green algae,43.7972,rangiferina,38.79163670917708,1.6013037741422405e-6,npp
10_lechowiczadams1974,10,lechowiczadams1974,neutral,green algae,43.7972,rangiferina,38.15393102597508,1.2943232409300916e-6,npp
10_lechowiczadams1974,10,lechowiczadams1974,neutral,green algae,43.7972,rangiferina,37.53685305369666,4.12319896235704e-7,npp
11_lechowiczadams1974,11,lechowiczadams1974,neutral,green algae,43.7972,mitis,41.570904967043965,-1.811551162614557e-9,npp
11_lechowiczadams1974,11,lechowiczadams1974,neutral,green algae,43.7972,mitis,40.9836416088657,2.7895872756191773e-7,npp
11_lechowiczadams1974,11,lechowiczadams1974,neutral,green algae,43.7972,mitis,40.27249044438772,6.559904082405513e-7,npp
11_lechowiczadams1974,11,lechowiczadams1974,neutral,green algae,43.7972,mitis,39.857524030741274,7.82374746648489e-7,npp
11_lechowiczadams1974,11,lechowiczadams1974,neutral,green algae,43.7972,mitis,39.451022000851,9.3732637658108e-7,npp
11_lechowiczadams1974,11,lechowiczadams1974,neutral,green algae,43.7972,mitis,39.18459605453426,7.954798735135953e-7,npp
11_lechowiczadams1974,11,lechowiczadams1974,neutral,green algae,43.7972,mitis,38.79163670917708,8.55018635158676e-7,npp
11_lechowiczadams1974,11,lechowiczadams1974,neutral,green algae,43.7972,mitis,38.028897661970575,8.207001726880254e-7,npp
11_lechowiczadams1974,11,lechowiczadams1974,neutral,green algae,43.7972,mitis,37.4158249929077,3.367532810724835e-7,npp
12_lechowiczadams1974,12,lechowiczadams1974,neutral,green algae,43.7972,uncialis,41.720359955241136,2.744216019086571e-7,npp
12_lechowiczadams1974,12,lechowiczadams1974,neutral,green algae,43.7972,uncialis,40.9836416088657,4.665167227145345e-7,npp
12_lechowiczadams1974,12,lechowiczadams1974,neutral,green algae,43.7972,uncialis,40.27249044438772,7.162403802166175e-7,npp
12_lechowiczadams1974,12,lechowiczadams1974,neutral,green algae,43.7972,uncialis,39.99489271601007,8.699164773157616e-7,npp
12_lechowiczadams1974,12,lechowiczadams1974,neutral,green algae,43.7972,uncialis,39.58559823145258,8.987307452851624e-7,npp
12_lechowiczadams1974,12,lechowiczadams1974,neutral,green algae,43.7972,uncialis,39.31735768778696,8.891259887904264e-7,npp
12_lechowiczadams1974,12,lechowiczadams1974,neutral,green algae,43.7972,uncialis,38.92174449622782,8.603117208210254e-7,npp
12_lechowiczadams1974,12,lechowiczadams1974,neutral,green algae,43.7972,uncialis,38.27978928434875,6.874261122472166e-7,npp
12_lechowiczadams1974,12,lechowiczadams1974,neutral,green algae,43.7972,uncialis,37.65866662842876,3.704691623115958e-7,npp
13_lechowiczadams1974,13,lechowiczadams1974,neutral,green algae,43.7972,rangiferina,41.720359955241136,4.377024547451337e-7,npp
13_lechowiczadams1974,13,lechowiczadams1974,neutral,green algae,43.7972,rangiferina,40.9836416088657,8.314974528516246e-7,npp
13_lechowiczadams1974,13,lechowiczadams1974,neutral,green algae,43.7972,rangiferina,40.41273940989142,1.426992328258729e-6,npp
13_lechowiczadams1974,13,lechowiczadams1974,neutral,green algae,43.7972,rangiferina,39.99489271601007,1.6767159857608118e-6,npp
13_lechowiczadams1974,13,lechowiczadams1974,neutral,green algae,43.7972,rangiferina,39.7210957437971,1.7727635461637506e-6,npp
13_lechowiczadams1974,13,lechowiczadams1974,neutral,green algae,43.7972,rangiferina,39.31735768778696,1.7631587904264183e-6,npp
13_lechowiczadams1974,13,lechowiczadams1974,neutral,green algae,43.7972,rangiferina,38.92174449622782,1.830392082859956e-6,npp
13_lechowiczadams1974,13,lechowiczadams1974,neutral,green algae,43.7972,rangiferina,38.27978928434875,1.4894232424448989e-6,npp
13_lechowiczadams1974,13,lechowiczadams1974,neutral,green algae,43.7972,rangiferina,37.65866662842876,9.947783056881011e-7,npp
14_lechowiczadams1974,14,lechowiczadams1974,neutral,green algae,43.7972,mitis,41.87089345679351,3.704691623115958e-7,npp
14_lechowiczadams1974,14,lechowiczadams1974,neutral,green algae,43.7972,mitis,40.9836416088657,7.738689161554192e-7,npp
14_lechowiczadams1974,14,lechowiczadams1974,neutral,green algae,43.7972,mitis,40.41273940989142,1.100430622585776e-6,npp
14_lechowiczadams1974,14,lechowiczadams1974,neutral,green algae,43.7972,mitis,39.99489271601007,1.5518541566310688e-6,npp
14_lechowiczadams1974,14,lechowiczadams1974,neutral,green algae,43.7972,mitis,39.58559823145258,1.7823683026584869e-6,npp
14_lechowiczadams1974,14,lechowiczadams1974,neutral,green algae,43.7972,mitis,39.31735768778696,1.7823683026584869e-6,npp
14_lechowiczadams1974,14,lechowiczadams1974,neutral,green algae,43.7972,mitis,38.92174449622782,1.7631587904264183e-6,npp
14_lechowiczadams1974,14,lechowiczadams1974,neutral,green algae,43.7972,mitis,38.27978928434875,1.6286922055593426e-6,npp
14_lechowiczadams1974,14,lechowiczadams1974,neutral,green algae,43.7972,mitis,37.65866662842876,1.0716163538589712e-6,npp
15_lechowiczadams1974,15,lechowiczadams1974,neutral,green algae,43.7972,uncialis,41.87089345679351,8.07122328258729e-8,npp
15_lechowiczadams1974,15,lechowiczadams1974,neutral,green algae,43.7972,uncialis,40.9836416088657,5.024809588729834e-7,npp
15_lechowiczadams1974,15,lechowiczadams1974,neutral,green algae,43.7972,uncialis,40.27249044438772,8.379948504127849e-7,npp
15_lechowiczadams1974,15,lechowiczadams1974,neutral,green algae,43.7972,uncialis,39.99489271601007,1.020057017344543e-6,npp
15_lechowiczadams1974,15,lechowiczadams1974,neutral,green algae,43.7972,uncialis,39.58559823145258,1.020715810043172e-6,npp
15_lechowiczadams1974,15,lechowiczadams1974,neutral,green algae,43.7972,uncialis,39.31735768778696,1.1263579822767553e-6,npp
15_lechowiczadams1974,15,lechowiczadams1974,neutral,green algae,43.7972,uncialis,38.92174449622782,1.1365692744073318e-6,npp
15_lechowiczadams1974,15,lechowiczadams1974,neutral,green algae,43.7972,uncialis,38.27978928434875,9.467898182231312e-7,npp
15_lechowiczadams1974,15,lechowiczadams1974,neutral,green algae,43.7972,uncialis,37.53685305369666,6.137228713171249e-7,npp
16_lechowiczadams1974,16,lechowiczadams1974,neutral,green algae,43.7972,rangiferina,42.022517188304626,2.333169385745664e-7,npp
16_lechowiczadams1974,16,lechowiczadams1974,neutral,green algae,43.7972,rangiferina,41.12889640811739,5.788068393546921e-7,npp
16_lechowiczadams1974,16,lechowiczadams1974,neutral,green algae,43.7972,rangiferina,40.27249044438772,1.105558944179353e-6,npp
16_lechowiczadams1974,16,lechowiczadams1974,neutral,green algae,43.7972,rangiferina,39.857524030741274,1.4405552132091194e-6,npp
16_lechowiczadams1974,16,lechowiczadams1974,neutral,green algae,43.7972,rangiferina,39.58559823145258,1.7659519260774067e-6,npp
16_lechowiczadams1974,16,lechowiczadams1974,neutral,green algae,43.7972,rangiferina,39.18459605453426,1.8811465977429373e-6,npp
16_lechowiczadams1974,16,lechowiczadams1974,neutral,green algae,43.7972,rangiferina,38.92174449622782,1.9295678868438992e-6,npp
16_lechowiczadams1974,16,lechowiczadams1974,neutral,green algae,43.7972,rangiferina,38.27978928434875,1.5868072718321597e-6,npp
16_lechowiczadams1974,16,lechowiczadams1974,neutral,green algae,43.7972,rangiferina,37.65866662842876,9.575657903506775e-7,npp
17_lechowiczadams1974,17,lechowiczadams1974,neutral,green algae,43.7972,mitis,41.720359955241136,1.9567162084374766e-7,npp
17_lechowiczadams1974,17,lechowiczadams1974,neutral,green algae,43.7972,mitis,40.9836416088657,5.789009528137544e-7,npp
17_lechowiczadams1974,17,lechowiczadams1974,neutral,green algae,43.7972,mitis,40.27249044438772,1.0196805642656973e-6,npp
17_lechowiczadams1974,17,lechowiczadams1974,neutral,green algae,43.7972,mitis,39.99489271601007,1.230306115276831e-6,npp
17_lechowiczadams1974,17,lechowiczadams1974,neutral,green algae,43.7972,mitis,39.58559823145258,1.4411198932060896e-6,npp
17_lechowiczadams1974,17,lechowiczadams1974,neutral,green algae,43.7972,mitis,39.18459605453426,1.604124118003484e-6,npp
17_lechowiczadams1974,17,lechowiczadams1974,neutral,green algae,43.7972,mitis,38.92174449622782,1.70021379080512e-6,npp
17_lechowiczadams1974,17,lechowiczadams1974,neutral,green algae,43.7972,mitis,38.15393102597508,1.6157000530182537e-6,npp
17_lechowiczadams1974,17,lechowiczadams1974,neutral,green algae,43.7972,mitis,37.65866662842876,1.2344470999015377e-6,npp
1_macfarlane1983,1,macfarlane1983,neutral,green algae,45.1166,rangiferina,41.720359955241136,1.400911959403166e-6,npp
1_macfarlane1983,1,macfarlane1983,neutral,green algae,45.1166,rangiferina,40.27249044438772,1.6737988972203286e-6,npp
1_macfarlane1983,1,macfarlane1983,neutral,green algae,45.1166,rangiferina,38.92174449622782,2.293912529728092e-6,npp
1_macfarlane1983,1,macfarlane1983,neutral,green algae,45.1166,rangiferina,37.65866662842876,5.965650140119671e-7,npp
3_macfarlane1983,3,macfarlane1983,neutral,green algae,45.1166,rangiferina,41.720359955241136,7.951121934408847e-7,npp
3_macfarlane1983,3,macfarlane1983,neutral,green algae,45.1166,rangiferina,40.27249044438772,2.27959866318261e-6,npp
3_macfarlane1983,3,macfarlane1983,neutral,green algae,45.1166,rangiferina,38.92174449622782,2.3322367530106795e-6,npp
5_macfarlane1983,5,macfarlane1983,neutral,green algae,45.1166,rangiferina,41.720359955241136,1.5519001635991818e-6,npp
5_macfarlane1983,5,macfarlane1983,neutral,green algae,45.1166,rangiferina,40.27249044438772,3.6431098750284025e-6,npp
5_macfarlane1983,5,macfarlane1983,neutral,green algae,45.1166,rangiferina,38.92174449622782,3.468111314095281e-6,npp
5_macfarlane1983,5,macfarlane1983,neutral,green algae,45.1166,rangiferina,37.65866662842876,2.1877128751041427e-6,npp
7_macfarlane1983,7,macfarlane1983,neutral,green algae,45.1166,rangiferina,40.27249044438772,1.8548000469590244e-6,npp
7_macfarlane1983,7,macfarlane1983,neutral,green algae,45.1166,rangiferina,38.92174449622782,4.3768109641748095e-6,npp
9_macfarlane1983,9,macfarlane1983,neutral,green algae,45.1166,rangiferina,40.27249044438772,3.529522419147164e-6,npp
9_macfarlane1983,9,macfarlane1983,neutral,green algae,45.1166,rangiferina,38.92174449622782,2.712246819662198e-6,npp
9_macfarlane1983,9,macfarlane1983,neutral,green algae,45.1166,rangiferina,37.65866662842876,1.5627509975005682e-6,npp
11_macfarlane1983,11,macfarlane1983,neutral,green algae,45.1166,rangiferina,41.720359955241136,1.044694648943422e-6,npp
11_macfarlane1983,11,macfarlane1983,neutral,green algae,45.1166,rangiferina,40.27249044438772,1.3319856774975386e-6,npp
11_macfarlane1983,11,macfarlane1983,neutral,green algae,45.1166,rangiferina,38.92174449622782,2.4550324244489885e-6,npp
11_macfarlane1983,11,macfarlane1983,neutral,green algae,45.1166,rangiferina,37.65866662842876,2.193858762402484e-6,npp
13_macfarlane1983,13,macfarlane1983,neutral,green algae,45.1166,rangiferina,41.720359955241136,1.828215635082936e-6,npp
13_macfarlane1983,13,macfarlane1983,neutral,green algae,45.1166,rangiferina,40.27249044438772,1.436455142013179e-6,npp
13_macfarlane1983,13,macfarlane1983,neutral,green algae,45.1166,rangiferina,38.92174449622782,2.03715456487162e-6,npp
13_macfarlane1983,13,macfarlane1983,neutral,green algae,45.1166,rangiferina,37.65866662842876,1.096929381201242e-6,npp
15_macfarlane1983,15,macfarlane1983,neutral,green algae,45.1166,rangiferina,41.720359955241136,2.298328227675528e-6,npp
15_macfarlane1983,15,macfarlane1983,neutral,green algae,45.1166,rangiferina,40.27249044438772,3.0818492138150413e-6,npp
15_macfarlane1983,15,macfarlane1983,neutral,green algae,45.1166,rangiferina,38.92174449622782,5.43241217374839e-6,npp
15_macfarlane1983,15,macfarlane1983,neutral,green algae,45.1166,rangiferina,37.65866662842876,2.193858762402484e-6,npp
17_macfarlane1983,17,macfarlane1983,neutral,green algae,45.1166,rangiferina,40.27249044438772,6.268167892903128e-6,npp
17_macfarlane1983,17,macfarlane1983,neutral,green algae,45.1166,rangiferina,38.92174449622782,4.126543862758464e-6,npp
17_macfarlane1983,17,macfarlane1983,neutral,green algae,45.1166,rangiferina,37.65866662842876,4.439952257820192e-6,npp
19_macfarlane1983,19,macfarlane1983,neutral,green algae,45.1166,rangiferina,41.720359955241136,2.141624030144664e-6,npp
19_macfarlane1983,19,macfarlane1983,neutral,green algae,45.1166,rangiferina,40.27249044438772,3.813135468454139e-6,npp
19_macfarlane1983,19,macfarlane1983,neutral,green algae,45.1166,rangiferina,38.92174449622782,5.066769046428842e-6,npp
19_macfarlane1983,19,macfarlane1983,neutral,green algae,45.1166,rangiferina,37.65866662842876,2.872910284026358e-6,npp
1_sanchokappen1989,1,sanchokappen1989,high,green algae,40.2997,decussata,43.276218987694655,5.6663870332500185e-8,npp
1_sanchokappen1989,1,sanchokappen1989,high,green algae,40.2997,decussata,42.95583239515203,1.4811653866545486e-7,npp
1_sanchokappen1989,1,sanchokappen1989,high,green algae,40.2997,decussata,42.4840495022893,3.769230939937893e-7,npp
1_sanchokappen1989,1,sanchokappen1989,high,green algae,40.2997,decussata,41.570904967043965,5.806571142922064e-7,npp
1_sanchokappen1989,1,sanchokappen1989,high,green algae,40.2997,decussata,40.9836416088657,7.318035188972204e-7,npp
1_sanchokappen1989,1,sanchokappen1989,high,green algae,40.2997,decussata,40.27249044438772,6.923788373854427e-7,npp
1_sanchokappen1989,1,sanchokappen1989,high,green algae,40.2997,decussata,39.58559823145258,5.258834484586836e-7,npp
1_sanchokappen1989,1,sanchokappen1989,high,green algae,40.2997,decussata,39.05272798771773,3.631072589562978e-7,npp
1_sanchokappen1989,1,sanchokappen1989,high,green algae,40.2997,decussata,38.79163670917708,2.994319980307506e-7,npp
1_sanchokappen1989,1,sanchokappen1989,high,green algae,40.2997,decussata,38.028897661970575,-3.6456025145800195e-8,npp
3_sanchokappen1989,3,sanchokappen1989,high,green algae,40.2997,subglabra,43.276218987694655,7.944793228811634e-8,npp
3_sanchokappen1989,3,sanchokappen1989,high,green algae,40.2997,subglabra,42.95583239515203,1.1828914337650537e-7,npp
3_sanchokappen1989,3,sanchokappen1989,high,green algae,40.2997,subglabra,42.640154773287975,3.58398449594789e-7,npp
3_sanchokappen1989,3,sanchokappen1989,high,green algae,40.2997,subglabra,41.720359955241136,5.631975641899569e-7,npp
3_sanchokappen1989,3,sanchokappen1989,high,green algae,40.2997,subglabra,40.9836416088657,5.985077558130728e-7,npp
3_sanchokappen1989,3,sanchokappen1989,high,green algae,40.2997,subglabra,40.41273940989142,5.667285828978263e-7,npp
3_sanchokappen1989,3,sanchokappen1989,high,green algae,40.2997,subglabra,39.7210957437971,5.879146981746573e-7,npp
3_sanchokappen1989,3,sanchokappen1989,high,green algae,40.2997,subglabra,39.05272798771773,3.972396606831781e-7,npp
3_sanchokappen1989,3,sanchokappen1989,high,green algae,40.2997,subglabra,38.53401335397749,2.5246787321063396e-7,npp
5_sanchokappen1989,5,sanchokappen1989,high,green algae,40.2997,havaasii,43.276218987694655,6.48311027796713e-8,npp
5_sanchokappen1989,5,sanchokappen1989,high,green algae,40.2997,havaasii,42.640154773287975,1.6889338483677953e-7,npp
5_sanchokappen1989,5,sanchokappen1989,high,green algae,40.2997,havaasii,41.12889640811739,2.500590850564266e-7,npp
5_sanchokappen1989,5,sanchokappen1989,high,green algae,40.2997,havaasii,40.41273940989142,2.83166835567674e-7,npp
5_sanchokappen1989,5,sanchokappen1989,high,green algae,40.2997,havaasii,39.7210957437971,2.379496864349012e-7,npp
5_sanchokappen1989,5,sanchokappen1989,high,green algae,40.2997,havaasii,39.05272798771773,1.367674770885405e-7,npp
5_sanchokappen1989,5,sanchokappen1989,high,green algae,40.2997,havaasii,38.27978928434875,-1.3101060365068544e-8,npp
7_sanchokappen1989,7,sanchokappen1989,high,green algae,40.2997,cinereorufescens,43.11543050919681,1.4025135953949858e-8,npp
7_sanchokappen1989,7,sanchokappen1989,high,green algae,40.2997,cinereorufescens,42.4840495022893,4.744223737029464e-8,npp
7_sanchokappen1989,7,sanchokappen1989,high,green algae,40.2997,cinereorufescens,41.570904967043965,7.311312731954859e-8,npp
7_sanchokappen1989,7,sanchokappen1989,high,green algae,40.2997,cinereorufescens,40.839409190745464,6.893598954783005e-8,npp
7_sanchokappen1989,7,sanchokappen1989,high,green algae,40.2997,cinereorufescens,40.1332115564597,6.088574642126789e-8,npp
7_sanchokappen1989,7,sanchokappen1989,high,green algae,40.2997,cinereorufescens,39.58559823145258,3.046931076270545e-8,npp
7_sanchokappen1989,7,sanchokappen1989,high,green algae,40.2997,cinereorufescens,38.92174449622782,1.877068166325835e-8,npp
7_sanchokappen1989,7,sanchokappen1989,high,green algae,40.2997,cinereorufescens,38.15393102597508,-5.68540157539953e-8,npp
9_sanchokappen1989,9,sanchokappen1989,high,green algae,40.5926,pustulata,42.95583239515203,1.110635961523896e-7,npp
9_sanchokappen1989,9,sanchokappen1989,high,green algae,40.5926,pustulata,42.4840495022893,3.983258289782625e-7,npp
9_sanchokappen1989,9,sanchokappen1989,high,green algae,40.5926,pustulata,41.720359955241136,7.156503885480572e-7,npp
9_sanchokappen1989,9,sanchokappen1989,high,green algae,40.5926,pustulata,40.839409190745464,9.227464174808756e-7,npp
9_sanchokappen1989,9,sanchokappen1989,high,green algae,40.5926,pustulata,40.27249044438772,9.060451245928956e-7,npp
9_sanchokappen1989,9,sanchokappen1989,high,green algae,40.5926,pustulata,39.58559823145258,9.69510036355374e-7,npp
9_sanchokappen1989,9,sanchokappen1989,high,green algae,40.5926,pustulata,38.92174449622782,7.991568522305537e-7,npp
9_sanchokappen1989,9,sanchokappen1989,high,green algae,40.5926,pustulata,38.27978928434875,2.981180731651897e-7,npp
11_sanchokappen1989,11,sanchokappen1989,high,green algae,40.5926,hispanica,42.95583239515203,7.64047511929107e-8,npp
11_sanchokappen1989,11,sanchokappen1989,high,green algae,40.5926,hispanica,42.4840495022893,3.554481905627509e-7,npp
11_sanchokappen1989,11,sanchokappen1989,high,green algae,40.5926,hispanica,41.570904967043965,5.34833258350375e-7,npp
11_sanchokappen1989,11,sanchokappen1989,high,green algae,40.5926,hispanica,40.9836416088657,7.009305430583958e-7,npp
11_sanchokappen1989,11,sanchokappen1989,high,green algae,40.5926,hispanica,40.41273940989142,7.806572400212074e-7,npp
11_sanchokappen1989,11,sanchokappen1989,high,green algae,40.5926,hispanica,39.58559823145258,9.135350685450275e-7,npp
11_sanchokappen1989,11,sanchokappen1989,high,green algae,40.5926,hispanica,38.92174449622782,5.215454752707717e-7,npp
11_sanchokappen1989,11,sanchokappen1989,high,green algae,40.5926,hispanica,38.27978928434875,3.9863348481405745e-8,npp
13_sanchokappen1989,13,sanchokappen1989,high,green algae,40.2997,spodochroa,43.276218987694655,1.4293993031886693e-8,npp
13_sanchokappen1989,13,sanchokappen1989,high,green algae,40.2997,spodochroa,42.4840495022893,2.429289729606908e-7,npp
13_sanchokappen1989,13,sanchokappen1989,high,green algae,40.2997,spodochroa,41.720359955241136,5.278440392335075e-7,npp
13_sanchokappen1989,13,sanchokappen1989,high,green algae,40.2997,spodochroa,40.9836416088657,7.038226812088161e-7,npp
13_sanchokappen1989,13,sanchokappen1989,high,green algae,40.2997,spodochroa,40.27249044438772,5.915668802544877e-7,npp
13_sanchokappen1989,13,sanchokappen1989,high,green algae,40.2997,spodochroa,39.451022000851,6.199194092251761e-7,npp
13_sanchokappen1989,13,sanchokappen1989,high,green algae,40.2997,spodochroa,38.92174449622782,6.306585685071575e-7,npp
13_sanchokappen1989,13,sanchokappen1989,high,green algae,40.2997,spodochroa,38.27978928434875,3.286096621979854e-7,npp
15_sanchokappen1989,15,sanchokappen1989,high,green algae,40.2997,grisea,43.276218987694655,2.3596281905627512e-8,npp
15_sanchokappen1989,15,sanchokappen1989,high,green algae,40.2997,grisea,42.4840495022893,1.576119101719306e-7,npp
15_sanchokappen1989,15,sanchokappen1989,high,green algae,40.2997,grisea,41.87089345679351,3.01882547905779e-7,npp
15_sanchokappen1989,15,sanchokappen1989,high,green algae,40.2997,grisea,40.839409190745464,6.708676505339694e-7,npp
15_sanchokappen1989,15,sanchokappen1989,high,green algae,40.2997,grisea,40.1332115564597,6.541817291524654e-7,npp
15_sanchokappen1989,15,sanchokappen1989,high,green algae,40.2997,grisea,39.58559823145258,6.969243308339013e-7,npp
15_sanchokappen1989,15,sanchokappen1989,high,green algae,40.2997,grisea,39.58559823145258,7.35498323865788e-7,npp
15_sanchokappen1989,15,sanchokappen1989,high,green algae,40.2997,grisea,38.79163670917708,7.154706241005832e-7,npp
15_sanchokappen1989,15,sanchokappen1989,high,green algae,40.2997,grisea,38.27978928434875,3.887170953571158e-7,npp
1_sonesson1989,1,sonesson1989,neutral,green algae,68.2,olivacea,43.276218987694655,7.886438839657655e-8,npp
1_sonesson1989,1,sonesson1989,neutral,green algae,68.2,olivacea,42.4840495022893,4.839622525183671e-7,npp
1_sonesson1989,1,sonesson1989,neutral,green algae,68.2,olivacea,41.720359955241136,6.333751639778838e-7,npp
1_sonesson1989,1,sonesson1989,neutral,green algae,68.2,olivacea,40.9836416088657,7.891767916382639e-7,npp
1_sonesson1989,1,sonesson1989,neutral,green algae,68.2,olivacea,40.27249044438772,7.979016329622056e-7,npp
1_sonesson1989,1,sonesson1989,neutral,green algae,68.2,olivacea,39.58559823145258,1.0624477527834585e-6,npp
1_sonesson1989,1,sonesson1989,neutral,green algae,68.2,olivacea,38.92174449622782,4.767493857456638e-7,npp
1_sonesson1989,1,sonesson1989,neutral,green algae,68.2,olivacea,38.27978928434875,-2.3033457774748165e-7,npp
2_sonesson1989,2,sonesson1989,neutral,green algae,68.2,ambigua,43.276218987694655,6.595063091721578e-8,npp
2_sonesson1989,2,sonesson1989,neutral,green algae,68.2,ambigua,42.4840495022893,2.6035720366583354e-7,npp
2_sonesson1989,2,sonesson1989,neutral,green algae,68.2,ambigua,41.720359955241136,3.201917708096645e-7,npp
2_sonesson1989,2,sonesson1989,neutral,green algae,68.2,ambigua,40.9836416088657,3.162755070817239e-7,npp
2_sonesson1989,2,sonesson1989,neutral,green algae,68.2,ambigua,40.27249044438772,8.044266742407028e-7,npp
2_sonesson1989,2,sonesson1989,neutral,green algae,68.2,ambigua,39.58559823145258,4.871906915095054e-7,npp
2_sonesson1989,2,sonesson1989,neutral,green algae,68.2,ambigua,38.92174449622782,-2.773917132469894e-7,npp
1_harrisson1989,1,harrisson1989,neutral,green algae,-60.43,antarctica,40.55396862327563,-1.626691683708248e-7,npp
1_harrisson1989,1,harrisson1989,neutral,green algae,-60.43,antarctica,41.42251694288889,1.2911573127319549e-8,npp
1_harrisson1989,1,harrisson1989,neutral,green algae,-60.43,antarctica,42.4840495022893,5.939017798985079e-8,npp
1_harrisson1989,1,harrisson1989,neutral,green algae,-60.43,antarctica,39.7210957437971,8.004733545406347e-8,npp
1_harrisson1989,1,harrisson1989,neutral,green algae,-60.43,antarctica,43.276218987694655,1.0586878209497841e-7,npp
1_harrisson1989,1,harrisson1989,neutral,green algae,-60.43,antarctica,38.92174449622782,1.824698591229266e-7,npp
1_kappen1983,1,kappen1983,neutral,green algae,-70.47,sulphurea,42.95583239515203,3.9075665332854e-8,npp
1_kappen1983,1,kappen1983,neutral,green algae,-70.47,sulphurea,42.640154773287975,1.2113456253184741e-7,npp
1_kappen1983,1,kappen1983,neutral,green algae,-70.47,sulphurea,41.570904967043965,2.4422290815254324e-7,npp
1_kappen1983,1,kappen1983,neutral,green algae,-70.47,sulphurea,40.839409190745464,2.3836155817482086e-7,npp
1_kappen1983,1,kappen1983,neutral,green algae,-70.47,sulphurea,39.857524030741274,1.56302661331416e-7,npp
1_kappen1983,1,kappen1983,neutral,green algae,-70.47,sulphurea,39.7210957437971,5.665971455484402e-8,npp
3_kappen1983,3,kappen1983,neutral,green algae,-70.47,sulphurea,43.4382111980173,8.611910296386615e-8,npp
3_kappen1983,3,kappen1983,neutral,green algae,-70.47,sulphurea,43.11543050919681,1.6946017034825277e-7,npp
3_kappen1983,3,kappen1983,neutral,green algae,-70.47,sulphurea,41.87089345679351,3.861469455476579e-7,npp
3_kappen1983,3,kappen1983,neutral,green algae,-70.47,sulphurea,41.275184497778135,6.070007741162824e-7,npp
3_kappen1983,3,kappen1983,neutral,green algae,-70.47,sulphurea,41.12889640811739,7.65348802146617e-7,npp
3_kappen1983,3,kappen1983,neutral,green algae,-70.47,sulphurea,40.839409190745464,8.111863892080296e-7,npp
3_kappen1983,3,kappen1983,neutral,green algae,-70.47,sulphurea,40.55396862327563,7.695158555158363e-7,npp
3_kappen1983,3,kappen1983,neutral,green algae,-70.47,sulphurea,40.27249044438772,7.736829088850557e-7,npp
3_kappen1983,3,kappen1983,neutral,green algae,-70.47,sulphurea,39.99489271601007,6.986759482391077e-7,npp
3_kappen1983,3,kappen1983,neutral,green algae,-70.47,sulphurea,39.7210957437971,6.570054145469144e-7,npp
3_kappen1983,3,kappen1983,neutral,green algae,-70.47,sulphurea,39.451022000851,5.069914932550186e-7,npp
6_kappen1988,6,kappen1988,high,green algae,47,ochroleuca,43.276218987694655,1.2030980332752657e-7,npp
6_kappen1988,6,kappen1988,high,green algae,47,ochroleuca,42.4840495022893,1.838378768660843e-7,npp
6_kappen1988,6,kappen1988,high,green algae,47,ochroleuca,41.720359955241136,2.096988627211272e-7,npp
6_kappen1988,6,kappen1988,high,green algae,47,ochroleuca,41.275184497778135,2.2600252787903162e-7,npp
6_kappen1988,6,kappen1988,high,green algae,47,ochroleuca,40.839409190745464,1.8440007232671194e-7,npp
6_kappen1988,6,kappen1988,high,green algae,47,ochroleuca,40.55396862327563,1.5797689136662994e-7,npp
6_kappen1988,6,kappen1988,high,green algae,47,ochroleuca,40.1332115564597,1.073793105777994e-7,npp
7_kappen1988,7,kappen1988,neutral,green algae,75,ochroleuca,42.4840495022893,4.6100018170575126e-8,npp
7_kappen1988,7,kappen1988,neutral,green algae,75,ochroleuca,41.570904967043965,5.397075284141925e-8,npp
7_kappen1988,7,kappen1988,neutral,green algae,75,ochroleuca,40.696188397511214,4.6100018170575126e-8,npp
7_kappen1988,7,kappen1988,neutral,green algae,75,ochroleuca,39.58559823145258,1.6865860262943513e-8,npp
1_zotz2003,1,zotz2003,neutral,green algae,9,endosulphureum,40.9836416088657,7.35638298e-7,gpp
1_zotz2003,1,zotz2003,neutral,green algae,9,endosulphureum,40.27249044438772,9.590425536e-7,gpp
1_zotz2003,1,zotz2003,neutral,green algae,9,endosulphureum,39.58559823145258,1.551063828e-6,gpp
1_zotz2003,1,zotz2003,neutral,green algae,9,endosulphureum,38.92174449622782,1.4952127680000005e-6,gpp
1_zotz2003,1,zotz2003,neutral,green algae,9,endosulphureum,38.27978928434875,1.316489364e-6,gpp
1_zotz2003,1,zotz2003,neutral,green algae,9,endosulphureum,37.65866662842876,1.0707446808e-6,gpp
3_lange2002florai,3,lange2002florai,neutral,green algae,49.9174,muralis,42.17524303670842,0.0103978490516129,gpp
3_lange2002florai,3,lange2002florai,neutral,green algae,49.9174,muralis,41.42251694288889,0.01456933339548387,gpp
3_lange2002florai,3,lange2002florai,neutral,green algae,49.9174,muralis,41.42251694288889,0.01309710452903225,gpp
3_lange2002florai,3,lange2002florai,neutral,green algae,49.9174,muralis,40.696188397511214,0.01726833504,gpp
3_lange2002florai,3,lange2002florai,neutral,green algae,49.9174,muralis,40.696188397511214,0.01635466472903225,gpp
3_lange2002florai,3,lange2002florai,neutral,green algae,49.9174,muralis,39.99489271601007,0.01885060032193548,gpp
3_lange2002florai,3,lange2002florai,neutral,green algae,49.9174,muralis,39.99489271601007,0.01849523473354838,gpp
3_lange2002florai,3,lange2002florai,neutral,green algae,49.9174,muralis,39.99489271601007,0.01819063565806451,gpp
3_lange2002florai,3,lange2002florai,neutral,green algae,49.9174,muralis,39.31735768778696,0.01967136791612903,gpp
3_lange2002florai,3,lange2002florai,neutral,green algae,49.9174,muralis,38.66239587389746,0.0190706731548387,gpp
2_green1998,2,green1998,neutral,green algae,-77.01,aprina,42.4840495022893,0.03073431673548386,gpp
2_green1998,2,green1998,neutral,green algae,-77.01,aprina,41.720359955241136,0.04318366023870967,gpp
2_green1998,2,green1998,neutral,green algae,-77.01,aprina,40.9836416088657,0.05952342356129031,gpp
2_green1998,2,green1998,neutral,green algae,-77.01,aprina,40.27249044438772,0.05874533959354838,gpp
2_green1998,2,green1998,neutral,green algae,-77.01,aprina,39.58559823145258,0.05524396174838709,gpp
1_aubert_2007,1,aubert,high,green algae,44.6008723,elegans,42.17524303670842,8.4137923e-7,gpp
1_aubert_2007,1,aubert,high,green algae,44.6008723,elegans,41.720359955241136,1.37684956876e-6,gpp
1_aubert_2007,1,aubert,high,green algae,44.6008723,elegans,40.9836416088657,1.863077761e-6,gpp
1_aubert_2007,1,aubert,high,green algae,44.6008723,elegans,40.27249044438772,2.0185135144e-6,gpp
1_aubert_2007,1,aubert,high,green algae,44.6008723,elegans,39.58559823145258,2.1948447976e-6,gpp
1_aubert_2007,1,aubert,high,green algae,44.6008723,elegans,38.92174449622782,2.2179852328e-6,gpp
1_aubert_2007,1,aubert,high,green algae,44.6008723,elegans,38.27978928434875,2.11923021824e-6,gpp
1_colesie2018,1,colesie2018,neutral,cyanobacteria,-62,alpinum,41.720359955241136,3.238783176e-4,gpp
1_colesie2018,1,colesie2018,neutral,cyanobacteria,-62,alpinum,40.27249044438772,4.897235687999999e-4,gpp
1_colesie2018,1,colesie2018,neutral,cyanobacteria,-62,alpinum,39.18459605453426,5.263064376000001e-4,gpp
2_colesie2018,2,colesie2018,neutral,green algae,-62,aurantiaco-atra,41.720359955241136,1.387414908e-4,gpp
2_colesie2018,2,colesie2018,neutral,green algae,-62,aurantiaco-atra,40.27249044438772,2.286206436e-4,gpp
2_colesie2018,2,colesie2018,neutral,green algae,-62,aurantiaco-atra,39.18459605453426,2.752604519999999e-4,gpp
3_colesie2018,3,colesie2018,neutral,cyanobacteria,-62,contortuplicata,41.720359955241136,2.565578544e-4,gpp
3_colesie2018,3,colesie2018,neutral,cyanobacteria,-62,contortuplicata,40.27249044438772,6.041839188e-4,gpp
3_colesie2018,3,colesie2018,neutral,cyanobacteria,-62,contortuplicata,39.18459605453426,6.016168944e-4,gpp
1_delprado_1995,1,delprado,neutral,green algae,36.834,lacunosus,42.4840495022893,4.849281314399999e-7,gpp
1_delprado_1995,1,delprado,neutral,green algae,36.834,lacunosus,41.720359955241136,7.9540041072e-7,gpp
1_delprado_1995,1,delprado,neutral,green algae,36.834,lacunosus,40.9836416088657,1.1354414784e-6,gpp
1_delprado_1995,1,delprado,neutral,green algae,36.834,lacunosus,40.27249044438772,1.5434907597599998e-6,gpp
1_delprado_1995,1,delprado,neutral,green algae,36.834,lacunosus,39.58559823145258,1.8628336758e-6,gpp
1_delprado_1995,1,delprado,neutral,green algae,36.834,lacunosus,38.92174449622782,1.89831622188e-6,gpp
1_delprado_1995,1,delprado,neutral,green algae,36.834,lacunosus,38.27978928434875,1.5908008213199995e-6,gpp
9_delprado_1995,9,delprado,neutral,green algae,36.834,bourgeana,42.4840495022893,2.564585466e-7,gpp
9_delprado_1995,9,delprado,neutral,green algae,36.834,bourgeana,41.720359955241136,5.040736948799999e-7,gpp
9_delprado_1995,9,delprado,neutral,green algae,36.834,bourgeana,40.9836416088657,1.1673285568799995e-6,gpp
9_delprado_1995,9,delprado,neutral,green algae,36.834,bourgeana,40.27249044438772,1.50337768692e-6,gpp
9_delprado_1995,9,delprado,neutral,green algae,36.834,bourgeana,39.58559823145258,1.43557830096e-6,gpp
9_delprado_1995,9,delprado,neutral,green algae,36.834,bourgeana,38.92174449622782,1.33240532244e-6,gpp
9_delprado_1995,9,delprado,neutral,green algae,36.834,bourgeana,38.27978928434875,1.52696008188e-6,gpp
1_domaschke_2013,1,domaschke,neutral,green algae,49.58,aculeata,42.4840495022893,2.4955974839999993e-7,gpp
1_domaschke_2013,1,domaschke,neutral,green algae,49.58,aculeata,41.720359955241136,5.353459119599999e-7,gpp
1_domaschke_2013,1,domaschke,neutral,green algae,49.58,aculeata,40.9836416088657,1.01031446544e-6,gpp
1_domaschke_2013,1,domaschke,neutral,green algae,49.58,aculeata,40.27249044438772,9.096855345599998e-7,gpp
1_domaschke_2013,1,domaschke,neutral,green algae,49.58,aculeata,39.58559823145258,1.3846540880399998e-6,gpp
1_domaschke_2013,1,domaschke,neutral,green algae,49.58,aculeata,38.92174449622782,1.41283018872e-6,gpp
1_domaschke_2013,1,domaschke,neutral,green algae,49.58,aculeata,38.27978928434875,8.291823898799998e-7,gpp
2_domaschke_2013,2,domaschke,neutral,green algae,41.39,aculeata,42.4840495022893,2.1735849059999998e-7,gpp
2_domaschke_2013,2,domaschke,neutral,green algae,41.39,aculeata,41.720359955241136,3.9044025168e-7,gpp
2_domaschke_2013,2,domaschke,neutral,green algae,41.39,aculeata,40.9836416088657,7.688050315199999e-7,gpp
2_domaschke_2013,2,domaschke,neutral,green algae,41.39,aculeata,40.27249044438772,6.681761006399998e-7,gpp
2_domaschke_2013,2,domaschke,neutral,green algae,41.39,aculeata,39.58559823145258,8.573584905599999e-7,gpp
2_domaschke_2013,2,domaschke,neutral,green algae,41.39,aculeata,38.92174449622782,8.171069181599998e-7,gpp
2_domaschke_2013,2,domaschke,neutral,green algae,41.39,aculeata,38.27978928434875,5.8767295596e-7,gpp
3_domaschke_2013,3,domaschke,neutral,green algae,-62.24,aculeata,42.4840495022893,9.25786164e-8,gpp
3_domaschke_2013,3,domaschke,neutral,green algae,-62.24,aculeata,41.720359955241136,1.4088050303999997e-7,gpp
3_domaschke_2013,3,domaschke,neutral,green algae,-62.24,aculeata,40.9836416088657,2.495597484e-7,gpp
3_domaschke_2013,3,domaschke,neutral,green algae,-62.24,aculeata,40.27249044438772,2.374842768e-7,gpp
3_domaschke_2013,3,domaschke,neutral,green algae,-62.24,aculeata,39.58559823145258,2.9786163527999997e-7,gpp
3_domaschke_2013,3,domaschke,neutral,green algae,-62.24,aculeata,38.92174449622782,2.696855346e-7,gpp
3_domaschke_2013,3,domaschke,neutral,green algae,-62.24,aculeata,38.27978928434875,2.0930817612e-7,gpp
4_domaschke_2013,4,domaschke,neutral,green algae,78.1,aculeata,42.4840495022893,9.660377364e-8,gpp
4_domaschke_2013,4,domaschke,neutral,green algae,78.1,aculeata,41.720359955241136,2.0528301888e-7,gpp
4_domaschke_2013,4,domaschke,neutral,green algae,78.1,aculeata,40.9836416088657,2.495597484e-7,gpp
4_domaschke_2013,4,domaschke,neutral,green algae,78.1,aculeata,40.27249044438772,2.4150943391999997e-7,gpp
4_domaschke_2013,4,domaschke,neutral,green algae,78.1,aculeata,39.58559823145258,3.2603773584e-7,gpp
4_domaschke_2013,4,domaschke,neutral,green algae,78.1,aculeata,38.92174449622782,2.7773584907999996e-7,gpp
4_domaschke_2013,4,domaschke,neutral,green algae,78.1,aculeata,38.27978928434875,3.0993710687999996e-7,gpp
1_lange2000,1,lange2000,high,cyanobacteria,8,phyllocarpum,40.55396862327563,0.00153764861291999,gpp
1_lange2000,1,lange2000,high,cyanobacteria,8,phyllocarpum,39.7210957437971,0.00258388375199999,gpp
1_lange2000,1,lange2000,high,cyanobacteria,8,phyllocarpum,39.857524030741274,0.00330515191548,gpp
1_lange2000,1,lange2000,high,cyanobacteria,8,phyllocarpum,39.31735768778696,0.0044385733152,gpp
1_lange2000,1,lange2000,high,cyanobacteria,8,phyllocarpum,38.92174449622782,0.0047397622188,gpp
1_lange2000,1,lange2000,high,cyanobacteria,8,phyllocarpum,38.40648062733848,0.00331307793888,gpp
1_lange2000,1,lange2000,high,cyanobacteria,8,phyllocarpum,37.17609521560251,0.004517833554,gpp
1_lange2000,1,lange2000,high,cyanobacteria,8,phyllocarpum,37.05737864138695,0.0040264200792,gpp
1_lange2000,1,lange2000,high,cyanobacteria,8,phyllocarpum,36.70573500411299,0.00491413474199999,gpp
1_lange2000,1,lange2000,high,cyanobacteria,8,phyllocarpum,36.360702245183525,0.0049379128128,gpp
1_lange2000,1,lange2000,high,cyanobacteria,8,phyllocarpum,35.910623925577354,0.0043513870536,gpp
1_lange2000,1,lange2000,high,cyanobacteria,8,phyllocarpum,35.910623925577354,0.00340026420048,gpp
1_lange2004,1,lange2004,high,cyanobacteria,8,aurata,40.9836416088657,1.88821192104e-6,gpp
1_lange2004,1,lange2004,high,cyanobacteria,8,aurata,40.55396862327563,1.6879470195600003e-6,gpp
1_lange2004,1,lange2004,high,cyanobacteria,8,aurata,40.27249044438772,2.4532450334400004e-6,gpp
1_lange2004,1,lange2004,high,cyanobacteria,8,aurata,40.1332115564597,2.37456953688e-6,gpp
1_lange2004,1,lange2004,high,cyanobacteria,8,aurata,39.857524030741274,2.50331125824e-6,gpp
1_lange2004,1,lange2004,high,cyanobacteria,8,aurata,39.857524030741274,2.87523178824e-6,gpp
1_lange2004,1,lange2004,high,cyanobacteria,8,aurata,39.7210957437971,3.2185430460000003e-6,gpp
1_lange2004,1,lange2004,high,cyanobacteria,8,aurata,39.451022000851,2.7321854304000005e-6,gpp
1_lange2004,1,lange2004,high,cyanobacteria,8,aurata,39.451022000851,2.8609271527200003e-6,gpp
1_lange2004,1,lange2004,high,cyanobacteria,8,aurata,39.31735768778696,3.29006622552e-6,gpp
1_lange2004,1,lange2004,high,cyanobacteria,8,aurata,39.05272798771773,2.8466225164800004e-6,gpp
1_lange2004,1,lange2004,high,cyanobacteria,8,aurata,39.18459605453426,2.99682119208e-6,gpp
1_lange2004,1,lange2004,high,cyanobacteria,8,aurata,38.92174449622782,3.1899337752000005e-6,gpp
1_lange2004,1,lange2004,high,cyanobacteria,8,aurata,38.79163670917708,2.71072847712e-6,gpp
1_lange2004,1,lange2004,high,cyanobacteria,8,aurata,38.66239587389746,2.91814569576e-6,gpp
1_lange2004,1,lange2004,high,cyanobacteria,8,aurata,38.66239587389746,3.0111258276000005e-6,gpp
1_lange2004,1,lange2004,high,cyanobacteria,8,aurata,38.27978928434875,3.0683443705200004e-6,gpp
1_lange2004,1,lange2004,high,cyanobacteria,8,aurata,37.9046811090979,3.1041059604000004e-6,gpp
1_lange2004,1,lange2004,high,cyanobacteria,8,aurata,38.40648062733848,2.43894039696e-6,gpp
1_lange2004,1,lange2004,high,cyanobacteria,8,aurata,38.27978928434875,2.70357615912e-6,gpp
1_lange2004,1,lange2004,high,cyanobacteria,8,aurata,37.53685305369666,2.345960265e-6,gpp
1_lange2004,1,lange2004,high,cyanobacteria,8,aurata,36.93941786264626,2.2100662257600003e-6,gpp
1_lange2004,1,lange2004,high,cyanobacteria,8,aurata,36.82220568475432,2.34596026524e-6,gpp
1_reiter2000,1,reiter2000,high,green algae,47.0004,islandica,42.17524303670842,2.411489521199999e-7,gpp
1_reiter2000,1,reiter2000,high,green algae,47.0004,islandica,40.9836416088657,5.338421909999999e-7,gpp
1_reiter2000,1,reiter2000,high,green algae,47.0004,islandica,39.58559823145258,7.280527309199999e-7,gpp
1_reiter2000,1,reiter2000,high,green algae,47.0004,islandica,38.27978928434875,5.591061452399999e-7,gpp
3_reiter2000,3,reiter2000,high,green algae,47.0004,nivalis,42.17524303670842,2.6635838159999993e-7,gpp
3_reiter2000,3,reiter2000,high,green algae,47.0004,nivalis,40.9836416088657,5.6275862064e-7,gpp
3_reiter2000,3,reiter2000,high,green algae,47.0004,nivalis,39.58559823145258,6.233043478799999e-7,gpp
3_reiter2000,3,reiter2000,high,green algae,47.0004,nivalis,38.27978928434875,6.344347824e-7,gpp
1_sancho1997,1,sancho1997,high,green algae,40.8509,grisea,42.4840495022893,5.792914286399999e-7,gpp
1_sancho1997,1,sancho1997,high,green algae,40.8509,grisea,41.42251694288889,9.2598857136e-7,gpp
1_sancho1997,1,sancho1997,high,green algae,40.8509,grisea,40.41273940989142,1.2419657142e-6,gpp
1_sancho1997,1,sancho1997,high,green algae,40.8509,grisea,39.451022000851,1.2309942857999998e-6,gpp
1_sancho1997,1,sancho1997,high,green algae,40.8509,grisea,38.53401335397749,1.3911771428399998e-6,gpp
1_sancho1997,1,sancho1997,high,green algae,40.8509,grisea,37.65866662842876,1.34948571432e-6,gpp
6_sancho1997,6,sancho1997,high,green algae,40.8509,grisea,42.4840495022893,8.705178366e-7,gpp
6_sancho1997,6,sancho1997,high,green algae,40.8509,grisea,41.42251694288889,1.3168239356399998e-6,gpp
6_sancho1997,6,sancho1997,high,green algae,40.8509,grisea,40.41273940989142,1.43834292288e-6,gpp
6_sancho1997,6,sancho1997,high,green algae,40.8509,grisea,39.451022000851,1.6239355581599995e-6,gpp
6_sancho1997,6,sancho1997,high,green algae,40.8509,grisea,38.53401335397749,1.5863751437999996e-6,gpp
6_sancho1997,6,sancho1997,high,green algae,40.8509,grisea,37.65866662842876,1.5532336018799995e-6,gpp
1_schroeter1995,1,schroeter1995,neutral,green algae,-77,aprina,43.765861291911456,2.392026576e-8,gpp
1_schroeter1995,1,schroeter1995,neutral,green algae,-77,aprina,43.42195742394882,8.611295687999998e-8,gpp
1_schroeter1995,1,schroeter1995,neutral,green algae,-77,aprina,43.11543050919681,1.7102990027999997e-7,gpp
1_schroeter1995,1,schroeter1995,neutral,green algae,-77,aprina,42.79741147538382,2.7747508308e-7,gpp
1_schroeter1995,1,schroeter1995,neutral,green algae,-77,aprina,42.4840495022893,4.4611295675999993e-7,gpp
1_schroeter1995,1,schroeter1995,neutral,green algae,-77,aprina,42.17524303670842,5.2026578076e-7,gpp
1_schroeter1995,1,schroeter1995,neutral,green algae,-77,aprina,41.87089345679351,5.932225914e-7,gpp
1_smith2001,1,smith2001,neutral,green algae,-46.8964,complicatulum,38.92174449622782,4.394589459e-6,gpp
1_smith2001,1,smith2001,neutral,green algae,-46.8964,complicatulum,38.92174449622782,4.760916091666666e-6,gpp
1_smith2001,1,smith2001,neutral,green algae,-46.8964,complicatulum,39.58559823145258,4.720912091333334e-6,gpp
1_smith2001,1,smith2001,neutral,green algae,-46.8964,complicatulum,39.58559823145258,4.384278427666667e-6,gpp
1_smith2001,1,smith2001,neutral,green algae,-46.8964,complicatulum,40.27249044438772,4.226122612333332e-6,gpp
1_smith2001,1,smith2001,neutral,green algae,-46.8964,complicatulum,40.27249044438772,3.7706770676666663e-6,gpp
1_smith2001,1,smith2001,neutral,green algae,-46.8964,complicatulum,40.9836416088657,3.6518251823333337e-6,gpp
1_smith2001,1,smith2001,neutral,green algae,-46.8964,complicatulum,41.720359955241136,2.938653865233333e-6,gpp
1_smith2001,1,smith2001,neutral,green algae,-46.8964,complicatulum,42.329083062375794,2.701890189133333e-6,gpp
1_uchida2006,1,uchida2006,neutral,green algae,79,delisei,41.87089345679351,1.7459284253578735e-7,gpp
1_uchida2006,1,uchida2006,neutral,green algae,79,delisei,41.42251694288889,1.778540937665682e-7,gpp
1_uchida2006,1,uchida2006,neutral,green algae,79,delisei,40.696188397511214,1.8522066954480045e-7,gpp
1_uchida2006,1,uchida2006,neutral,green algae,79,delisei,40.27249044438772,1.814459365295766e-7,gpp
1_uchida2006,1,uchida2006,neutral,green algae,79,delisei,39.58559823145258,1.8446761342119217e-7,gpp
1_sundberg1997,1,sundberg1997,neutral,cyanobacteria + green algae,64.14,pulmonaria,40.55396862327563,0.00344844750967741,gpp
1_sundberg1997,1,sundberg1997,neutral,cyanobacteria + green algae,64.14,pulmonaria,40.1332115564597,0.00400327199999999,gpp
1_sundberg1997,1,sundberg1997,neutral,cyanobacteria + green algae,64.14,pulmonaria,39.7210957437971,0.00437884561935483,gpp
1_sundberg1997,1,sundberg1997,neutral,cyanobacteria + green algae,64.14,pulmonaria,39.31735768778696,0.00485684808387096,gpp
1_sundberg1997,1,sundberg1997,neutral,cyanobacteria + green algae,64.14,pulmonaria,38.92174449622782,0.00512999243225806,gpp
2_sundberg1997,2,sundberg1997,neutral,green algae,64.14,glauca,41.570904967043965,5.804316774193548e-4,gpp
2_sundberg1997,2,sundberg1997,neutral,green algae,64.14,glauca,40.839409190745464,8.023616516129032e-4,gpp
2_sundberg1997,2,sundberg1997,neutral,green algae,64.14,glauca,40.1332115564597,0.0010925774516129,gpp
2_sundberg1997,2,sundberg1997,neutral,green algae,64.14,glauca,39.451022000851,0.00121207807741935,gpp
1_tretiach1997,1,tretiach1997,neutral,green algae,45.39,baldensis,41.720359955241136,6.444253374193548e-4,gpp
1_tretiach1997,1,tretiach1997,neutral,green algae,45.39,baldensis,41.720359955241136,6.808093083870968e-4,gpp
1_tretiach1997,1,tretiach1997,neutral,green algae,45.39,baldensis,41.720359955241136,8.419396916129031e-4,gpp
1_tretiach1997,1,tretiach1997,neutral,green algae,45.39,baldensis,41.570904967043965,8.085668767741934e-4,gpp
1_tretiach1997,1,tretiach1997,neutral,green algae,45.39,baldensis,41.570904967043965,8.632871361290322e-4,gpp
1_tretiach1997,1,tretiach1997,neutral,green algae,45.39,baldensis,41.42251694288889,6.810882967741935e-4,gpp
1_tretiach1997,1,tretiach1997,neutral,green algae,45.39,baldensis,41.42251694288889,6.871587038709677e-4,gpp
1_tretiach1997,1,tretiach1997,neutral,green algae,45.39,baldensis,41.42251694288889,7.844199251612902e-4,gpp
1_tretiach1997,1,tretiach1997,neutral,green algae,45.39,baldensis,41.42251694288889,9.485326045161288e-4,gpp
1_tretiach1997,1,tretiach1997,neutral,green algae,45.39,baldensis,41.42251694288889,9.606926612903226e-4,gpp
1_tretiach1997,1,tretiach1997,neutral,green algae,45.39,baldensis,41.42251694288889,0.00100332982645161,gpp
1_tretiach1997,1,tretiach1997,neutral,green algae,45.39,baldensis,40.9836416088657,9.180362574193548e-4,gpp
1_tretiach1997,1,tretiach1997,neutral,green algae,45.39,baldensis,40.9836416088657,9.84887713548387e-4,gpp
1_tretiach1997,1,tretiach1997,neutral,green algae,45.39,baldensis,40.9836416088657,7.416576987096773e-4,gpp
1_tretiach1997,1,tretiach1997,neutral,green algae,45.39,baldensis,40.9836416088657,6.626461838709677e-4,gpp
1_tretiach1997,1,tretiach1997,neutral,green algae,45.39,baldensis,40.9836416088657,7.234560929032257e-4,gpp
1_tretiach1997,1,tretiach1997,neutral,green algae,45.39,baldensis,40.9836416088657,7.233791283870966e-4,gpp
1_tretiach1997,1,tretiach1997,neutral,green algae,45.39,baldensis,40.9836416088657,8.449508458064515e-4,gpp
1_tretiach1997,1,tretiach1997,neutral,green algae,45.39,baldensis,40.9836416088657,9.178630916129032e-4,gpp
1_tretiach1997,1,tretiach1997,neutral,green algae,45.39,baldensis,40.9836416088657,8.934948735483869e-4,gpp
1_tretiach1997,1,tretiach1997,neutral,green algae,45.39,baldensis,40.839409190745464,7.111517303225808e-4,gpp
1_tretiach1997,1,tretiach1997,neutral,green algae,45.39,baldensis,40.839409190745464,7.172894806451612e-4,gpp
1_tretiach1997,1,tretiach1997,neutral,green algae,45.39,baldensis,40.1332115564597,0.00130722544451612,gpp
1_tretiach1997,1,tretiach1997,neutral,green algae,45.39,baldensis,40.1332115564597,0.00128291495032258,gpp
1_tretiach1997,1,tretiach1997,neutral,green algae,45.39,baldensis,40.1332115564597,0.00126461233354838,gpp
1_tretiach1997,1,tretiach1997,neutral,green algae,45.39,baldensis,39.99489271601007,0.00121013738903225,gpp
1_tretiach1997,1,tretiach1997,neutral,green algae,45.39,baldensis,39.99489271601007,0.00136817965935483,gpp
1_tretiach1997,1,tretiach1997,neutral,green algae,45.39,baldensis,39.99489271601007,0.00138636683419354,gpp
1_tretiach1997,1,tretiach1997,neutral,green algae,45.39,baldensis,39.99489271601007,0.00136818927870967,gpp
1_tretiach1997,1,tretiach1997,neutral,green algae,45.39,baldensis,39.99489271601007,0.00141068214,gpp
1_tretiach1997,1,tretiach1997,neutral,green algae,45.39,baldensis,39.99489271601007,0.00140459248838709,gpp
1_tretiach1997,1,tretiach1997,neutral,green algae,45.39,baldensis,39.99489271601007,0.00138036857612903,gpp
1_tretiach1997,1,tretiach1997,neutral,green algae,45.39,baldensis,39.99489271601007,0.00129526741354838,gpp
1_tretiach1997,1,tretiach1997,neutral,green algae,45.39,baldensis,39.58559823145258,0.0011552247232258,gpp
1_tretiach1997,1,tretiach1997,neutral,green algae,45.39,baldensis,39.58559823145258,0.00117349367225806,gpp
1_tretiach1997,1,tretiach1997,neutral,green algae,45.39,baldensis,39.58559823145258,0.00118559600709677,gpp
1_tretiach1997,1,tretiach1997,neutral,green algae,45.39,baldensis,39.451022000851,0.00164155007032258,gpp
1_tretiach1997,1,tretiach1997,neutral,green algae,45.39,baldensis,39.451022000851,0.00153817996064516,gpp
1_tretiach1997,1,tretiach1997,neutral,green algae,45.39,baldensis,39.451022000851,0.00153218651419354,gpp
1_tretiach1997,1,tretiach1997,neutral,green algae,45.39,baldensis,39.451022000851,0.00141064365870967,gpp
1_tretiach1997,1,tretiach1997,neutral,green algae,45.39,baldensis,39.451022000851,0.0013377217916129,gpp
1_tretiach1997,1,tretiach1997,neutral,green algae,45.39,baldensis,39.451022000851,0.00126476144709677,gpp
1_tretiach1997,1,tretiach1997,neutral,green algae,45.39,baldensis,39.451022000851,0.00130109731548387,gpp
1_tretiach1997,1,tretiach1997,neutral,green algae,45.39,baldensis,39.451022000851,0.00128896611870967,gpp
1_tretiach1997,1,tretiach1997,neutral,green algae,45.39,baldensis,39.451022000851,0.00120985840064516,gpp
1_tretiach1997,1,tretiach1997,neutral,green algae,45.39,baldensis,39.451022000851,0.00119169527612903,gpp
1_tretiach1997,1,tretiach1997,neutral,green algae,45.39,baldensis,39.451022000851,0.00114303580645161,gpp
1_zotz1998,1,zotz1998,high,cyanobacteria,8,tomentosa,40.696188397511214,3.91401037802817e-7,gpp
1_zotz1998,1,zotz1998,high,cyanobacteria,8,tomentosa,40.41273940989142,6.760563380281691e-7,gpp
1_zotz1998,1,zotz1998,high,cyanobacteria,8,tomentosa,40.1332115564597,1.06745737571831e-6,gpp
1_zotz1998,1,zotz1998,high,cyanobacteria,8,tomentosa,39.857524030741274,1.1089696071549298e-6,gpp
1_zotz1998,1,zotz1998,high,cyanobacteria,8,tomentosa,39.58559823145258,1.3876945885070423e-6,gpp
1_zotz1998,1,zotz1998,high,cyanobacteria,8,tomentosa,39.31735768778696,1.6723498890704228e-6,gpp
1_zotz1998,1,zotz1998,high,cyanobacteria,8,tomentosa,39.05272798771773,1.6130467011830986e-6,gpp
1_zotz1998,1,zotz1998,high,cyanobacteria,8,tomentosa,38.79163670917708,1.660489251267606e-6,gpp
1_zotz1998,1,zotz1998,high,cyanobacteria,8,tomentosa,38.53401335397749,1.7613046704225356e-6,gpp
1_zotz1998,1,zotz1998,high,cyanobacteria,8,tomentosa,38.27978928434875,1.915492957746479e-6,gpp
1_zotz1998,1,zotz1998,high,cyanobacteria,8,tomentosa,38.028897661970575,2.128984432676057e-6,gpp
1_kappen_2000,1,kappen,neutral,green algae,-72.18,frigida,43.13348055188322,4.664060251458002e-7,gpp
1_kappen_2000,1,kappen,neutral,green algae,-72.18,frigida,40.31719190669667,1.6827878732106338e-6,gpp
1_kappen_2000,1,kappen,neutral,green algae,-72.18,frigida,42.35809546941839,1.0699821881390594e-6,gpp
1_lange_1991,1,lange,neutral,green algae,53.728189,portentosa,41.87089345679351,1.00925541144e-6,gpp
1_lange_1991,1,lange,neutral,green algae,53.728189,portentosa,41.275184497778135,1.3996588417200002e-6,gpp
1_lange_1991,1,lange,neutral,green algae,53.728189,portentosa,40.696188397511214,1.69053743436e-6,gpp
1_lange_1991,1,lange,neutral,green algae,53.728189,portentosa,40.27249044438772,2.2503268120800003e-6,gpp
1_lange_1991,1,lange,neutral,green algae,53.728189,portentosa,39.58559823145258,2.56865192124e-6,gpp
1_lange_1991,1,lange,neutral,green algae,53.728189,portentosa,38.92174449622782,2.7616856115600003e-6,gpp
1_lange_1991,1,lange,neutral,green algae,53.728189,portentosa,38.27978928434875,2.80822436988e-6,gpp
2_coxson_2003,2,coxson,neutral,green algae,53.37,sarmentosa,42.4840495022893,5.907748239036583e-7,gpp
2_coxson_2003,2,coxson,neutral,green algae,53.37,sarmentosa,41.720359955241136,1.0527910323411345e-6,gpp
2_coxson_2003,2,coxson,neutral,green algae,53.37,sarmentosa,40.27249044438772,1.3633265167007497e-6,gpp
2_coxson_2003,2,coxson,neutral,green algae,53.37,sarmentosa,38.92174449622782,1.401196697720215e-6,gpp
4_coxson_2003,4,coxson,neutral,green algae,53.37,sarmentosa,41.720359955241136,9.391804892827387e-7,gpp
4_coxson_2003,4,coxson,neutral,green algae,53.37,sarmentosa,40.27249044438772,1.5602514580019691e-6,gpp
4_coxson_2003,4,coxson,neutral,green algae,53.37,sarmentosa,38.92174449622782,2.098008028478376e-6,gpp
6_coxson_2003,6,coxson,neutral,green algae,53.37,spp,42.4840495022893,5.756267514958721e-7,gpp
6_coxson_2003,6,coxson,neutral,green algae,53.37,spp,41.720359955241136,1.3557524804968568e-6,gpp
6_coxson_2003,6,coxson,neutral,green algae,53.37,spp,40.27249044438772,1.6132697114292204e-6,gpp
6_coxson_2003,6,coxson,neutral,green algae,53.37,spp,38.92174449622782,1.5905476028175415e-6,gpp
8_coxson_2003,8,coxson,neutral,green algae,53.37,spp,41.720359955241136,1.3330303718851775e-6,gpp
8_coxson_2003,8,coxson,neutral,green algae,53.37,spp,40.27249044438772,2.211618571536772e-6,gpp
8_coxson_2003,8,coxson,neutral,green algae,53.37,spp,38.92174449622782,1.8783609785654775e-6,gpp
2_lange_1980,2,lange,neutral,green algae,30.7141,maciformis,38.92174449622782,1.0756625107930014e-6,gpp
2_lange_1980,2,lange,neutral,green algae,30.7141,maciformis,40.27249044438772,8.164684783761267e-7,gpp
2_lange_1980,2,lange,neutral,green algae,30.7141,maciformis,41.720359955241136,6.654738241308793e-7,gpp
1_lange_1980,1,lange,neutral,green algae,30.7141,maciformis,38.92174449622782,NA,gpp
1_lange_1980,1,lange,neutral,green algae,30.7141,maciformis,40.27249044438772,NA,gpp
1_lange_1980,1,lange,neutral,green algae,30.7141,maciformis,41.720359955241136,NA,gpp
1_adams_1971,1,adams,neutral,green algae,44.0197,rangiferina,42.4840495022893,1.0888708475346512e-7,gpp
1_adams_1971,1,adams,neutral,green algae,44.0197,rangiferina,42.17524303670842,2.18874708778308e-7,gpp
1_adams_1971,1,adams,neutral,green algae,44.0197,rangiferina,41.720359955241136,2.980681648110279e-7,gpp
1_adams_1971,1,adams,neutral,green algae,44.0197,rangiferina,41.42251694288889,3.823219745512384e-7,gpp
1_adams_1971,1,adams,neutral,green algae,44.0197,rangiferina,40.9836416088657,4.386241392107854e-7,gpp
1_adams_1971,1,adams,neutral,green algae,44.0197,rangiferina,40.696188397511214,4.906267643717337e-7,gpp
1_adams_1971,1,adams,neutral,green algae,44.0197,rangiferina,40.27249044438772,5.451333356055442e-7,gpp
1_adams_1971,1,adams,neutral,green algae,44.0197,rangiferina,39.99489271601007,5.741568401120957e-7,gpp
1_adams_1971,1,adams,neutral,green algae,44.0197,rangiferina,39.58559823145258,5.815056593198516e-7,gpp
1_adams_1971,1,adams,neutral,green algae,44.0197,rangiferina,39.31735768778696,5.671952525941074e-7,gpp
1_adams_1971,1,adams,neutral,green algae,44.0197,rangiferina,38.92174449622782,5.584004112701658e-7,gpp
1_adams_1971,1,adams,neutral,green algae,44.0197,rangiferina,38.66239587389746,5.357260228735894e-7,gpp
1_adams_1971,1,adams,neutral,green algae,44.0197,rangiferina,38.27978928434875,5.343578815420738e-7,gpp
1_adams_1971,1,adams,neutral,green algae,44.0197,rangiferina,38.028897661970575,5.329127274104369e-7,gpp
1_adams_1971,1,adams,neutral,green algae,44.0197,rangiferina,37.65866662842876,5.248634340680148e-7,gpp
1_brownkershaw1984,1,brownkershaw1984,neutral,green algae,58.7679,rufescens,41.720359955241136,1.3938521775354086e-6,gpp
1_brownkershaw1984,1,brownkershaw1984,neutral,green algae,58.7679,rufescens,40.27249044438772,2.303185277588427e-6,gpp
1_brownkershaw1984,1,brownkershaw1984,neutral,green algae,58.7679,rufescens,38.92174449622782,3.9642973203059906e-6,gpp
1_brownkershaw1984,1,brownkershaw1984,neutral,green algae,58.7679,rufescens,37.65866662842876,4.680603409073695e-6,gpp
1_brownkershaw1984,1,brownkershaw1984,neutral,green algae,58.7679,rufescens,36.47499016674626,4.1193645323032645e-6,gpp
3_brownkershaw1984,3,brownkershaw1984,neutral,green algae,58.7679,rufescens,41.720359955241136,2.104893515867606e-6,gpp
3_brownkershaw1984,3,brownkershaw1984,neutral,green algae,58.7679,rufescens,40.27249044438772,2.730835710065894e-6,gpp
3_brownkershaw1984,3,brownkershaw1984,neutral,green algae,58.7679,rufescens,38.92174449622782,3.9642973203059906e-6,gpp
3_brownkershaw1984,3,brownkershaw1984,neutral,green algae,58.7679,rufescens,37.65866662842876,4.680603409073695e-6,gpp
3_brownkershaw1984,3,brownkershaw1984,neutral,green algae,58.7679,rufescens,36.47499016674626,4.437474052866773e-6,gpp
5_brownkershaw1984,5,brownkershaw1984,neutral,green algae,58.7679,rufescens,40.27249044438772,2.2641846436415963e-6,gpp
5_brownkershaw1984,5,brownkershaw1984,neutral,green algae,58.7679,rufescens,38.92174449622782,2.884205780504431e-6,gpp
5_brownkershaw1984,5,brownkershaw1984,neutral,green algae,58.7679,rufescens,37.65866662842876,4.808792921305764e-6,gpp
5_brownkershaw1984,5,brownkershaw1984,neutral,green algae,58.7679,rufescens,36.47499016674626,2.8724389934105888e-6,gpp
7_brownkershaw1984,7,brownkershaw1984,neutral,green algae,45.1166,rufescens,41.720359955241136,1.7883141036128151e-6,gpp
7_brownkershaw1984,7,brownkershaw1984,neutral,green algae,45.1166,rufescens,40.27249044438772,2.8460014829962886e-6,gpp
7_brownkershaw1984,7,brownkershaw1984,neutral,green algae,45.1166,rufescens,38.92174449622782,6.724826084223283e-6,gpp
7_brownkershaw1984,7,brownkershaw1984,neutral,green algae,45.1166,rufescens,37.65866662842876,6.321260013633265e-6,gpp
7_brownkershaw1984,7,brownkershaw1984,neutral,green algae,45.1166,rufescens,36.47499016674626,6.376726440202984e-6,gpp
9_brownkershaw1984,9,brownkershaw1984,neutral,green algae,45.1166,rufescens,41.720359955241136,1.4057870226463684e-6,gpp
9_brownkershaw1984,9,brownkershaw1984,neutral,green algae,45.1166,rufescens,40.27249044438772,4.911647720215103e-6,gpp
9_brownkershaw1984,9,brownkershaw1984,neutral,green algae,45.1166,rufescens,38.92174449622782,5.19663039536469e-6,gpp
9_brownkershaw1984,9,brownkershaw1984,neutral,green algae,45.1166,rufescens,37.65866662842876,9.993519987881542e-6,gpp
9_brownkershaw1984,9,brownkershaw1984,neutral,green algae,45.1166,rufescens,36.47499016674626,7.600813099295615e-6,gpp
11_brownkershaw1984,11,brownkershaw1984,neutral,green algae,45.1166,rufescens,41.720359955241136,1.7883141036128151e-6,gpp
11_brownkershaw1984,11,brownkershaw1984,neutral,green algae,45.1166,rufescens,40.27249044438772,3.4580448125426035e-6,gpp
11_brownkershaw1984,11,brownkershaw1984,neutral,green algae,45.1166,rufescens,38.92174449622782,7.184814898886616e-6,gpp
11_brownkershaw1984,11,brownkershaw1984,neutral,green algae,45.1166,rufescens,37.65866662842876,8.616422499431947e-6,gpp
11_brownkershaw1984,11,brownkershaw1984,neutral,green algae,45.1166,rufescens,36.47499016674626,8.901405174581535e-6,gpp
1_eickmeieradams1973,1,eickmeieradams1973,high,green algae,39.6636,ecmocyna,42.4840495022893,1.1812598273119746e-7,gpp
1_eickmeieradams1973,1,eickmeieradams1973,high,green algae,39.6636,ecmocyna,42.17524303670842,1.5678539574339165e-7,gpp
1_eickmeieradams1973,1,eickmeieradams1973,high,green algae,39.6636,ecmocyna,41.720359955241136,1.9329706278876012e-7,gpp
1_eickmeieradams1973,1,eickmeieradams1973,high,green algae,39.6636,ecmocyna,41.42251694288889,2.201826925698705e-7,gpp
1_eickmeieradams1973,1,eickmeieradams1973,high,green algae,39.6636,ecmocyna,40.9836416088657,2.792327463455275e-7,gpp
1_eickmeieradams1973,1,eickmeieradams1973,high,green algae,39.6636,ecmocyna,40.696188397511214,3.307656911308036e-7,gpp
1_eickmeieradams1973,1,eickmeieradams1973,high,green algae,39.6636,ecmocyna,40.27249044438772,3.554647602817541e-7,gpp
1_eickmeieradams1973,1,eickmeieradams1973,high,green algae,39.6636,ecmocyna,39.99489271601007,3.737335325304855e-7,gpp
1_eickmeieradams1973,1,eickmeieradams1973,high,green algae,39.6636,ecmocyna,39.58559823145258,4.016283428008786e-7,gpp
1_eickmeieradams1973,1,eickmeieradams1973,high,green algae,39.6636,ecmocyna,39.31735768778696,4.113061342119216e-7,gpp
1_eickmeieradams1973,1,eickmeieradams1973,high,green algae,39.6636,ecmocyna,38.92174449622782,4.112802575172309e-7,gpp
1_eickmeieradams1973,1,eickmeieradams1973,high,green algae,39.6636,ecmocyna,38.66239587389746,4.059367711883662e-7,gpp
1_eickmeieradams1973,1,eickmeieradams1973,high,green algae,39.6636,ecmocyna,38.27978928434875,3.8231157464212676e-7,gpp
1_eickmeieradams1973,1,eickmeieradams1973,high,green algae,39.6636,ecmocyna,38.028897661970575,3.5546476028175417e-7,gpp
1_eickmeieradams1973,1,eickmeieradams1973,high,green algae,39.6636,ecmocyna,37.65866662842876,3.339743702188897e-7,gpp
1_kershaw1977,1,kershaw1977,neutral,cyanobacteria,43.3247,polydactyla,41.720359955241136,2.150494832992502e-6,gpp
1_kershaw1977,1,kershaw1977,neutral,cyanobacteria,43.3247,polydactyla,40.27249044438772,4.526498703325002e-6,gpp
1_kershaw1977,1,kershaw1977,neutral,cyanobacteria,43.3247,polydactyla,38.92174449622782,5.914061421646595e-6,gpp
1_kershaw1977,1,kershaw1977,neutral,cyanobacteria,43.3247,polydactyla,37.65866662842876,4.472863398470045e-6,gpp
3_kershaw1977,3,kershaw1977,neutral,cyanobacteria,43.3247,polydactyla,41.720359955241136,1.989990181019465e-6,gpp
3_kershaw1977,3,kershaw1977,neutral,cyanobacteria,43.3247,polydactyla,40.27249044438772,2.5782397311217148e-6,gpp
3_kershaw1977,3,kershaw1977,neutral,cyanobacteria,43.3247,polydactyla,38.92174449622782,5.252514746648488e-6,gpp
3_kershaw1977,3,kershaw1977,neutral,cyanobacteria,43.3247,polydactyla,37.65866662842876,3.883410062864501e-6,gpp
5_kershaw1977,5,kershaw1977,neutral,cyanobacteria,43.3247,polydactyla,41.720359955241136,1.7107120858895708e-6,gpp
5_kershaw1977,5,kershaw1977,neutral,cyanobacteria,43.3247,polydactyla,40.27249044438772,3.9066832371430735e-6,gpp
5_kershaw1977,5,kershaw1977,neutral,cyanobacteria,43.3247,polydactyla,38.92174449622782,4.394884888282966e-6,gpp
5_kershaw1977,5,kershaw1977,neutral,cyanobacteria,43.3247,polydactyla,37.65866662842876,6.139302950844504e-6,gpp
7_kershaw1977,7,kershaw1977,neutral,cyanobacteria,43.3247,canina var. praetextata,41.720359955241136,3.913562195713095e-6,gpp
7_kershaw1977,7,kershaw1977,neutral,cyanobacteria,43.3247,canina var. praetextata,40.27249044438772,5.8112769764447474e-6,gpp
7_kershaw1977,7,kershaw1977,neutral,cyanobacteria,43.3247,canina var. praetextata,38.92174449622782,7.010468360221162e-6,gpp
7_kershaw1977,7,kershaw1977,neutral,cyanobacteria,43.3247,canina var. praetextata,37.65866662842876,6.468264136938575e-6,gpp
9_kershaw1977,9,kershaw1977,neutral,cyanobacteria,43.3247,canina var. praetextata,41.720359955241136,1.9082104976141786e-6,gpp
9_kershaw1977,9,kershaw1977,neutral,cyanobacteria,43.3247,canina var. praetextata,40.27249044438772,6.55178323865788e-6,gpp
9_kershaw1977,9,kershaw1977,neutral,cyanobacteria,43.3247,canina var. praetextata,38.92174449622782,5.073450472619858e-6,gpp
9_kershaw1977,9,kershaw1977,neutral,cyanobacteria,43.3247,canina var. praetextata,37.65866662842876,4.162332996288722e-6,gpp
11_kershaw1977,11,kershaw1977,neutral,cyanobacteria,43.3247,canina var. praetextata,41.720359955241136,2.679533968037567e-6,gpp
11_kershaw1977,11,kershaw1977,neutral,cyanobacteria,43.3247,canina var. praetextata,40.27249044438772,4.2717564189956826e-6,gpp
11_kershaw1977,11,kershaw1977,neutral,cyanobacteria,43.3247,canina var. praetextata,38.92174449622782,3.965370836931001e-6,gpp
11_kershaw1977,11,kershaw1977,neutral,cyanobacteria,43.3247,canina var. praetextata,37.65866662842876,4.722848894948118e-6,gpp
13_kershaw1977,13,kershaw1977,neutral,cyanobacteria,43.3247,canina var. praetextata,41.720359955241136,3.044874210406726e-6,gpp
13_kershaw1977,13,kershaw1977,neutral,cyanobacteria,43.3247,canina var. praetextata,40.27249044438772,5.7800131417102175e-6,gpp
13_kershaw1977,13,kershaw1977,neutral,cyanobacteria,43.3247,canina var. praetextata,38.92174449622782,7.072102778156479e-6,gpp
13_kershaw1977,13,kershaw1977,neutral,cyanobacteria,43.3247,canina var. praetextata,37.65866662842876,7.210110277967128e-6,gpp
15_kershaw1977,15,kershaw1977,neutral,cyanobacteria,43.3247,canina var. praetextata,40.27249044438772,4.433435108687419e-6,gpp
15_kershaw1977,15,kershaw1977,neutral,cyanobacteria,43.3247,canina var. praetextata,38.92174449622782,4.224860666515185e-6,gpp
15_kershaw1977,15,kershaw1977,neutral,cyanobacteria,43.3247,canina var. praetextata,37.65866662842876,4.936112911459516e-6,gpp
1_kershaw1983,1,kershaw1983,neutral,green algae,47.9885,stellaris,41.720359955241136,5.083269317579337e-7,gpp
1_kershaw1983,1,kershaw1983,neutral,green algae,47.9885,stellaris,40.27249044438772,9.417395046580324e-7,gpp
1_kershaw1983,1,kershaw1983,neutral,green algae,47.9885,stellaris,38.92174449622782,9.629158070135574e-7,gpp
1_kershaw1983,1,kershaw1983,neutral,green algae,47.9885,stellaris,37.65866662842876,1.8045462569113085e-6,gpp
3_kershaw1983,3,kershaw1983,neutral,green algae,47.9885,stellaris,41.720359955241136,7.500046709081268e-7,gpp
3_kershaw1983,3,kershaw1983,neutral,green algae,47.9885,stellaris,40.27249044438772,1.5020185397258198e-6,gpp
3_kershaw1983,3,kershaw1983,neutral,green algae,47.9885,stellaris,38.92174449622782,1.6933068855563129e-6,gpp
5_kershaw1983,5,kershaw1983,neutral,green algae,47.9885,stellaris,41.720359955241136,9.20563202302507e-7,gpp
5_kershaw1983,5,kershaw1983,neutral,green algae,47.9885,stellaris,40.27249044438772,1.6248666068317803e-6,gpp
5_kershaw1983,5,kershaw1983,neutral,green algae,47.9885,stellaris,38.92174449622782,2.060958110277967e-6,gpp
5_kershaw1983,5,kershaw1983,neutral,green algae,47.9885,stellaris,37.65866662842876,2.2887947125653258e-6,gpp
7_kershaw1983,7,kershaw1983,neutral,green algae,47.9885,stellaris,41.720359955241136,9.94361340604408e-7,gpp
7_kershaw1983,7,kershaw1983,neutral,green algae,47.9885,stellaris,40.27249044438772,1.81928037037037e-6,gpp
7_kershaw1983,7,kershaw1983,neutral,green algae,47.9885,stellaris,38.92174449622782,2.4921382420661967e-6,gpp
9_kershaw1983,9,kershaw1983,neutral,green algae,47.9885,stellaris,41.720359955241136,9.489158509429676e-7,gpp
9_kershaw1983,9,kershaw1983,neutral,green algae,47.9885,stellaris,40.27249044438772,1.5027789949253958e-6,gpp
9_kershaw1983,9,kershaw1983,neutral,green algae,47.9885,stellaris,38.92174449622782,2.614452051049004e-6,gpp
9_kershaw1983,9,kershaw1983,neutral,green algae,47.9885,stellaris,37.65866662842876,1.5944943709762934e-6,gpp
11_kershaw1983,11,kershaw1983,neutral,green algae,47.9885,stellaris,41.720359955241136,9.48539968189048e-7,gpp
11_kershaw1983,11,kershaw1983,neutral,green algae,47.9885,stellaris,40.27249044438772,2.0848333401499657e-6,gpp
11_kershaw1983,11,kershaw1983,neutral,green algae,47.9885,stellaris,38.92174449622782,2.494545472241157e-6,gpp
13_kershaw1983,13,kershaw1983,neutral,green algae,47.9885,stellaris,41.720359955241136,1.151516620465046e-6,gpp
13_kershaw1983,13,kershaw1983,neutral,green algae,47.9885,stellaris,40.27249044438772,2.3175047254411876e-6,gpp
13_kershaw1983,13,kershaw1983,neutral,green algae,47.9885,stellaris,38.92174449622782,3.630650902825115e-6,gpp
13_kershaw1983,13,kershaw1983,neutral,green algae,47.9885,stellaris,37.65866662842876,2.498680181776869e-6,gpp
15_kershaw1983,15,kershaw1983,neutral,green algae,47.9885,stellaris,41.720359955241136,1.2389093463606757e-6,gpp
15_kershaw1983,15,kershaw1983,neutral,green algae,47.9885,stellaris,40.27249044438772,3.1933113928652575e-6,gpp
15_kershaw1983,15,kershaw1983,neutral,green algae,47.9885,stellaris,38.92174449622782,4.0551164311141414e-6,gpp
15_kershaw1983,15,kershaw1983,neutral,green algae,47.9885,stellaris,37.65866662842876,3.2136090585473e-6,gpp
1_larson1980,1,larson1980,neutral,green algae,44.55,vellea,42.4840495022893,1.3879011285313944e-7,gpp
1_larson1980,1,larson1980,neutral,green algae,44.55,vellea,40.41273940989142,3.258807892145724e-7,gpp
1_larson1980,1,larson1980,neutral,green algae,44.55,vellea,38.53401335397749,7.022709566007724e-7,gpp
3_larson1980,3,larson1980,neutral,green algae,44.55,vellea,42.4840495022893,4.974062962962962e-7,gpp
3_larson1980,3,larson1980,neutral,green algae,44.55,vellea,40.41273940989142,3.81657093084905e-7,gpp
3_larson1980,3,larson1980,neutral,green algae,44.55,vellea,38.53401335397749,1.9455293054608805e-6,gpp
5_larson1980,5,larson1980,neutral,green algae,44.55,mammulata,42.4840495022893,2.570051480724078e-7,gpp
5_larson1980,5,larson1980,neutral,green algae,44.55,mammulata,40.41273940989142,7.065038763917291e-7,gpp
5_larson1980,5,larson1980,neutral,green algae,44.55,mammulata,38.53401335397749,1.7485219003256834e-6,gpp
7_larson1980,7,larson1980,neutral,green algae,44.55,mammulata,42.4840495022893,2.765938385215481e-7,gpp
7_larson1980,7,larson1980,neutral,green algae,44.55,mammulata,40.41273940989142,6.604241831401955e-7,gpp
7_larson1980,7,larson1980,neutral,green algae,44.55,mammulata,38.53401335397749,9.296144224797396e-7,gpp
9_larson1980,9,larson1980,neutral,green algae,44.55,papulosa,42.4840495022893,1.2806146481860185e-7,gpp
9_larson1980,9,larson1980,neutral,green algae,44.55,papulosa,40.41273940989142,8.046858895705521e-7,gpp
9_larson1980,9,larson1980,neutral,green algae,44.55,papulosa,38.53401335397749,1.3186266113762023e-6,gpp
11_larson1980,11,larson1980,neutral,green algae,44.55,papulosa,42.4840495022893,1.4782057335454065e-7,gpp
11_larson1980,11,larson1980,neutral,green algae,44.55,papulosa,40.41273940989142,8.2487141634477e-7,gpp
11_larson1980,11,larson1980,neutral,green algae,44.55,papulosa,38.53401335397749,1.4076890896008483e-6,gpp
13_larson1980,13,larson1980,neutral,green algae,44.55,muhlenbergii,42.4840495022893,1.5154086874195257e-7,gpp
13_larson1980,13,larson1980,neutral,green algae,44.55,muhlenbergii,40.41273940989142,3.28014026357646e-7,gpp
13_larson1980,13,larson1980,neutral,green algae,44.55,muhlenbergii,38.53401335397749,9.735128508672272e-7,gpp
15_larson1980,15,larson1980,neutral,green algae,44.55,muhlenbergii,42.4840495022893,1.611227660380217e-7,gpp
15_larson1980,15,larson1980,neutral,green algae,44.55,muhlenbergii,40.41273940989142,4.123636590168901e-7,gpp
15_larson1980,15,larson1980,neutral,green algae,44.55,muhlenbergii,38.53401335397749,8.33635316973415e-7,gpp
17_larson1980,17,larson1980,neutral,green algae,44.55,deusta,42.4840495022893,6.547866568204195e-7,gpp
17_larson1980,17,larson1980,neutral,green algae,44.55,deusta,40.41273940989142,1.7021847428614707e-6,gpp
17_larson1980,17,larson1980,neutral,green algae,44.55,deusta,38.53401335397749,1.7022613799893965e-6,gpp
19_larson1980,19,larson1980,neutral,green algae,44.55,deusta,42.4840495022893,4.67792340377187e-7,gpp
19_larson1980,19,larson1980,neutral,green algae,44.55,deusta,40.41273940989142,1.3098032257820192e-6,gpp
19_larson1980,19,larson1980,neutral,green algae,44.55,deusta,38.53401335397749,1.4873711898810874e-6,gpp
1_lechowicz1973,1,lechowicz1973,neutral,green algae,43.8673,uncialis,42.17524303670842,1.0429449140346893e-7,gpp
1_lechowicz1973,1,lechowicz1973,neutral,green algae,43.8673,uncialis,41.12889640811739,4.365753389381201e-7,gpp
1_lechowicz1973,1,lechowicz1973,neutral,green algae,43.8673,uncialis,40.27249044438772,5.755686351586761e-7,gpp
1_lechowicz1973,1,lechowicz1973,neutral,green algae,43.8673,uncialis,39.99489271601007,6.124560917973187e-7,gpp
1_lechowicz1973,1,lechowicz1973,neutral,green algae,43.8673,uncialis,39.58559823145258,7.357616443232599e-7,gpp
1_lechowicz1973,1,lechowicz1973,neutral,green algae,43.8673,uncialis,39.18459605453426,9.678772604711049e-7,gpp
1_lechowicz1973,1,lechowicz1973,neutral,green algae,43.8673,uncialis,38.92174449622782,9.257764750435506e-7,gpp
1_lechowicz1973,1,lechowicz1973,neutral,green algae,43.8673,uncialis,38.27978928434875,8.523483178065591e-7,gpp
1_lechowicz1973,1,lechowicz1973,neutral,green algae,43.8673,uncialis,37.53685305369666,5.516288404150571e-7,gpp
2_lechowicz1973,2,lechowicz1973,neutral,green algae,43.8673,rangiferina,42.022517188304626,2.2646777626297053e-7,gpp
2_lechowicz1973,2,lechowicz1973,neutral,green algae,43.8673,rangiferina,41.12889640811739,6.892864053624177e-7,gpp
2_lechowicz1973,2,lechowicz1973,neutral,green algae,43.8673,rangiferina,40.27249044438772,1.1775115042035898e-6,gpp
2_lechowicz1973,2,lechowicz1973,neutral,green algae,43.8673,rangiferina,39.857524030741274,1.53429529500871e-6,gpp
2_lechowicz1973,2,lechowicz1973,neutral,green algae,43.8673,rangiferina,39.58559823145258,1.762667627054457e-6,gpp
2_lechowicz1973,2,lechowicz1973,neutral,green algae,43.8673,rangiferina,39.31735768778696,1.9448734545179126e-6,gpp
2_lechowicz1973,2,lechowicz1973,neutral,green algae,43.8673,rangiferina,38.92174449622782,1.9354125047337725e-6,gpp
2_lechowicz1973,2,lechowicz1973,neutral,green algae,43.8673,rangiferina,38.27978928434875,1.8423071718548811e-6,gpp
2_lechowicz1973,2,lechowicz1973,neutral,green algae,43.8673,rangiferina,37.65866662842876,1.0423744898886615e-6,gpp
3_lechowicz1973,3,lechowicz1973,neutral,green algae,43.8673,mitis,41.87089345679351,1.0998562372188139e-7,gpp
3_lechowicz1973,3,lechowicz1973,neutral,green algae,43.8673,mitis,41.12889640811739,3.628015057183974e-7,gpp
3_lechowicz1973,3,lechowicz1973,neutral,green algae,43.8673,mitis,40.41273940989142,7.880951238354918e-7,gpp
3_lechowicz1973,3,lechowicz1973,neutral,green algae,43.8673,mitis,39.857524030741274,1.0691875710065893e-6,gpp
3_lechowicz1973,3,lechowicz1973,neutral,green algae,43.8673,mitis,39.58559823145258,1.2302495758539723e-6,gpp
3_lechowicz1973,3,lechowicz1973,neutral,green algae,43.8673,mitis,39.18459605453426,1.1031828478376125e-6,gpp
3_lechowicz1973,3,lechowicz1973,neutral,green algae,43.8673,mitis,38.92174449622782,1.3192447572521395e-6,gpp
3_lechowicz1973,3,lechowicz1973,neutral,green algae,43.8673,mitis,38.15393102597508,1.302481458001969e-6,gpp
3_lechowicz1973,3,lechowicz1973,neutral,green algae,43.8673,mitis,37.53685305369666,8.618689987124139e-7,gpp
4_lechowicz1973,4,lechowicz1973,neutral,green algae,43.8673,caroliniana,41.720359955241136,7.228353480269636e-8,gpp
4_lechowicz1973,4,lechowicz1973,neutral,green algae,43.8673,caroliniana,40.9836416088657,3.8817283268954026e-7,gpp
4_lechowicz1973,4,lechowicz1973,neutral,green algae,43.8673,caroliniana,40.27249044438772,6.324691729152466e-7,gpp
4_lechowicz1973,4,lechowicz1973,neutral,green algae,43.8673,caroliniana,39.857524030741274,8.902666681814738e-7,gpp
4_lechowicz1973,4,lechowicz1973,neutral,green algae,43.8673,caroliniana,39.58559823145258,1.022029521320912e-6,gpp
4_lechowicz1973,4,lechowicz1973,neutral,green algae,43.8673,caroliniana,39.18459605453426,1.132590345376051e-6,gpp
4_lechowicz1973,4,lechowicz1973,neutral,green algae,43.8673,caroliniana,38.92174449622782,1.264395838067106e-6,gpp
4_lechowicz1973,4,lechowicz1973,neutral,green algae,43.8673,caroliniana,38.27978928434875,1.313158645762327e-6,gpp
4_lechowicz1973,4,lechowicz1973,neutral,green algae,43.8673,caroliniana,37.53685305369666,1.221968260243884e-6,gpp
9_lechowiczadams1974,9,lechowiczadams1974,neutral,green algae,43.7972,uncialis,40.9836416088657,4.312384170264334e-7,gpp
9_lechowiczadams1974,9,lechowiczadams1974,neutral,green algae,43.7972,uncialis,40.27249044438772,5.837001211845793e-7,gpp
9_lechowiczadams1974,9,lechowiczadams1974,neutral,green algae,43.7972,uncialis,39.857524030741274,6.316400219647049e-7,gpp
9_lechowiczadams1974,9,lechowiczadams1974,neutral,green algae,43.7972,uncialis,39.58559823145258,7.634403620389304e-7,gpp
9_lechowiczadams1974,9,lechowiczadams1974,neutral,green algae,43.7972,uncialis,39.31735768778696,9.88280059834886e-7,gpp
9_lechowiczadams1974,9,lechowiczadams1974,neutral,green algae,43.7972,uncialis,38.79163670917708,9.47059373627206e-7,gpp
9_lechowiczadams1974,9,lechowiczadams1974,neutral,green algae,43.7972,uncialis,38.15393102597508,8.774091161099749e-7,gpp
9_lechowiczadams1974,9,lechowiczadams1974,neutral,green algae,43.7972,uncialis,37.4158249929077,5.839543565856245e-7,gpp
10_lechowiczadams1974,10,lechowiczadams1974,neutral,green algae,43.7972,rangiferina,41.87089345679351,2.2511321593577217e-7,gpp
10_lechowiczadams1974,10,lechowiczadams1974,neutral,green algae,43.7972,rangiferina,41.12889640811739,6.988829622055592e-7,gpp
10_lechowiczadams1974,10,lechowiczadams1974,neutral,green algae,43.7972,rangiferina,40.27249044438772,1.1900666727258957e-6,gpp
10_lechowiczadams1974,10,lechowiczadams1974,neutral,green algae,43.7972,rangiferina,39.857524030741274,1.5429817352116943e-6,gpp
10_lechowiczadams1974,10,lechowiczadams1974,neutral,green algae,43.7972,rangiferina,39.451022000851,1.775271023252291e-6,gpp
10_lechowiczadams1974,10,lechowiczadams1974,neutral,green algae,43.7972,rangiferina,39.18459605453426,1.95832402711505e-6,gpp
10_lechowiczadams1974,10,lechowiczadams1974,neutral,green algae,43.7972,rangiferina,38.79163670917708,1.9565868840415058e-6,gpp
10_lechowiczadams1974,10,lechowiczadams1974,neutral,green algae,43.7972,rangiferina,38.15393102597508,1.8707822691812463e-6,gpp
10_lechowiczadams1974,10,lechowiczadams1974,neutral,green algae,43.7972,rangiferina,37.53685305369666,1.0681988033022796e-6,gpp
11_lechowiczadams1974,11,lechowiczadams1974,neutral,green algae,43.7972,mitis,41.570904967043965,1.1125160569567523e-7,gpp
11_lechowiczadams1974,11,lechowiczadams1974,neutral,green algae,43.7972,mitis,40.9836416088657,3.8268407937589947e-7,gpp
11_lechowiczadams1974,11,lechowiczadams1974,neutral,green algae,43.7972,mitis,40.27249044438772,7.939026107702795e-7,gpp
11_lechowiczadams1974,11,lechowiczadams1974,neutral,green algae,43.7972,mitis,39.857524030741274,1.0807574255850945e-6,gpp
11_lechowiczadams1974,11,lechowiczadams1974,neutral,green algae,43.7972,mitis,39.451022000851,1.2468328857077937e-6,gpp
11_lechowiczadams1974,11,lechowiczadams1974,neutral,green algae,43.7972,mitis,39.18459605453426,1.119934636824964e-6,gpp
11_lechowiczadams1974,11,lechowiczadams1974,neutral,green algae,43.7972,mitis,38.79163670917708,1.3442924577747485e-6,gpp
11_lechowiczadams1974,11,lechowiczadams1974,neutral,green algae,43.7972,mitis,38.028897661970575,1.3241068901007346e-6,gpp
11_lechowiczadams1974,11,lechowiczadams1974,neutral,green algae,43.7972,mitis,37.4158249929077,8.977010694539121e-7,gpp
12_lechowiczadams1974,12,lechowiczadams1974,neutral,green algae,43.7972,uncialis,41.720359955241136,5.02487376353859e-7,gpp
12_lechowiczadams1974,12,lechowiczadams1974,neutral,green algae,43.7972,uncialis,40.9836416088657,6.232209202453988e-7,gpp
12_lechowiczadams1974,12,lechowiczadams1974,neutral,green algae,43.7972,uncialis,40.27249044438772,9.236841149738696e-7,gpp
12_lechowiczadams1974,12,lechowiczadams1974,neutral,green algae,43.7972,uncialis,39.99489271601007,1.1362553586306142e-6,gpp
12_lechowiczadams1974,12,lechowiczadams1974,neutral,green algae,43.7972,uncialis,39.58559823145258,1.1727009459971218e-6,gpp
12_lechowiczadams1974,12,lechowiczadams1974,neutral,green algae,43.7972,uncialis,39.31735768778696,1.2062238256456863e-6,gpp
12_lechowiczadams1974,12,lechowiczadams1974,neutral,green algae,43.7972,uncialis,38.92174449622782,1.1968859281981366e-6,gpp
12_lechowiczadams1974,12,lechowiczadams1974,neutral,green algae,43.7972,uncialis,38.27978928434875,1.1221200605922896e-6,gpp
12_lechowiczadams1974,12,lechowiczadams1974,neutral,green algae,43.7972,uncialis,37.65866662842876,9.111666068317808e-7,gpp
13_lechowiczadams1974,13,lechowiczadams1974,neutral,green algae,43.7972,rangiferina,41.720359955241136,8.629009437249109e-7,gpp
13_lechowiczadams1974,13,lechowiczadams1974,neutral,green algae,43.7972,rangiferina,40.9836416088657,1.1576829682647882e-6,gpp
13_lechowiczadams1974,13,lechowiczadams1974,neutral,green algae,43.7972,rangiferina,40.41273940989142,1.776324237673256e-6,gpp
13_lechowiczadams1974,13,lechowiczadams1974,neutral,green algae,43.7972,rangiferina,39.99489271601007,2.0415823880936142e-6,gpp
13_lechowiczadams1974,13,lechowiczadams1974,neutral,green algae,43.7972,rangiferina,39.7210957437971,2.2438276255396504e-6,gpp
13_lechowiczadams1974,13,lechowiczadams1974,neutral,green algae,43.7972,rangiferina,39.31735768778696,2.2458154851170188e-6,gpp
13_lechowiczadams1974,13,lechowiczadams1974,neutral,green algae,43.7972,rangiferina,38.92174449622782,2.3876920162084373e-6,gpp
13_lechowiczadams1974,13,lechowiczadams1974,neutral,green algae,43.7972,rangiferina,38.27978928434875,2.2197191729152464e-6,gpp
13_lechowiczadams1974,13,lechowiczadams1974,neutral,green algae,43.7972,rangiferina,37.65866662842876,1.933547130955086e-6,gpp
14_lechowiczadams1974,14,lechowiczadams1974,neutral,green algae,43.7972,mitis,41.87089345679351,5.512324055138983e-7,gpp
14_lechowiczadams1974,14,lechowiczadams1974,neutral,green algae,43.7972,mitis,40.9836416088657,9.541661243656743e-7,gpp
14_lechowiczadams1974,14,lechowiczadams1974,neutral,green algae,43.7972,mitis,40.41273940989142,1.3157969484208135e-6,gpp
14_lechowiczadams1974,14,lechowiczadams1974,neutral,green algae,43.7972,mitis,39.99489271601007,1.8063091509505416e-6,gpp
14_lechowiczadams1974,14,lechowiczadams1974,neutral,green algae,43.7972,mitis,39.58559823145258,2.0721060137847457e-6,gpp
14_lechowiczadams1974,14,lechowiczadams1974,neutral,green algae,43.7972,mitis,39.31735768778696,2.1467492524426265e-6,gpp
14_lechowiczadams1974,14,lechowiczadams1974,neutral,green algae,43.7972,mitis,38.92174449622782,2.111558630614254e-6,gpp
14_lechowiczadams1974,14,lechowiczadams1974,neutral,green algae,43.7972,mitis,38.27978928434875,2.2091773695372268e-6,gpp
14_lechowiczadams1974,14,lechowiczadams1974,neutral,green algae,43.7972,mitis,37.65866662842876,1.7659499333484815e-6,gpp
15_lechowiczadams1974,15,lechowiczadams1974,neutral,green algae,43.7972,uncialis,41.87089345679351,1.5869802241914714e-7,gpp
15_lechowiczadams1974,15,lechowiczadams1974,neutral,green algae,43.7972,uncialis,40.9836416088657,5.679614027115049e-7,gpp
15_lechowiczadams1974,15,lechowiczadams1974,neutral,green algae,43.7972,uncialis,40.27249044438772,9.539186359160795e-7,gpp
15_lechowiczadams1974,15,lechowiczadams1974,neutral,green algae,43.7972,uncialis,39.99489271601007,1.1591885760811935e-6,gpp
15_lechowiczadams1974,15,lechowiczadams1974,neutral,green algae,43.7972,uncialis,39.58559823145258,1.2339779822767552e-6,gpp
15_lechowiczadams1974,15,lechowiczadams1974,neutral,green algae,43.7972,uncialis,39.31735768778696,1.3432643505263956e-6,gpp
15_lechowiczadams1974,15,lechowiczadams1974,neutral,green algae,43.7972,uncialis,38.92174449622782,1.3923726372794065e-6,gpp
15_lechowiczadams1974,15,lechowiczadams1974,neutral,green algae,43.7972,uncialis,38.27978928434875,1.3194376050897524e-6,gpp
15_lechowiczadams1974,15,lechowiczadams1974,neutral,green algae,43.7972,uncialis,37.53685305369666,1.0250758532151789e-6,gpp
16_lechowiczadams1974,16,lechowiczadams1974,neutral,green algae,43.7972,rangiferina,42.022517188304626,3.269919495569189e-7,gpp
16_lechowiczadams1974,16,lechowiczadams1974,neutral,green algae,43.7972,rangiferina,41.12889640811739,7.14792881163372e-7,gpp
16_lechowiczadams1974,16,lechowiczadams1974,neutral,green algae,43.7972,rangiferina,40.27249044438772,1.2527844535332878e-6,gpp
16_lechowiczadams1974,16,lechowiczadams1974,neutral,green algae,43.7972,rangiferina,39.857524030741274,1.6070949594789064e-6,gpp
16_lechowiczadams1974,16,lechowiczadams1974,neutral,green algae,43.7972,rangiferina,39.58559823145258,2.006564746648489e-6,gpp
16_lechowiczadams1974,16,lechowiczadams1974,neutral,green algae,43.7972,rangiferina,39.18459605453426,2.172413739301674e-6,gpp
16_lechowiczadams1974,16,lechowiczadams1974,neutral,green algae,43.7972,rangiferina,38.92174449622782,2.3086026069832614e-6,gpp
16_lechowiczadams1974,16,lechowiczadams1974,neutral,green algae,43.7972,rangiferina,38.27978928434875,2.0416412633492392e-6,gpp
16_lechowiczadams1974,16,lechowiczadams1974,neutral,green algae,43.7972,rangiferina,37.65866662842876,1.5527780390820265e-6,gpp
17_lechowiczadams1974,17,lechowiczadams1974,neutral,green algae,43.7972,mitis,41.720359955241136,3.9487486934787545e-7,gpp
17_lechowiczadams1974,17,lechowiczadams1974,neutral,green algae,43.7972,mitis,40.9836416088657,7.109934590623344e-7,gpp
17_lechowiczadams1974,17,lechowiczadams1974,neutral,green algae,43.7972,mitis,40.27249044438772,1.1747123244717111e-6,gpp
17_lechowiczadams1974,17,lechowiczadams1974,neutral,green algae,43.7972,mitis,39.99489271601007,1.4320794811785205e-6,gpp
17_lechowiczadams1974,17,lechowiczadams1974,neutral,green algae,43.7972,mitis,39.58559823145258,1.703271829129743e-6,gpp
17_lechowiczadams1974,17,lechowiczadams1974,neutral,green algae,43.7972,mitis,39.18459605453426,1.877793630235553e-6,gpp
17_lechowiczadams1974,17,lechowiczadams1974,neutral,green algae,43.7972,mitis,38.92174449622782,2.0186206013784743e-6,gpp
17_lechowiczadams1974,17,lechowiczadams1974,neutral,green algae,43.7972,mitis,38.15393102597508,2.0823489108535938e-6,gpp
17_lechowiczadams1974,17,lechowiczadams1974,neutral,green algae,43.7972,mitis,37.65866662842876,1.8139701272438083e-6,gpp
1_macfarlane1983,1,macfarlane1983,neutral,green algae,45.1166,rangiferina,41.720359955241136,1.5668665651745817e-6,gpp
1_macfarlane1983,1,macfarlane1983,neutral,green algae,45.1166,rangiferina,40.27249044438772,1.8985290926304627e-6,gpp
1_macfarlane1983,1,macfarlane1983,neutral,green algae,45.1166,rangiferina,38.92174449622782,2.9552164894342192e-6,gpp
1_macfarlane1983,1,macfarlane1983,neutral,green algae,45.1166,rangiferina,37.65866662842876,1.35561875104143e-6,gpp
3_macfarlane1983,3,macfarlane1983,neutral,green algae,45.1166,rangiferina,41.720359955241136,1.2678313739301677e-6,gpp
3_macfarlane1983,3,macfarlane1983,neutral,green algae,45.1166,rangiferina,40.27249044438772,2.696056717412709e-6,gpp
3_macfarlane1983,3,macfarlane1983,neutral,green algae,45.1166,rangiferina,38.92174449622782,3.0334578247368028e-6,gpp
5_macfarlane1983,5,macfarlane1983,neutral,green algae,45.1166,rangiferina,41.720359955241136,1.908639704612588e-6,gpp
5_macfarlane1983,5,macfarlane1983,neutral,green algae,45.1166,rangiferina,38.92174449622782,4.2818546375823675e-6,gpp
5_macfarlane1983,5,macfarlane1983,neutral,green algae,45.1166,rangiferina,37.65866662842876,3.406599166098614e-6,gpp
7_macfarlane1983,7,macfarlane1983,neutral,green algae,45.1166,rangiferina,38.92174449622782,5.1151203756721955e-6,gpp
9_macfarlane1983,9,macfarlane1983,neutral,green algae,45.1166,rangiferina,40.27249044438772,4.061645804741347e-6,gpp
9_macfarlane1983,9,macfarlane1983,neutral,green algae,45.1166,rangiferina,38.92174449622782,3.566535870635462e-6,gpp
9_macfarlane1983,9,macfarlane1983,neutral,green algae,45.1166,rangiferina,37.65866662842876,2.5132182859956073e-6,gpp
11_macfarlane1983,11,macfarlane1983,neutral,green algae,45.1166,rangiferina,41.720359955241136,1.3730919616753768e-6,gpp
11_macfarlane1983,11,macfarlane1983,neutral,green algae,45.1166,rangiferina,40.27249044438772,2.21029921760206e-6,gpp
11_macfarlane1983,11,macfarlane1983,neutral,green algae,45.1166,rangiferina,38.92174449622782,2.9849462697871698e-6,gpp
11_macfarlane1983,11,macfarlane1983,neutral,green algae,45.1166,rangiferina,37.65866662842876,3.2689121472392634e-6,gpp
13_macfarlane1983,13,macfarlane1983,neutral,green algae,45.1166,rangiferina,41.720359955241136,2.209455060970992e-6,gpp
13_macfarlane1983,13,macfarlane1983,neutral,green algae,45.1166,rangiferina,40.27249044438772,1.7406704711050518e-6,gpp
13_macfarlane1983,13,macfarlane1983,neutral,green algae,45.1166,rangiferina,38.92174449622782,2.514823383321972e-6,gpp
13_macfarlane1983,13,macfarlane1983,neutral,green algae,45.1166,rangiferina,37.65866662842876,1.98912517155192e-6,gpp
15_macfarlane1983,15,macfarlane1983,neutral,green algae,45.1166,rangiferina,41.720359955241136,2.627322626675755e-6,gpp
15_macfarlane1983,15,macfarlane1983,neutral,green algae,45.1166,rangiferina,40.27249044438772,3.281574488373854e-6,gpp
15_macfarlane1983,15,macfarlane1983,neutral,green algae,45.1166,rangiferina,38.92174449622782,6.066816073619631e-6,gpp
15_macfarlane1983,15,macfarlane1983,neutral,green algae,45.1166,rangiferina,37.65866662842876,2.955441985154889e-6,gpp
17_macfarlane1983,17,macfarlane1983,neutral,green algae,45.1166,rangiferina,40.27249044438772,6.6246282488828295e-6,gpp
17_macfarlane1983,17,macfarlane1983,neutral,green algae,45.1166,rangiferina,38.92174449622782,4.655263536317503e-6,gpp
17_macfarlane1983,17,macfarlane1983,neutral,green algae,45.1166,rangiferina,37.65866662842876,5.880123745360902e-6,gpp
19_macfarlane1983,19,macfarlane1983,neutral,green algae,45.1166,rangiferina,41.720359955241136,2.471812600924032e-6,gpp
19_macfarlane1983,19,macfarlane1983,neutral,green algae,45.1166,rangiferina,40.27249044438772,4.326330905097327e-6,gpp
19_macfarlane1983,19,macfarlane1983,neutral,green algae,45.1166,rangiferina,38.92174449622782,5.542049520563508e-6,gpp
19_macfarlane1983,19,macfarlane1983,neutral,green algae,45.1166,rangiferina,37.65866662842876,4.051856637127926e-6,gpp
1_sanchokappen1989,1,sanchokappen1989,high,green algae,40.2997,decussata,43.276218987694655,9.311989547830037e-8,gpp
1_sanchokappen1989,1,sanchokappen1989,high,green algae,40.2997,decussata,42.95583239515203,1.5495304551995758e-7,gpp
1_sanchokappen1989,1,sanchokappen1989,high,green algae,40.2997,decussata,42.4840495022893,4.37361544345982e-7,gpp
1_sanchokappen1989,1,sanchokappen1989,high,green algae,40.2997,decussata,41.570904967043965,7.016986965083693e-7,gpp
1_sanchokappen1989,1,sanchokappen1989,high,green algae,40.2997,decussata,40.9836416088657,9.787032803150798e-7,gpp
1_sanchokappen1989,1,sanchokappen1989,high,green algae,40.2997,decussata,40.27249044438772,9.928455654018026e-7,gpp
1_sanchokappen1989,1,sanchokappen1989,high,green algae,40.2997,decussata,39.58559823145258,9.028327751268652e-7,gpp
1_sanchokappen1989,1,sanchokappen1989,high,green algae,40.2997,decussata,39.05272798771773,9.346966386427326e-7,gpp
1_sanchokappen1989,1,sanchokappen1989,high,green algae,40.2997,decussata,38.79163670917708,9.774907513443915e-7,gpp
3_sanchokappen1989,3,sanchokappen1989,high,green algae,40.2997,subglabra,43.276218987694655,8.47444611073241e-8,gpp
3_sanchokappen1989,3,sanchokappen1989,high,green algae,40.2997,subglabra,42.640154773287975,4.237223047792169e-7,gpp
3_sanchokappen1989,3,sanchokappen1989,high,green algae,40.2997,subglabra,41.720359955241136,6.744246693933197e-7,gpp
3_sanchokappen1989,3,sanchokappen1989,high,green algae,40.2997,subglabra,40.9836416088657,8.015413602969022e-7,gpp
3_sanchokappen1989,3,sanchokappen1989,high,green algae,40.2997,subglabra,40.41273940989142,8.227274755737332e-7,gpp
3_sanchokappen1989,3,sanchokappen1989,high,green algae,40.2997,subglabra,39.7210957437971,9.780923206846928e-7,gpp
3_sanchokappen1989,3,sanchokappen1989,high,green algae,40.2997,subglabra,39.05272798771773,9.392511095963038e-7,gpp
3_sanchokappen1989,3,sanchokappen1989,high,green algae,40.2997,subglabra,38.53401335397749,9.533751859425888e-7,gpp
5_sanchokappen1989,5,sanchokappen1989,high,green algae,40.2997,havaasii,43.276218987694655,6.718425357873213e-8,gpp
5_sanchokappen1989,5,sanchokappen1989,high,green algae,40.2997,havaasii,42.640154773287975,1.977955744906461e-7,gpp
5_sanchokappen1989,5,sanchokappen1989,high,green algae,40.2997,havaasii,41.12889640811739,4.515300257517231e-7,gpp
5_sanchokappen1989,5,sanchokappen1989,high,green algae,40.2997,havaasii,40.41273940989142,5.597160486253123e-7,gpp
5_sanchokappen1989,5,sanchokappen1989,high,green algae,40.2997,havaasii,39.7210957437971,6.45568413996819e-7,gpp
5_sanchokappen1989,5,sanchokappen1989,high,green algae,40.2997,havaasii,39.05272798771773,7.519151170188593e-7,gpp
7_sanchokappen1989,7,sanchokappen1989,high,green algae,40.2997,cinereorufescens,43.11543050919681,2.2432286601529957e-8,gpp
7_sanchokappen1989,7,sanchokappen1989,high,green algae,40.2997,cinereorufescens,42.4840495022893,7.888973869575097e-8,gpp
7_sanchokappen1989,7,sanchokappen1989,high,green algae,40.2997,cinereorufescens,41.570904967043965,1.275481042187382e-7,gpp
7_sanchokappen1989,7,sanchokappen1989,high,green algae,40.2997,cinereorufescens,40.839409190745464,1.3885016965841097e-7,gpp
7_sanchokappen1989,7,sanchokappen1989,high,green algae,40.2997,cinereorufescens,40.1332115564597,1.6506303037188519e-7,gpp
7_sanchokappen1989,7,sanchokappen1989,high,green algae,40.2997,cinereorufescens,39.58559823145258,1.6887004241460277e-7,gpp
7_sanchokappen1989,7,sanchokappen1989,high,green algae,40.2997,cinereorufescens,38.92174449622782,1.952283094751193e-7,gpp
7_sanchokappen1989,7,sanchokappen1989,high,green algae,40.2997,cinereorufescens,38.15393102597508,1.6132211315610085e-7,gpp
9_sanchokappen1989,9,sanchokappen1989,high,green algae,40.5926,pustulata,42.4840495022893,4.576154177080966e-7,gpp
9_sanchokappen1989,9,sanchokappen1989,high,green algae,40.5926,pustulata,41.720359955241136,8.384048890403695e-7,gpp
9_sanchokappen1989,9,sanchokappen1989,high,green algae,40.5926,pustulata,40.839409190745464,1.1323476399303188e-6,gpp
9_sanchokappen1989,9,sanchokappen1989,high,green algae,40.5926,pustulata,40.27249044438772,1.2258748784367189e-6,gpp
9_sanchokappen1989,9,sanchokappen1989,high,green algae,40.5926,pustulata,39.58559823145258,1.4296306483374993e-6,gpp
9_sanchokappen1989,9,sanchokappen1989,high,green algae,40.5926,pustulata,38.92174449622782,1.4095890971748843e-6,gpp
11_sanchokappen1989,11,sanchokappen1989,high,green algae,40.5926,hispanica,42.4840495022893,4.318529417556616e-7,gpp
11_sanchokappen1989,11,sanchokappen1989,high,green algae,40.5926,hispanica,41.570904967043965,6.743549776565933e-7,gpp
11_sanchokappen1989,11,sanchokappen1989,high,green algae,40.5926,hispanica,40.9836416088657,9.06891177005226e-7,gpp
11_sanchokappen1989,11,sanchokappen1989,high,green algae,40.5926,hispanica,40.41273940989142,1.0862762447928505e-6,gpp
11_sanchokappen1989,11,sanchokappen1989,high,green algae,40.5926,hispanica,39.58559823145258,1.2955588245095812e-6,gpp
11_sanchokappen1989,11,sanchokappen1989,high,green algae,40.5926,hispanica,38.92174449622782,1.1161737559645537e-6,gpp
11_sanchokappen1989,11,sanchokappen1989,high,green algae,40.5926,hispanica,38.27978928434875,7.075744345981973e-7,gpp
13_sanchokappen1989,13,sanchokappen1989,high,green algae,40.2997,spodochroa,42.4840495022893,3.162969567522533e-7,gpp
13_sanchokappen1989,13,sanchokappen1989,high,green algae,40.2997,spodochroa,41.720359955241136,6.431722737256684e-7,gpp
13_sanchokappen1989,13,sanchokappen1989,high,green algae,40.2997,spodochroa,40.9836416088657,9.173596659850036e-7,gpp
13_sanchokappen1989,13,sanchokappen1989,high,green algae,40.2997,spodochroa,40.27249044438772,8.856992463833977e-7,gpp
13_sanchokappen1989,13,sanchokappen1989,high,green algae,40.2997,spodochroa,39.451022000851,9.66593256078164e-7,gpp
13_sanchokappen1989,13,sanchokappen1989,high,green algae,40.2997,spodochroa,38.92174449622782,1.13522677194577e-6,gpp
13_sanchokappen1989,13,sanchokappen1989,high,green algae,40.2997,spodochroa,38.27978928434875,9.278547542225252e-7,gpp
15_sanchokappen1989,15,sanchokappen1989,high,green algae,40.2997,grisea,42.4840495022893,2.2068366128910098e-7,gpp
15_sanchokappen1989,15,sanchokappen1989,high,green algae,40.2997,grisea,41.87089345679351,4.201682784215708e-7,gpp
15_sanchokappen1989,15,sanchokappen1989,high,green algae,40.2997,grisea,40.1332115564597,8.897397470271908e-7,gpp
15_sanchokappen1989,15,sanchokappen1989,high,green algae,40.2997,grisea,39.58559823145258,9.738239309247898e-7,gpp
15_sanchokappen1989,15,sanchokappen1989,high,green algae,40.2997,grisea,38.79163670917708,1.110400440808907e-6,gpp
15_sanchokappen1989,15,sanchokappen1989,high,green algae,40.2997,grisea,38.27978928434875,8.52825159433462e-7,gpp
1_sonesson1989,1,sonesson1989,neutral,green algae,68.2,olivacea,43.276218987694655,8.305330379459214e-8,gpp
1_sonesson1989,1,sonesson1989,neutral,green algae,68.2,olivacea,42.4840495022893,5.751207354389154e-7,gpp
1_sonesson1989,1,sonesson1989,neutral,green algae,68.2,olivacea,41.720359955241136,7.731709210028023e-7,gpp
1_sonesson1989,1,sonesson1989,neutral,green algae,68.2,olivacea,40.9836416088657,1.02899219874271e-6,gpp
1_sonesson1989,1,sonesson1989,neutral,green algae,68.2,olivacea,40.27249044438772,1.201487521775354e-6,gpp
1_sonesson1989,1,sonesson1989,neutral,green algae,68.2,olivacea,39.58559823145258,1.770355867605847e-6,gpp
1_sonesson1989,1,sonesson1989,neutral,green algae,68.2,olivacea,38.92174449622782,1.3484279815193515e-6,gpp
1_sonesson1989,1,sonesson1989,neutral,green algae,68.2,olivacea,38.27978928434875,9.202477073392412e-7,gpp
2_sonesson1989,2,sonesson1989,neutral,green algae,68.2,ambigua,43.276218987694655,7.652826175869121e-8,gpp
2_sonesson1989,2,sonesson1989,neutral,green algae,68.2,ambigua,42.4840495022893,3.580407278648791e-7,gpp
2_sonesson1989,2,sonesson1989,neutral,green algae,68.2,ambigua,41.720359955241136,4.601238536696206e-7,gpp
2_sonesson1989,2,sonesson1989,neutral,green algae,68.2,ambigua,40.9836416088657,5.497021987427099e-7,gpp
2_sonesson1989,2,sonesson1989,neutral,green algae,68.2,ambigua,40.27249044438772,1.2080125630538512e-6,gpp
2_sonesson1989,2,sonesson1989,neutral,green algae,68.2,ambigua,39.58559823145258,1.2463448572294176e-6,gpp
2_sonesson1989,2,sonesson1989,neutral,green algae,68.2,ambigua,38.92174449622782,6.135893554495191e-7,gpp
1_kappen1983,1,kappen1983,neutral,green algae,-70.47,sulphurea,42.640154773287975,1.6851380661458718e-7,gpp
1_kappen1983,1,kappen1983,neutral,green algae,-70.47,sulphurea,41.570904967043965,3.809877368175323e-7,gpp
1_kappen1983,1,kappen1983,neutral,green algae,-70.47,sulphurea,40.839409190745464,5.040760820826394e-7,gpp
1_kappen1983,1,kappen1983,neutral,green algae,-70.47,sulphurea,39.857524030741274,8.557570700783255e-7,gpp
1_kappen1983,1,kappen1983,neutral,green algae,-70.47,sulphurea,39.7210957437971,7.590447981128204e-7,gpp
3_kappen1983,3,kappen1983,neutral,green algae,-70.47,sulphurea,43.4382111980173,1.083433875997026e-7,gpp
3_kappen1983,3,kappen1983,neutral,green algae,-70.47,sulphurea,43.11543050919681,1.9585150835330855e-7,gpp
3_kappen1983,3,kappen1983,neutral,green algae,-70.47,sulphurea,41.87089345679351,6.083897919060222e-7,gpp
3_kappen1983,3,kappen1983,neutral,green algae,-70.47,sulphurea,41.275184497778135,1.1042691428431229e-6,gpp
3_kappen1983,3,kappen1983,neutral,green algae,-70.47,sulphurea,41.12889640811739,1.2980371245118214e-6,gpp
3_kappen1983,3,kappen1983,neutral,green algae,-70.47,sulphurea,40.839409190745464,1.4167981455345723e-6,gpp
3_kappen1983,3,kappen1983,neutral,green algae,-70.47,sulphurea,40.55396862327563,1.5751461735649069e-6,gpp
3_kappen1983,3,kappen1983,neutral,green algae,-70.47,sulphurea,40.27249044438772,1.6897401412184385e-6,gpp
3_kappen1983,3,kappen1983,neutral,green algae,-70.47,sulphurea,39.99489271601007,1.80433410887197e-6,gpp
3_kappen1983,3,kappen1983,neutral,green algae,-70.47,sulphurea,39.7210957437971,1.879341069517918e-6,gpp
3_kappen1983,3,kappen1983,neutral,green algae,-70.47,sulphurea,39.451022000851,1.891842229625576e-6,gpp
2_aubert2007,2,aubert2007,high,green algae,44.6008723,elegans,42.17524303670842,2.02759526e-8,r
2_aubert2007,2,aubert2007,high,green algae,44.6008723,elegans,41.720359955241136,8.953899056000001e-8,r
2_aubert2007,2,aubert2007,high,green algae,44.6008723,elegans,40.9836416088657,2.9783622759999997e-7,r
2_aubert2007,2,aubert2007,high,green algae,44.6008723,elegans,40.27249044438772,6.593284776000001e-7,r
2_aubert2007,2,aubert2007,high,green algae,44.6008723,elegans,39.58559823145258,1.194915435e-6,r
2_aubert2007,2,aubert2007,high,green algae,44.6008723,elegans,38.92174449622782,1.7514020872000005e-6,r
2_aubert2007,2,aubert2007,high,green algae,44.6008723,elegans,38.27978928434875,2.2486840440000003e-6,r
4_colesie2018,4,colesie2018,neutral,cyanobacteria,-62,alpinum,41.720359955241136,-9.43131e-5,r
4_colesie2018,4,colesie2018,neutral,cyanobacteria,-62,alpinum,40.27249044438772,-2.32332264e-4,r
4_colesie2018,4,colesie2018,neutral,cyanobacteria,-62,alpinum,39.18459605453426,-2.9674122000000004e-4,r
5_colesie2018,5,colesie2018,neutral,green algae,-62,aurantiaco-atra,41.720359955241136,-4.8306708000000005e-5,r
5_colesie2018,5,colesie2018,neutral,green algae,-62,aurantiaco-atra,40.27249044438772,-1.17316296e-4,r
5_colesie2018,5,colesie2018,neutral,green algae,-62,aurantiaco-atra,39.18459605453426,-3.726517559999999e-4,r
6_colesie2018,6,colesie2018,neutral,cyanobacteria,-62,contortuplicata,41.720359955241136,-1.03514376e-4,r
6_colesie2018,6,colesie2018,neutral,cyanobacteria,-62,contortuplicata,40.27249044438772,-4.16357832e-4,r
6_colesie2018,6,colesie2018,neutral,cyanobacteria,-62,contortuplicata,39.18459605453426,-5.911821120000001e-4,r
1_delprado_1995,1,delprado,neutral,green algae,36.834,lacunosus,42.4840495022893,-4.977412727999999e-8,r
1_delprado1995,1,delprado1995,neutral,green algae,36.834,lacunosus,41.720359955241136,-7.93429158e-8,r
1_delprado1995,1,delprado1995,neutral,green algae,36.834,lacunosus,40.9836416088657,-1.2665297736e-7,r
1_delprado1995,1,delprado1995,neutral,green algae,36.834,lacunosus,40.27249044438772,-3.0997946615999997e-7,r
1_delprado1995,1,delprado1995,neutral,green algae,36.834,lacunosus,39.58559823145258,-4.341683778e-7,r
1_delprado1995,1,delprado1995,neutral,green algae,36.834,lacunosus,38.92174449622782,-4.814784394799999e-7,r
1_delprado1995,1,delprado1995,neutral,green algae,36.834,lacunosus,38.27978928434875,-5.1104722788e-7,r
9_delprado1995,9,delprado1995,neutral,green algae,36.834,bourgeana,42.4840495022893,-5.625383831999999e-8,r
9_delprado1995,9,delprado1995,neutral,green algae,36.834,bourgeana,41.720359955241136,-8.573183208e-8,r
9_delprado1995,9,delprado1995,neutral,green algae,36.834,bourgeana,40.9836416088657,-1.5647901743999996e-7,r
9_delprado1995,9,delprado1995,neutral,green algae,36.834,bourgeana,40.27249044438772,-2.8912998971999993e-7,r
9_delprado1995,9,delprado1995,neutral,green algae,36.834,bourgeana,39.58559823145258,-4.5420675539999995e-7,r
9_delprado1995,9,delprado1995,neutral,green algae,36.834,bourgeana,38.92174449622782,-6.4286591604e-7,r
9_delprado1995,9,delprado1995,neutral,green algae,36.834,bourgeana,38.27978928434875,-8.934288638399999e-7,r
5_domaschke2013,5,domaschke2013,neutral,green algae,49.58,aculeata,42.4840495022893,-1.283018868e-7,r
5_domaschke2013,5,domaschke2013,neutral,green algae,49.58,aculeata,41.720359955241136,-1.5647798748e-7,r
5_domaschke2013,5,domaschke2013,neutral,green algae,49.58,aculeata,40.9836416088657,-2.5710691824e-7,r
5_domaschke2013,5,domaschke2013,neutral,green algae,49.58,aculeata,40.27249044438772,-2.5710691824e-7,r
5_domaschke2013,5,domaschke2013,neutral,green algae,49.58,aculeata,39.58559823145258,-4.462893081599999e-7,r
5_domaschke2013,5,domaschke2013,neutral,green algae,49.58,aculeata,38.92174449622782,-5.4691823904e-7,r
5_domaschke2013,5,domaschke2013,neutral,green algae,49.58,aculeata,38.27978928434875,-5.831446540799999e-7,r
6_domaschke2013,6,domaschke2013,neutral,green algae,41.39,aculeata,42.4840495022893,-6.389937107999999e-8,r
6_domaschke2013,6,domaschke2013,neutral,green algae,41.39,aculeata,41.720359955241136,-8.805031452e-8,r
6_domaschke2013,6,domaschke2013,neutral,green algae,41.39,aculeata,40.9836416088657,-1.48427673e-7,r
6_domaschke2013,6,domaschke2013,neutral,green algae,41.39,aculeata,40.27249044438772,-1.5647798748e-7,r
6_domaschke2013,6,domaschke2013,neutral,green algae,41.39,aculeata,39.58559823145258,-2.4503144652e-7,r
6_domaschke2013,6,domaschke2013,neutral,green algae,41.39,aculeata,38.92174449622782,-3.7383647795999993e-7,r
6_domaschke2013,6,domaschke2013,neutral,green algae,41.39,aculeata,38.27978928434875,-4.462893081599999e-7,r
7_domaschke2013,7,domaschke2013,neutral,green algae,-62.24,aculeata,42.4840495022893,-7.59748428e-8,r
7_domaschke2013,7,domaschke2013,neutral,green algae,-62.24,aculeata,41.720359955241136,-9.610062888e-8,r
7_domaschke2013,7,domaschke2013,neutral,green algae,-62.24,aculeata,40.9836416088657,-1.4037735852e-7,r
7_domaschke2013,7,domaschke2013,neutral,green algae,-62.24,aculeata,40.27249044438772,-1.4037735852e-7,r
7_domaschke2013,7,domaschke2013,neutral,green algae,-62.24,aculeata,39.58559823145258,-2.7723270443999996e-7,r
7_domaschke2013,7,domaschke2013,neutral,green algae,-62.24,aculeata,38.92174449622782,-3.416352201599999e-7,r
7_domaschke2013,7,domaschke2013,neutral,green algae,-62.24,aculeata,38.27978928434875,-3.0943396223999997e-7,r
8_domaschke2013,8,domaschke2013,neutral,green algae,78.1,aculeata,42.4840495022893,-8.805031452e-8,r
8_domaschke2013,8,domaschke2013,neutral,green algae,78.1,aculeata,41.720359955241136,-1.2025157232e-7,r
8_domaschke2013,8,domaschke2013,neutral,green algae,78.1,aculeata,40.9836416088657,-1.2025157232e-7,r
8_domaschke2013,8,domaschke2013,neutral,green algae,78.1,aculeata,40.27249044438772,-1.7660377355999999e-7,r
8_domaschke2013,8,domaschke2013,neutral,green algae,78.1,aculeata,39.58559823145258,-2.6515723271999997e-7,r
8_domaschke2013,8,domaschke2013,neutral,green algae,78.1,aculeata,38.92174449622782,-3.3358490568e-7,r
8_domaschke2013,8,domaschke2013,neutral,green algae,78.1,aculeata,38.27978928434875,-3.8993710692e-7,r
2_lange2000,2,lange2000,high,cyanobacteria,8,phyllocarpum,40.55396862327563,-7.276089827999999e-4,r
2_lange2000,2,lange2000,high,cyanobacteria,8,phyllocarpum,39.7210957437971,-2.9960369879999997e-4,r
2_lange2000,2,lange2000,high,cyanobacteria,8,phyllocarpum,39.857524030741274,-0.00107635402908,r
2_lange2000,2,lange2000,high,cyanobacteria,8,phyllocarpum,39.31735768778696,-0.0013616908848,r
2_lange2000,2,lange2000,high,cyanobacteria,8,phyllocarpum,38.92174449622782,-0.001757992074,r
2_lange2000,2,lange2000,high,cyanobacteria,8,phyllocarpum,38.40648062733848,-0.00113976221927999,r
2_lange2000,2,lange2000,high,cyanobacteria,8,phyllocarpum,37.17609521560251,-0.0017262879792,r
2_lange2000,2,lange2000,high,cyanobacteria,8,phyllocarpum,37.17609521560251,-0.0020908850724,r
2_lange2000,2,lange2000,high,cyanobacteria,8,phyllocarpum,36.82220568475432,-0.0022652575956,r
2_lange2000,2,lange2000,high,cyanobacteria,8,phyllocarpum,36.360702245183525,-0.0026377807128,r
2_lange2000,2,lange2000,high,cyanobacteria,8,phyllocarpum,35.910623925577354,-0.0027804491412,r
2_lange2000,2,lange2000,high,cyanobacteria,8,phyllocarpum,35.910623925577354,-0.0026457067368,r
2_lange2004,2,lange2004,high,cyanobacteria,8,aurata,41.12889640811739,-1.3907284764000006e-7,r
2_lange2004,2,lange2004,high,cyanobacteria,8,aurata,40.9836416088657,-3.9655629144000004e-7,r
2_lange2004,2,lange2004,high,cyanobacteria,8,aurata,40.55396862327563,-2.3920529796e-7,r
2_lange2004,2,lange2004,high,cyanobacteria,8,aurata,40.41273940989142,-4.680794702400001e-7,r
2_lange2004,2,lange2004,high,cyanobacteria,8,aurata,40.1332115564597,-3.107284768800001e-7,r
2_lange2004,2,lange2004,high,cyanobacteria,8,aurata,39.857524030741274,-3.9655629144000004e-7,r
2_lange2004,2,lange2004,high,cyanobacteria,8,aurata,39.857524030741274,-4.680794702400001e-7,r
2_lange2004,2,lange2004,high,cyanobacteria,8,aurata,39.857524030741274,-9.115231788000002e-7,r
2_lange2004,2,lange2004,high,cyanobacteria,8,aurata,39.451022000851,-4.1086092720000003e-7,r
2_lange2004,2,lange2004,high,cyanobacteria,8,aurata,39.451022000851,-6.5403973512e-7,r
2_lange2004,2,lange2004,high,cyanobacteria,8,aurata,39.451022000851,-9.4013245032e-7,r
2_lange2004,2,lange2004,high,cyanobacteria,8,aurata,39.05272798771773,-5.968211920800001e-7,r
2_lange2004,2,lange2004,high,cyanobacteria,8,aurata,39.05272798771773,-9.5443708608e-7,r
2_lange2004,2,lange2004,high,cyanobacteria,8,aurata,39.05272798771773,-1.2834437088e-6,r
2_lange2004,2,lange2004,high,cyanobacteria,8,aurata,38.79163670917708,-7.9708609272e-7,r
2_lange2004,2,lange2004,high,cyanobacteria,8,aurata,38.66239587389746,-1.14039735096e-6,r
2_lange2004,2,lange2004,high,cyanobacteria,8,aurata,38.66239587389746,-1.4550993372000002e-6,r
2_lange2004,2,lange2004,high,cyanobacteria,8,aurata,38.40648062733848,-1.0688741721600002e-6,r
2_lange2004,2,lange2004,high,cyanobacteria,8,aurata,38.27978928434875,-1.19046357612e-6,r
2_lange2004,2,lange2004,high,cyanobacteria,8,aurata,38.27978928434875,-1.569536424e-6,r
2_lange2004,2,lange2004,high,cyanobacteria,8,aurata,37.9046811090979,-1.4908609272000004e-6,r
2_lange2004,2,lange2004,high,cyanobacteria,8,aurata,37.53685305369666,-1.7841059604000003e-6,r
2_lange2004,2,lange2004,high,cyanobacteria,8,aurata,36.93941786264626,-2.1703311264e-6,r
2_lange2004,2,lange2004,high,cyanobacteria,8,aurata,36.70573500411299,-2.4421192056e-6,r
2_lange2004,2,lange2004,high,cyanobacteria,8,aurata,36.360702245183525,-2.8855629144e-6,r
2_reiter2000,2,reiter2000,high,green algae,47.0004,islandica,42.17524303670842,-1.6477351283999997e-7,r
2_reiter2000,2,reiter2000,high,green algae,47.0004,islandica,40.9836416088657,-2.6513683535999997e-7,r
2_reiter2000,2,reiter2000,high,green algae,47.0004,islandica,39.58559823145258,-4.250299758e-7,r
2_reiter2000,2,reiter2000,high,green algae,47.0004,islandica,38.27978928434875,-8.0044692732e-7,r
4_reiter2000,4,reiter2000,high,green algae,47.0004,nivalis,42.17524303670842,-2.0254335263999999e-7,r
4_reiter2000,4,reiter2000,high,green algae,47.0004,nivalis,40.9836416088657,-4.910344827600001e-7,r
4_reiter2000,4,reiter2000,high,green algae,47.0004,nivalis,39.58559823145258,-7.833043478399999e-7,r
4_reiter2000,4,reiter2000,high,green algae,47.0004,nivalis,38.27978928434875,-1.3064347824e-6,r
1_sancho1997,1,sancho1997,high,green algae,40.8509,grisea,42.4840495022893,-8.804571432e-8,r
1_sancho1997,1,sancho1997,high,green algae,40.8509,grisea,41.42251694288889,-1.4729142851999997e-7,r
1_sancho1997,1,sancho1997,high,green algae,40.8509,grisea,40.41273940989142,-1.6265142852e-7,r
1_sancho1997,1,sancho1997,high,green algae,40.8509,grisea,39.451022000851,-3.2502857147999996e-7,r
1_sancho1997,1,sancho1997,high,green algae,40.8509,grisea,38.53401335397749,-4.4132571431999995e-7,r
1_sancho1997,1,sancho1997,high,green algae,40.8509,grisea,37.65866662842876,-5.4226285716e-7,r
7_sancho1997,7,sancho1997,high,green algae,40.8509,freyi,42.4840495022893,-1.5880322207999997e-7,r
7_sancho1997,7,sancho1997,high,green algae,40.8509,freyi,41.42251694288889,-2.427617951999999e-7,r
7_sancho1997,7,sancho1997,high,green algae,40.8509,freyi,40.41273940989142,-2.6927502876e-7,r
7_sancho1997,7,sancho1997,high,green algae,40.8509,freyi,39.451022000851,-4.040506329599999e-7,r
7_sancho1997,7,sancho1997,high,green algae,40.8509,freyi,38.53401335397749,-5.255696202e-7,r
7_sancho1997,7,sancho1997,high,green algae,40.8509,freyi,37.65866662842876,-6.647640967199999e-7,r
1_scholander1952,1,scholander1952,neutral,cyanobacteria,71,scrobiculata,42.4840495022893,9.007530000000001e-8,r
1_scholander1952,1,scholander1952,neutral,cyanobacteria,71,scrobiculata,42.4840495022893,1.0710103958333335e-7,r
1_scholander1952,1,scholander1952,neutral,cyanobacteria,71,scrobiculata,42.4840495022893,1.230110322916667e-7,r
1_scholander1952,1,scholander1952,neutral,cyanobacteria,71,scrobiculata,42.4840495022893,1.8637823333333333e-7,r
1_scholander1952,1,scholander1952,neutral,cyanobacteria,71,scrobiculata,42.4840495022893,2.06779734375e-7,r
1_scholander1952,1,scholander1952,neutral,cyanobacteria,71,scrobiculata,42.4840495022893,2.2941444270833337e-7,r
1_scholander1952,1,scholander1952,neutral,cyanobacteria,71,scrobiculata,40.9836416088657,3.70961928125e-7,r
1_scholander1952,1,scholander1952,neutral,cyanobacteria,71,scrobiculata,40.9836416088657,3.975616895833334e-7,r
1_scholander1952,1,scholander1952,neutral,cyanobacteria,71,scrobiculata,40.9836416088657,4.4119184375e-7,r
1_scholander1952,1,scholander1952,neutral,cyanobacteria,71,scrobiculata,40.9836416088657,4.893928645833334e-7,r
1_scholander1952,1,scholander1952,neutral,cyanobacteria,71,scrobiculata,40.9836416088657,5.621284291666666e-7,r
1_scholander1952,1,scholander1952,neutral,cyanobacteria,71,scrobiculata,40.9836416088657,6.455514239583334e-7,r
1_scholander1952,1,scholander1952,neutral,cyanobacteria,71,scrobiculata,39.58559823145258,7.913958322916667e-7,r
1_scholander1952,1,scholander1952,neutral,cyanobacteria,71,scrobiculata,39.58559823145258,8.188625739583334e-7,r
1_scholander1952,1,scholander1952,neutral,cyanobacteria,71,scrobiculata,39.58559823145258,9.088433885416668e-7,r
1_scholander1952,1,scholander1952,neutral,cyanobacteria,71,scrobiculata,39.58559823145258,9.91084259375e-7,r
1_scholander1952,1,scholander1952,neutral,cyanobacteria,71,scrobiculata,39.58559823145258,1.0804929583333332e-6,r
1_scholander1952,1,scholander1952,neutral,cyanobacteria,71,scrobiculata,39.58559823145258,1.0080722708333334e-6,r
1_scholander1952,1,scholander1952,neutral,cyanobacteria,71,scrobiculata,39.58559823145258,9.405056260416668e-7,r
1_scholander1952,1,scholander1952,neutral,cyanobacteria,71,scrobiculata,38.27978928434875,5.200136385416667e-7,r
1_scholander1952,1,scholander1952,neutral,cyanobacteria,71,scrobiculata,38.27978928434875,5.769358364583334e-7,r
1_scholander1952,1,scholander1952,neutral,cyanobacteria,71,scrobiculata,38.27978928434875,6.627244218750001e-7,r
1_scholander1952,1,scholander1952,neutral,cyanobacteria,71,scrobiculata,38.27978928434875,6.858993697916666e-7,r
1_scholander1952,1,scholander1952,neutral,cyanobacteria,71,scrobiculata,38.27978928434875,7.352681552083333e-7,r
1_scholander1952,1,scholander1952,neutral,cyanobacteria,71,scrobiculata,38.27978928434875,9.050473916666668e-7,r
1_scholander1952,1,scholander1952,neutral,cyanobacteria,71,scrobiculata,38.27978928434875,1.0039891520833333e-6,r
1_scholander1952,1,scholander1952,neutral,cyanobacteria,71,scrobiculata,38.27978928434875,9.36577384375e-7,r
2_scholander1952,2,scholander1952,high,cyanobacteria + green algae,71,crocea,42.4840495022893,9.009815197916668e-8,r
2_scholander1952,2,scholander1952,high,cyanobacteria + green algae,71,crocea,42.4840495022893,9.996055645833333e-8,r
2_scholander1952,2,scholander1952,high,cyanobacteria + green algae,71,crocea,42.4840495022893,9.996055645833333e-8,r
2_scholander1952,2,scholander1952,high,cyanobacteria + green algae,71,crocea,42.4840495022893,1.10902528125e-7,r
2_scholander1952,2,scholander1952,high,cyanobacteria + green algae,71,crocea,42.4840495022893,1.18854775e-7,r
2_scholander1952,2,scholander1952,high,cyanobacteria + green algae,71,crocea,40.9836416088657,2.1411925937500001e-7,r
2_scholander1952,2,scholander1952,high,cyanobacteria + green algae,71,crocea,40.9836416088657,2.2947264479166665e-7,r
2_scholander1952,2,scholander1952,high,cyanobacteria + green algae,71,crocea,40.9836416088657,2.54591384375e-7,r
2_scholander1952,2,scholander1952,high,cyanobacteria + green algae,71,crocea,40.9836416088657,2.824596937500001e-7,r
2_scholander1952,2,scholander1952,high,cyanobacteria + green algae,71,crocea,40.9836416088657,3.027134187500001e-7,r
2_scholander1952,2,scholander1952,high,cyanobacteria + green algae,71,crocea,39.58559823145258,4.915390072916667e-7,r
2_scholander1952,2,scholander1952,high,cyanobacteria + green algae,71,crocea,39.58559823145258,5.453442895833334e-7,r
2_scholander1952,2,scholander1952,high,cyanobacteria + green algae,71,crocea,39.58559823145258,6.263558614583335e-7,r
2_scholander1952,2,scholander1952,high,cyanobacteria + green algae,71,crocea,39.58559823145258,6.263558614583335e-7,r
2_scholander1952,2,scholander1952,high,cyanobacteria + green algae,71,crocea,39.58559823145258,7.194018031250001e-7,r
2_scholander1952,2,scholander1952,high,cyanobacteria + green algae,71,crocea,38.27978928434875,3.244194322916667e-7,r
2_scholander1952,2,scholander1952,high,cyanobacteria + green algae,71,crocea,38.27978928434875,3.726123427083334e-7,r
2_scholander1952,2,scholander1952,high,cyanobacteria + green algae,71,crocea,38.27978928434875,3.99330446875e-7,r
2_scholander1952,2,scholander1952,high,cyanobacteria + green algae,71,crocea,38.27978928434875,5.088568e-7,r
2_scholander1952,2,scholander1952,high,cyanobacteria + green algae,71,crocea,38.27978928434875,5.645577375e-7,r
2_scholander1952,2,scholander1952,high,cyanobacteria + green algae,71,crocea,38.27978928434875,6.263558614583335e-7,r
2_scholander1952,2,scholander1952,high,cyanobacteria + green algae,71,crocea,38.27978928434875,6.949185875e-7,r
3_scholander1952,3,scholander1952,neutral,cyanobacteria,71,apthosa,42.4840495022893,1.8642551770833337e-7,r
3_scholander1952,3,scholander1952,neutral,cyanobacteria,71,apthosa,42.4840495022893,2.2947264479166665e-7,r
3_scholander1952,3,scholander1952,neutral,cyanobacteria,71,apthosa,42.4840495022893,2.63561090625e-7,r
3_scholander1952,3,scholander1952,neutral,cyanobacteria,71,apthosa,42.4840495022893,3.8574013645833337e-7,r
3_scholander1952,3,scholander1952,neutral,cyanobacteria,71,apthosa,40.9836416088657,4.586514812500001e-7,r
3_scholander1952,3,scholander1952,neutral,cyanobacteria,71,apthosa,40.9836416088657,5.088568e-7,r
3_scholander1952,3,scholander1952,neutral,cyanobacteria,71,apthosa,40.9836416088657,5.84448109375e-7,r
3_scholander1952,3,scholander1952,neutral,cyanobacteria,71,apthosa,39.58559823145258,8.26269834375e-7,r
3_scholander1952,3,scholander1952,neutral,cyanobacteria,71,apthosa,39.58559823145258,8.26269834375e-7,r
3_scholander1952,3,scholander1952,neutral,cyanobacteria,71,apthosa,39.58559823145258,9.167157229166668e-7,r
3_scholander1952,3,scholander1952,neutral,cyanobacteria,71,apthosa,39.58559823145258,1.0170620791666666e-6,r
3_scholander1952,3,scholander1952,neutral,cyanobacteria,71,apthosa,38.27978928434875,1.1480982083333334e-6,r
3_scholander1952,3,scholander1952,neutral,cyanobacteria,71,apthosa,38.27978928434875,1.2960167708333333e-6,r
3_scholander1952,3,scholander1952,neutral,cyanobacteria,71,apthosa,38.27978928434875,1.4378825104166666e-6,r
3_scholander1952,3,scholander1952,neutral,cyanobacteria,71,apthosa,38.27978928434875,1.5952772916666667e-6,r
4_scholander1952,4,scholander1952,neutral,green algae,71,sylvatica,42.4840495022893,3.1885120520833336e-8,r
4_scholander1952,4,scholander1952,neutral,green algae,71,sylvatica,42.4840495022893,3.6621694791666675e-8,r
4_scholander1952,4,scholander1952,neutral,green algae,71,sylvatica,42.4840495022893,4.133995677083333e-8,r
4_scholander1952,4,scholander1952,neutral,green algae,71,sylvatica,42.4840495022893,4.8310239583333334e-8,r
4_scholander1952,4,scholander1952,neutral,green algae,71,sylvatica,40.9836416088657,9.327246979166666e-8,r
4_scholander1952,4,scholander1952,neutral,green algae,71,sylvatica,40.9836416088657,9.327246979166666e-8,r
4_scholander1952,4,scholander1952,neutral,green algae,71,sylvatica,40.9836416088657,1.0712821145833333e-7,r
4_scholander1952,4,scholander1952,neutral,green algae,71,sylvatica,40.9836416088657,1.4629928333333338e-7,r
4_scholander1952,4,scholander1952,neutral,green algae,71,sylvatica,39.58559823145258,2.2947264479166665e-7,r
4_scholander1952,4,scholander1952,neutral,green algae,71,sylvatica,39.58559823145258,2.4592694166666665e-7,r
4_scholander1952,4,scholander1952,neutral,green algae,71,sylvatica,39.58559823145258,2.824596937500001e-7,r
4_scholander1952,4,scholander1952,neutral,green algae,71,sylvatica,39.58559823145258,3.1337855000000005e-7,r
4_scholander1952,4,scholander1952,neutral,green algae,71,sylvatica,39.58559823145258,3.599313229166666e-7,r
4_scholander1952,4,scholander1952,neutral,green algae,71,sylvatica,39.58559823145258,3.726123427083334e-7,r
4_scholander1952,4,scholander1952,neutral,green algae,71,sylvatica,38.27978928434875,5.26784728125e-7,r
4_scholander1952,4,scholander1952,neutral,green algae,71,sylvatica,38.27978928434875,4.4304231354166667e-7,r
4_scholander1952,4,scholander1952,neutral,green algae,71,sylvatica,38.27978928434875,4.133995677083334e-7,r
4_scholander1952,4,scholander1952,neutral,green algae,71,sylvatica,38.27978928434875,3.8574013645833337e-7,r
4_scholander1952,4,scholander1952,neutral,green algae,71,sylvatica,38.27978928434875,3.8574013645833337e-7,r
4_scholander1952,4,scholander1952,neutral,green algae,71,sylvatica,38.27978928434875,3.99330446875e-7,r
5_scholander1952,5,scholander1952,neutral,green algae,71,islandica,42.4840495022893,9.2633588125e-8,r
5_scholander1952,5,scholander1952,neutral,green algae,71,islandica,42.4840495022893,1.06339246875e-7,r
5_scholander1952,5,scholander1952,neutral,green algae,71,islandica,42.4840495022893,1.1793355729166669e-7,r
5_scholander1952,5,scholander1952,neutral,green algae,71,islandica,42.4840495022893,1.3079201145833332e-7,r
5_scholander1952,5,scholander1952,neutral,green algae,71,islandica,42.4840495022893,1.4757598020833337e-7,r
5_scholander1952,5,scholander1952,neutral,green algae,71,islandica,40.9836416088657,1.9785931458333333e-7,r
5_scholander1952,5,scholander1952,neutral,green algae,71,islandica,40.9836416088657,2.433571677083334e-7,r
5_scholander1952,5,scholander1952,neutral,green algae,71,islandica,40.9836416088657,2.51898403125e-7,r
5_scholander1952,5,scholander1952,neutral,green algae,71,islandica,40.9836416088657,2.79363225e-7,r
5_scholander1952,5,scholander1952,neutral,green algae,71,islandica,40.9836416088657,2.607394156250001e-7,r
5_scholander1952,5,scholander1952,neutral,green algae,71,islandica,40.9836416088657,2.99317275e-7,r
5_scholander1952,5,scholander1952,neutral,green algae,71,islandica,40.9836416088657,3.206965802083334e-7,r
5_scholander1952,5,scholander1952,neutral,green algae,71,islandica,40.9836416088657,3.4360294375000004e-7,r
5_scholander1952,5,scholander1952,neutral,green algae,71,islandica,39.58559823145258,5.021701375e-7,r
5_scholander1952,5,scholander1952,neutral,green algae,71,islandica,39.58559823145258,4.85142821875e-7,r
5_scholander1952,5,scholander1952,neutral,green algae,71,islandica,39.58559823145258,5.021701375e-7,r
5_scholander1952,5,scholander1952,neutral,green algae,71,islandica,39.58559823145258,5.569224229166667e-7,r
5_scholander1952,5,scholander1952,neutral,green algae,71,islandica,39.58559823145258,5.569224229166667e-7,r
5_scholander1952,5,scholander1952,neutral,green algae,71,islandica,39.58559823145258,5.569224229166667e-7,r
5_scholander1952,5,scholander1952,neutral,green algae,71,islandica,39.58559823145258,6.393222177083333e-7,r
5_scholander1952,5,scholander1952,neutral,green algae,71,islandica,38.27978928434875,6.393222177083333e-7,r
5_scholander1952,5,scholander1952,neutral,green algae,71,islandica,38.27978928434875,6.849870229166667e-7,r
5_scholander1952,5,scholander1952,neutral,green algae,71,islandica,38.27978928434875,7.596720781250001e-7,r
5_scholander1952,5,scholander1952,neutral,green algae,71,islandica,38.27978928434875,8.425001458333334e-7,r
5_scholander1952,5,scholander1952,neutral,green algae,71,islandica,38.27978928434875,9.343590677083332e-7,r
5_scholander1952,5,scholander1952,neutral,green algae,71,islandica,38.27978928434875,7.596720781250001e-7,r
5_scholander1952,5,scholander1952,neutral,green algae,71,islandica,38.27978928434875,6.849870229166667e-7,r
6_scholander1952,6,scholander1952,high,green algae,71,nivalis,42.4840495022893,5.4534428958333336e-8,r
6_scholander1952,6,scholander1952,high,green algae,71,nivalis,42.4840495022893,6.372941666666668e-8,r
6_scholander1952,6,scholander1952,high,green algae,71,nivalis,42.4840495022893,6.59747171875e-8,r
6_scholander1952,6,scholander1952,high,green algae,71,nivalis,42.4840495022893,7.577534333333334e-8,r
6_scholander1952,6,scholander1952,high,green algae,71,nivalis,42.4840495022893,8.703186479166668e-8,r
6_scholander1952,6,scholander1952,high,green algae,71,nivalis,42.4840495022893,9.327246979166666e-8,r
6_scholander1952,6,scholander1952,high,green algae,71,nivalis,42.4840495022893,1.0712821145833333e-7,r
6_scholander1952,6,scholander1952,high,green algae,71,nivalis,40.9836416088657,1.5678964895833338e-7,r
6_scholander1952,6,scholander1952,high,green algae,71,nivalis,40.9836416088657,1.73952296875e-7,r
6_scholander1952,6,scholander1952,high,green algae,71,nivalis,40.9836416088657,1.9299361875e-7,r
6_scholander1952,6,scholander1952,high,green algae,71,nivalis,40.9836416088657,2.1411925937500001e-7,r
6_scholander1952,6,scholander1952,high,green algae,71,nivalis,40.9836416088657,2.2947264479166665e-7,r
6_scholander1952,6,scholander1952,high,green algae,71,nivalis,40.9836416088657,2.375573729166667e-7,r
6_scholander1952,6,scholander1952,high,green algae,71,nivalis,40.9836416088657,2.1411925937500001e-7,r
6_scholander1952,6,scholander1952,high,green algae,71,nivalis,40.9836416088657,1.9299361875e-7,r
6_scholander1952,6,scholander1952,high,green algae,71,nivalis,39.58559823145258,2.54591384375e-7,r
6_scholander1952,6,scholander1952,high,green algae,71,nivalis,39.58559823145258,2.9241125104166666e-7,r
6_scholander1952,6,scholander1952,high,green algae,71,nivalis,39.58559823145258,3.599313229166666e-7,r
6_scholander1952,6,scholander1952,high,green algae,71,nivalis,39.58559823145258,3.99330446875e-7,r
6_scholander1952,6,scholander1952,high,green algae,71,nivalis,39.58559823145258,4.133995677083334e-7,r
6_scholander1952,6,scholander1952,high,green algae,71,nivalis,39.58559823145258,4.586514812500001e-7,r
6_scholander1952,6,scholander1952,high,green algae,71,nivalis,39.58559823145258,5.088568e-7,r
6_scholander1952,6,scholander1952,high,green algae,71,nivalis,38.27978928434875,3.3008490000000004e-7,r
6_scholander1952,6,scholander1952,high,green algae,71,nivalis,38.27978928434875,3.726123427083334e-7,r
6_scholander1952,6,scholander1952,high,green algae,71,nivalis,38.27978928434875,4.133995677083334e-7,r
6_scholander1952,6,scholander1952,high,green algae,71,nivalis,38.27978928434875,4.748105875e-7,r
6_scholander1952,6,scholander1952,high,green algae,71,nivalis,38.27978928434875,5.26784728125e-7,r
6_scholander1952,6,scholander1952,high,green algae,71,nivalis,38.27978928434875,5.84448109375e-7,r
6_scholander1952,6,scholander1952,high,green algae,71,nivalis,38.27978928434875,5.84448109375e-7,r
6_scholander1952,6,scholander1952,high,green algae,71,nivalis,38.27978928434875,5.088568e-7,r
7_scholander1952,7,scholander1952,neutral,green algae,71,arctica,42.4840495022893,5.52140221875e-8,r
7_scholander1952,7,scholander1952,neutral,green algae,71,arctica,42.4840495022893,8.949261802083334e-8,r
7_scholander1952,7,scholander1952,neutral,green algae,71,arctica,42.4840495022893,1.0273355260416669e-7,r
7_scholander1952,7,scholander1952,neutral,green algae,71,arctica,42.4840495022893,1.1793355729166669e-7,r
7_scholander1952,7,scholander1952,neutral,green algae,71,arctica,42.4840495022893,1.4013408020833334e-7,r
7_scholander1952,7,scholander1952,neutral,green algae,71,arctica,40.9836416088657,1.78407325e-7,r
7_scholander1952,7,scholander1952,neutral,green algae,71,arctica,40.9836416088657,1.8466898125e-7,r
7_scholander1952,7,scholander1952,neutral,green algae,71,arctica,40.9836416088657,2.119917927083334e-7,r
7_scholander1952,7,scholander1952,neutral,green algae,71,arctica,40.9836416088657,2.1943218229166666e-7,r
7_scholander1952,7,scholander1952,neutral,green algae,71,arctica,40.9836416088657,2.51898403125e-7,r
7_scholander1952,7,scholander1952,neutral,green algae,71,arctica,40.9836416088657,2.51898403125e-7,r
7_scholander1952,7,scholander1952,neutral,green algae,71,arctica,40.9836416088657,2.79363225e-7,r
7_scholander1952,7,scholander1952,neutral,green algae,71,arctica,39.58559823145258,4.3744735e-7,r
7_scholander1952,7,scholander1952,neutral,green algae,71,arctica,39.58559823145258,4.5280067291666666e-7,r
7_scholander1952,7,scholander1952,neutral,green algae,71,arctica,39.58559823145258,4.85142821875e-7,r
7_scholander1952,7,scholander1952,neutral,green algae,71,arctica,39.58559823145258,5.380385958333335e-7,r
7_scholander1952,7,scholander1952,neutral,green algae,71,arctica,39.58559823145258,5.96701665625e-7,r
7_scholander1952,7,scholander1952,neutral,green algae,71,arctica,39.58559823145258,5.380385958333335e-7,r
7_scholander1952,7,scholander1952,neutral,green algae,71,arctica,38.27978928434875,5.380385958333335e-7,r
7_scholander1952,7,scholander1952,neutral,green algae,71,arctica,38.27978928434875,5.197950708333333e-7,r
7_scholander1952,7,scholander1952,neutral,green algae,71,arctica,38.27978928434875,5.569224229166667e-7,r
7_scholander1952,7,scholander1952,neutral,green algae,71,arctica,38.27978928434875,5.764690260416667e-7,r
7_scholander1952,7,scholander1952,neutral,green algae,71,arctica,38.27978928434875,6.849870229166667e-7,r
7_scholander1952,7,scholander1952,neutral,green algae,71,arctica,38.27978928434875,7.339135239583333e-7,r
7_scholander1952,7,scholander1952,neutral,green algae,71,arctica,38.27978928434875,8.425001458333334e-7,r
8_scholander1952,8,scholander1952,high,green algae,71,nigricans,42.4840495022893,8.829388947916666e-8,r
NA_scholander1952,NA,scholander1952,high,green algae,71,nigricans,42.4840495022893,1.0151651708333333e-7,r
8_scholander1952,8,scholander1952,high,green algae,71,nigricans,42.4840495022893,1.1274618333333335e-7,r
8_scholander1952,8,scholander1952,high,green algae,71,nigricans,42.4840495022893,1.1266008229166669e-7,r
8_scholander1952,8,scholander1952,high,green algae,71,nigricans,42.4840495022893,1.2512243958333333e-7,r
8_scholander1952,8,scholander1952,high,green algae,71,nigricans,42.4840495022893,1.2963071354166669e-7,r
8_scholander1952,8,scholander1952,high,green algae,71,nigricans,40.9836416088657,1.8515733125e-7,r
8_scholander1952,8,scholander1952,high,green algae,71,nigricans,40.9836416088657,1.9868987083333337e-7,r
8_scholander1952,8,scholander1952,high,green algae,71,nigricans,40.9836416088657,2.055345625e-7,r
8_scholander1952,8,scholander1952,high,green algae,71,nigricans,40.9836416088657,2.204441041666667e-7,r
8_scholander1952,8,scholander1952,high,green algae,71,nigricans,40.9836416088657,2.4489178854166666e-7,r
8_scholander1952,8,scholander1952,high,green algae,71,nigricans,40.9836416088657,2.2061257916666665e-7,r
8_scholander1952,8,scholander1952,high,green algae,71,nigricans,39.58559823145258,2.5575884999999997e-7,r
8_scholander1952,8,scholander1952,high,green algae,71,nigricans,39.58559823145258,2.940979708333333e-7,r
8_scholander1952,8,scholander1952,high,green algae,71,nigricans,39.58559823145258,3.381412e-7,r
8_scholander1952,8,scholander1952,high,green algae,71,nigricans,39.58559823145258,3.7535485729166666e-7,r
8_scholander1952,8,scholander1952,high,green algae,71,nigricans,39.58559823145258,4.167701302083334e-7,r
8_scholander1952,8,scholander1952,high,green algae,71,nigricans,39.58559823145258,3.883843927083334e-7,r
8_scholander1952,8,scholander1952,high,green algae,71,nigricans,39.58559823145258,3.8892874479166666e-7,r
8_scholander1952,8,scholander1952,high,green algae,71,nigricans,38.27978928434875,3.5310123750000005e-7,r
8_scholander1952,8,scholander1952,high,green algae,71,nigricans,38.27978928434875,3.7842609791666674e-7,r
8_scholander1952,8,scholander1952,high,green algae,71,nigricans,38.27978928434875,5.0044815625e-7,r
8_scholander1952,8,scholander1952,high,green algae,71,nigricans,38.27978928434875,5.5545355e-7,r
8_scholander1952,8,scholander1952,high,green algae,71,nigricans,38.27978928434875,6.168973250000001e-7,r
8_scholander1952,8,scholander1952,high,green algae,71,nigricans,38.27978928434875,6.499573541666667e-7,r
8_scholander1952,8,scholander1952,high,green algae,71,nigricans,38.27978928434875,7.343704031249999e-7,r
9_scholander1952,9,scholander1952,neutral,cyanobacteria + green algae,9.369,lacinata,42.4840495022893,1.0355803348958333e-7,r
9_scholander1952,9,scholander1952,neutral,cyanobacteria + green algae,9.369,lacinata,42.4840495022893,1.0351261336458333e-7,r
9_scholander1952,9,scholander1952,neutral,cyanobacteria + green algae,9.369,lacinata,42.4840495022893,1.157647315625e-7,r
9_scholander1952,9,scholander1952,neutral,cyanobacteria + green algae,9.369,lacinata,42.4840495022893,1.136679090625e-7,r
9_scholander1952,9,scholander1952,neutral,cyanobacteria + green algae,9.369,lacinata,42.4840495022893,1.4211669364583337e-7,r
9_scholander1952,9,scholander1952,neutral,cyanobacteria + green algae,9.369,lacinata,42.4840495022893,1.619410722916667e-7,r
9_scholander1952,9,scholander1952,neutral,cyanobacteria + green algae,9.369,lacinata,40.9836416088657,2.497816620833333e-7,r
9_scholander1952,9,scholander1952,neutral,cyanobacteria + green algae,9.369,lacinata,40.9836416088657,1.7525993395833333e-7,r
9_scholander1952,9,scholander1952,neutral,cyanobacteria + green algae,9.369,lacinata,40.9836416088657,1.5671105989583338e-7,r
9_scholander1952,9,scholander1952,neutral,cyanobacteria + green algae,9.369,lacinata,40.9836416088657,1.567798228125e-7,r
9_scholander1952,9,scholander1952,neutral,cyanobacteria + green algae,9.369,lacinata,40.9836416088657,1.7533683604166665e-7,r
9_scholander1952,9,scholander1952,neutral,cyanobacteria + green algae,9.369,lacinata,40.9836416088657,1.3501618333333332e-7,r
9_scholander1952,9,scholander1952,neutral,cyanobacteria + green algae,9.369,lacinata,39.58559823145258,2.509165306250001e-7,r
9_scholander1952,9,scholander1952,neutral,cyanobacteria + green algae,9.369,lacinata,39.58559823145258,2.2858274510416669e-7,r
9_scholander1952,9,scholander1952,neutral,cyanobacteria + green algae,9.369,lacinata,39.58559823145258,1.7281679802083334e-7,r
9_scholander1952,9,scholander1952,neutral,cyanobacteria + green algae,9.369,lacinata,39.58559823145258,1.6339206020833333e-7,r
9_scholander1952,9,scholander1952,neutral,cyanobacteria + green algae,9.369,lacinata,39.58559823145258,1.5162778041666669e-7,r
9_scholander1952,9,scholander1952,neutral,cyanobacteria + green algae,9.369,lacinata,39.58559823145258,1.407825676041667e-7,r
9_scholander1952,9,scholander1952,neutral,cyanobacteria + green algae,9.369,lacinata,39.58559823145258,1.4891403812500005e-7,r
9_scholander1952,9,scholander1952,neutral,cyanobacteria + green algae,9.369,lacinata,39.58559823145258,1.604208441666667e-7,r
9_scholander1952,9,scholander1952,neutral,cyanobacteria + green algae,9.369,lacinata,38.27978928434875,6.771416817708333e-7,r
9_scholander1952,9,scholander1952,neutral,cyanobacteria + green algae,9.369,lacinata,38.27978928434875,6.404003446874999e-7,r
9_scholander1952,9,scholander1952,neutral,cyanobacteria + green algae,9.369,lacinata,38.27978928434875,5.942478680208333e-7,r
9_scholander1952,9,scholander1952,neutral,cyanobacteria + green algae,9.369,lacinata,38.27978928434875,4.409417514583333e-7,r
9_scholander1952,9,scholander1952,neutral,cyanobacteria + green algae,9.369,lacinata,38.27978928434875,3.94187606875e-7,r
9_scholander1952,9,scholander1952,neutral,cyanobacteria + green algae,9.369,lacinata,38.27978928434875,4.0184092125000004e-7,r
9_scholander1952,9,scholander1952,neutral,cyanobacteria + green algae,9.369,lacinata,38.27978928434875,3.943029083333334e-7,r
9_scholander1952,9,scholander1952,neutral,cyanobacteria + green algae,9.369,lacinata,38.27978928434875,3.591802073958334e-7,r
9_scholander1952,9,scholander1952,neutral,cyanobacteria + green algae,9.369,lacinata,38.27978928434875,3.729900533333333e-7,r
10_scholander1952,10,scholander1952,neutral,cyanobacteria + green algae,9.369,weigelii,42.4840495022893,8.654554230208336e-8,r
10_scholander1952,10,scholander1952,neutral,cyanobacteria + green algae,9.369,weigelii,42.4840495022893,9.864140467708333e-8,r
10_scholander1952,10,scholander1952,neutral,cyanobacteria + green algae,9.369,weigelii,42.4840495022893,1.0629566593750001e-7,r
10_scholander1952,10,scholander1952,neutral,cyanobacteria + green algae,9.369,weigelii,42.4840495022893,1.04393521875e-7,r
10_scholander1952,10,scholander1952,neutral,cyanobacteria + green algae,9.369,weigelii,42.4840495022893,1.1039966833333333e-7,r
10_scholander1952,10,scholander1952,neutral,cyanobacteria + green algae,9.369,weigelii,42.4840495022893,1.1676858145833333e-7,r
10_scholander1952,10,scholander1952,neutral,cyanobacteria + green algae,9.369,weigelii,40.9836416088657,1.582208744791667e-7,r
10_scholander1952,10,scholander1952,neutral,cyanobacteria + green algae,9.369,weigelii,40.9836416088657,1.7702893968750004e-7,r
10_scholander1952,10,scholander1952,neutral,cyanobacteria + green algae,9.369,weigelii,40.9836416088657,1.943992901041667e-7,r
10_scholander1952,10,scholander1952,neutral,cyanobacteria + green algae,9.369,weigelii,40.9836416088657,2.1347404593750006e-7,r
10_scholander1952,10,scholander1952,neutral,cyanobacteria + green algae,9.369,weigelii,40.9836416088657,2.300220035416667e-7,r
10_scholander1952,10,scholander1952,neutral,cyanobacteria + green algae,9.369,weigelii,40.9836416088657,2.5262935010416666e-7,r
10_scholander1952,10,scholander1952,neutral,cyanobacteria + green algae,9.369,weigelii,40.9836416088657,2.826807929166667e-7,r
10_scholander1952,10,scholander1952,neutral,cyanobacteria + green algae,9.369,weigelii,39.58559823145258,2.89384260625e-7,r
10_scholander1952,10,scholander1952,neutral,cyanobacteria + green algae,9.369,weigelii,39.58559823145258,3.118855340625e-7,r
10_scholander1952,10,scholander1952,neutral,cyanobacteria + green algae,9.369,weigelii,39.58559823145258,3.361116367708334e-7,r
10_scholander1952,10,scholander1952,neutral,cyanobacteria + green algae,9.369,weigelii,39.58559823145258,4.053371130208333e-7,r
10_scholander1952,10,scholander1952,neutral,cyanobacteria + green algae,9.369,weigelii,39.58559823145258,4.366934260416667e-7,r
10_scholander1952,10,scholander1952,neutral,cyanobacteria + green algae,9.369,weigelii,39.58559823145258,4.369509819791666e-7,r
10_scholander1952,10,scholander1952,neutral,cyanobacteria + green algae,9.369,weigelii,39.58559823145258,4.368543807291667e-7,r
10_scholander1952,10,scholander1952,neutral,cyanobacteria + green algae,9.369,weigelii,39.58559823145258,4.707528997916667e-7,r
10_scholander1952,10,scholander1952,neutral,cyanobacteria + green algae,9.369,weigelii,39.58559823145258,5.267511590625001e-7,r
10_scholander1952,10,scholander1952,neutral,cyanobacteria + green algae,9.369,weigelii,38.27978928434875,3.2521898197916665e-7,r
10_scholander1952,10,scholander1952,neutral,cyanobacteria + green algae,9.369,weigelii,38.27978928434875,5.096802876041667e-7,r
10_scholander1952,10,scholander1952,neutral,cyanobacteria + green algae,9.369,weigelii,38.27978928434875,5.703511760416667e-7,r
10_scholander1952,10,scholander1952,neutral,cyanobacteria + green algae,9.369,weigelii,38.27978928434875,6.263610682291667e-7,r
10_scholander1952,10,scholander1952,neutral,cyanobacteria + green algae,9.369,weigelii,38.27978928434875,6.031211417708334e-7,r
10_scholander1952,10,scholander1952,neutral,cyanobacteria + green algae,9.369,weigelii,38.27978928434875,6.748154858333333e-7,r
10_scholander1952,10,scholander1952,neutral,cyanobacteria + green algae,9.369,weigelii,38.27978928434875,7.411386518750001e-7,r
10_scholander1952,10,scholander1952,neutral,cyanobacteria + green algae,9.369,weigelii,38.27978928434875,8.292394425e-7,r
11_scholander1952,11,scholander1952,neutral,cyanobacteria,9.369,subamerican,42.4840495022893,6.575401646875e-8,r
11_scholander1952,11,scholander1952,neutral,cyanobacteria,9.369,subamerican,42.4840495022893,7.215141733333332e-8,r
11_scholander1952,11,scholander1952,neutral,cyanobacteria,9.369,subamerican,42.4840495022893,7.91712400625e-8,r
11_scholander1952,11,scholander1952,neutral,cyanobacteria,9.369,subamerican,42.4840495022893,8.527574296875e-8,r
11_scholander1952,11,scholander1952,neutral,cyanobacteria,9.369,subamerican,42.4840495022893,9.185093390625e-8,r
11_scholander1952,11,scholander1952,neutral,cyanobacteria,9.369,subamerican,42.4840495022893,9.532627191666669e-8,r
11_scholander1952,11,scholander1952,neutral,cyanobacteria,9.369,subamerican,42.4840495022893,1.0460084416666666e-7,r
11_scholander1952,11,scholander1952,neutral,cyanobacteria,9.369,subamerican,40.9836416088657,3.909451542708333e-7,r
11_scholander1952,11,scholander1952,neutral,cyanobacteria,9.369,subamerican,40.9836416088657,3.497266579166667e-7,r
11_scholander1952,11,scholander1952,neutral,cyanobacteria,9.369,subamerican,40.9836416088657,3.1285394875e-7,r
11_scholander1952,11,scholander1952,neutral,cyanobacteria,9.369,subamerican,40.9836416088657,3.014481401041667e-7,r
11_scholander1952,11,scholander1952,neutral,cyanobacteria,9.369,subamerican,40.9836416088657,2.6966557697916664e-7,r
11_scholander1952,11,scholander1952,neutral,cyanobacteria,9.369,subamerican,40.9836416088657,2.6966557697916664e-7,r
11_scholander1952,11,scholander1952,neutral,cyanobacteria,9.369,subamerican,40.9836416088657,2.904581563541666e-7,r
11_scholander1952,11,scholander1952,neutral,cyanobacteria,9.369,subamerican,39.58559823145258,4.885286385416666e-7,r
11_scholander1952,11,scholander1952,neutral,cyanobacteria,9.369,subamerican,39.58559823145258,5.261966665625e-7,r
11_scholander1952,11,scholander1952,neutral,cyanobacteria,9.369,subamerican,39.58559823145258,5.165157589583333e-7,r
11_scholander1952,11,scholander1952,neutral,cyanobacteria,9.369,subamerican,39.58559823145258,5.6676909e-7,r
11_scholander1952,11,scholander1952,neutral,cyanobacteria,9.369,subamerican,39.58559823145258,5.773918815625e-7,r
11_scholander1952,11,scholander1952,neutral,cyanobacteria,9.369,subamerican,39.58559823145258,5.773918815625e-7,r
11_scholander1952,11,scholander1952,neutral,cyanobacteria,9.369,subamerican,39.58559823145258,6.335680289583334e-7,r
11_scholander1952,11,scholander1952,neutral,cyanobacteria,9.369,subamerican,39.58559823145258,6.824193272916666e-7,r
11_scholander1952,11,scholander1952,neutral,cyanobacteria,9.369,subamerican,38.27978928434875,3.1871768114583333e-7,r
11_scholander1952,11,scholander1952,neutral,cyanobacteria,9.369,subamerican,38.27978928434875,4.3702162875e-7,r
11_scholander1952,11,scholander1952,neutral,cyanobacteria,9.369,subamerican,38.27978928434875,5.6676909e-7,r
11_scholander1952,11,scholander1952,neutral,cyanobacteria,9.369,subamerican,38.27978928434875,5.773918815625e-7,r
11_scholander1952,11,scholander1952,neutral,cyanobacteria,9.369,subamerican,38.27978928434875,5.773918815625e-7,r
11_scholander1952,11,scholander1952,neutral,cyanobacteria,9.369,subamerican,38.27978928434875,7.62848708125e-7,r
11_scholander1952,11,scholander1952,neutral,cyanobacteria,9.369,subamerican,38.27978928434875,8.216682005208334e-7,r
11_scholander1952,11,scholander1952,neutral,cyanobacteria,9.369,subamerican,38.27978928434875,8.850229732291666e-7,r
12_scholander1952,12,scholander1952,neutral,green algae,9.369,scholanderi,42.4840495022893,4.371419690625e-8,r
12_scholander1952,12,scholander1952,neutral,green algae,9.369,scholanderi,42.4840495022893,4.373337575000001e-8,r
12_scholander1952,12,scholander1952,neutral,green algae,9.369,scholanderi,42.4840495022893,4.8876948208333337e-8,r
12_scholander1952,12,scholander1952,neutral,green algae,9.369,scholanderi,42.4840495022893,5.266094305208334e-8,r
12_scholander1952,12,scholander1952,neutral,green algae,9.369,scholanderi,42.4840495022893,5.071143025e-8,r
12_scholander1952,12,scholander1952,neutral,green algae,9.369,scholanderi,42.4840495022893,5.46374485e-8,r
12_scholander1952,12,scholander1952,neutral,green algae,9.369,scholanderi,42.4840495022893,5.885020263541667e-8,r
12_scholander1952,12,scholander1952,neutral,green algae,9.369,scholanderi,42.4840495022893,6.33877760625e-8,r
12_scholander1952,12,scholander1952,neutral,green algae,9.369,scholanderi,40.9836416088657,8.569208269791668e-8,r
12_scholander1952,12,scholander1952,neutral,green algae,9.369,scholanderi,40.9836416088657,9.577750682291668e-8,r
12_scholander1952,12,scholander1952,neutral,green algae,9.369,scholanderi,40.9836416088657,1.0709688885416667e-7,r
12_scholander1952,12,scholander1952,neutral,green algae,9.369,scholanderi,40.9836416088657,1.15371331875e-7,r
12_scholander1952,12,scholander1952,neutral,green algae,9.369,scholanderi,40.9836416088657,1.1970152520833333e-7,r
12_scholander1952,12,scholander1952,neutral,green algae,9.369,scholanderi,40.9836416088657,1.0706557562500001e-7,r
12_scholander1952,12,scholander1952,neutral,green algae,9.369,scholanderi,40.9836416088657,1.1528701927083335e-7,r
12_scholander1952,12,scholander1952,neutral,green algae,9.369,scholanderi,40.9836416088657,1.41454145e-7,r
12_scholander1952,12,scholander1952,neutral,green algae,9.369,scholanderi,39.58559823145258,1.1805897750000001e-7,r
12_scholander1952,12,scholander1952,neutral,green algae,9.369,scholanderi,39.58559823145258,1.2713388583333334e-7,r
12_scholander1952,12,scholander1952,neutral,green algae,9.369,scholanderi,39.58559823145258,1.3948251281250006e-7,r
12_scholander1952,12,scholander1952,neutral,green algae,9.369,scholanderi,39.58559823145258,1.4214870208333334e-7,r
12_scholander1952,12,scholander1952,neutral,green algae,9.369,scholanderi,39.58559823145258,1.55967133125e-7,r
12_scholander1952,12,scholander1952,neutral,green algae,9.369,scholanderi,39.58559823145258,1.5592153125000006e-7,r
12_scholander1952,12,scholander1952,neutral,green algae,9.369,scholanderi,38.27978928434875,1.5378197156250004e-7,r
12_scholander1952,12,scholander1952,neutral,green algae,9.369,scholanderi,38.27978928434875,1.68731285625e-7,r
12_scholander1952,12,scholander1952,neutral,green algae,9.369,scholanderi,38.27978928434875,1.8514737375000002e-7,r
12_scholander1952,12,scholander1952,neutral,green algae,9.369,scholanderi,38.27978928434875,1.9945209739583338e-7,r
12_scholander1952,12,scholander1952,neutral,green algae,9.369,scholanderi,38.27978928434875,1.9937920489583337e-7,r
12_scholander1952,12,scholander1952,neutral,green algae,9.369,scholanderi,38.27978928434875,2.6341814145833333e-7,r
12_scholander1952,12,scholander1952,neutral,green algae,9.369,scholanderi,38.27978928434875,2.7865131218749997e-7,r
12_scholander1952,12,scholander1952,neutral,green algae,9.369,scholanderi,38.27978928434875,2.8379091125e-7,r
12_scholander1952,12,scholander1952,neutral,green algae,9.369,scholanderi,38.27978928434875,3.056722648958334e-7,r
12_scholander1952,12,scholander1952,neutral,green algae,9.369,nigrociliata,42.4840495022893,5.914952741666667e-8,r
12_scholander1952,12,scholander1952,neutral,green algae,9.369,nigrociliata,42.4840495022893,6.372941664583333e-8,r
12_scholander1952,12,scholander1952,neutral,green algae,9.369,nigrociliata,42.4840495022893,6.866392214583335e-8,r
12_scholander1952,12,scholander1952,neutral,green algae,9.369,nigrociliata,42.4840495022893,7.679122630208333e-8,r
12_scholander1952,12,scholander1952,neutral,green algae,9.369,nigrociliata,42.4840495022893,8.273709477083334e-8,r
12_scholander1952,12,scholander1952,neutral,green algae,9.369,nigrociliata,42.4840495022893,8.588050686458333e-8,r
12_scholander1952,12,scholander1952,neutral,green algae,9.369,nigrociliata,42.4840495022893,9.253014931250001e-8,r
12_scholander1952,12,scholander1952,neutral,green algae,9.369,nigrociliata,40.9836416088657,1.1149487958333334e-7,r
12_scholander1952,12,scholander1952,neutral,green algae,9.369,nigrociliata,40.9836416088657,1.39450769375e-7,r
12_scholander1952,12,scholander1952,neutral,green algae,9.369,nigrociliata,40.9836416088657,1.5595665458333334e-7,r
12_scholander1952,12,scholander1952,neutral,green algae,9.369,nigrociliata,40.9836416088657,1.744162346875e-7,r
12_scholander1952,12,scholander1952,neutral,green algae,9.369,nigrociliata,40.9836416088657,1.9506075583333337e-7,r
12_scholander1952,12,scholander1952,neutral,green algae,9.369,nigrociliata,40.9836416088657,1.6188188125e-7,r
12_scholander1952,12,scholander1952,neutral,green algae,9.369,nigrociliata,40.9836416088657,1.711944735416667e-7,r
12_scholander1952,12,scholander1952,neutral,green algae,9.369,nigrociliata,40.9836416088657,2.8321302479166666e-7,r
12_scholander1952,12,scholander1952,neutral,green algae,9.369,nigrociliata,39.58559823145258,1.649283859375e-7,r
12_scholander1952,12,scholander1952,neutral,green algae,9.369,nigrociliata,39.58559823145258,1.879211107291667e-7,r
12_scholander1952,12,scholander1952,neutral,green algae,9.369,nigrociliata,39.58559823145258,2.1016411656250002e-7,r
12_scholander1952,12,scholander1952,neutral,green algae,9.369,nigrociliata,39.58559823145258,2.26436915625e-7,r
12_scholander1952,12,scholander1952,neutral,green algae,9.369,nigrociliata,39.58559823145258,2.7284681625e-7,r
12_scholander1952,12,scholander1952,neutral,green algae,9.369,nigrociliata,39.58559823145258,3.051419283333334e-7,r
12_scholander1952,12,scholander1952,neutral,green algae,9.369,nigrociliata,39.58559823145258,3.287687651041667e-7,r
12_scholander1952,12,scholander1952,neutral,green algae,9.369,nigrociliata,39.58559823145258,3.60891273125e-7,r
12_scholander1952,12,scholander1952,neutral,green algae,9.369,nigrociliata,38.27978928434875,3.412596039583334e-7,r
12_scholander1952,12,scholander1952,neutral,green algae,9.369,nigrociliata,38.27978928434875,3.816522951041667e-7,r
12_scholander1952,12,scholander1952,neutral,green algae,9.369,nigrociliata,38.27978928434875,3.816522951041667e-7,r
12_scholander1952,12,scholander1952,neutral,green algae,9.369,nigrociliata,38.27978928434875,3.816522951041667e-7,r
12_scholander1952,12,scholander1952,neutral,green algae,9.369,nigrociliata,38.27978928434875,3.412596039583334e-7,r
12_scholander1952,12,scholander1952,neutral,green algae,9.369,nigrociliata,38.27978928434875,6.197181191666667e-7,r
12_scholander1952,12,scholander1952,neutral,green algae,9.369,nigrociliata,38.27978928434875,6.677022782291667e-7,r
12_scholander1952,12,scholander1952,neutral,green algae,9.369,nigrociliata,38.27978928434875,7.467338764583334e-7,r
13_scholander1952,13,scholander1952,neutral,green algae,20.0117,dendrescoides,42.4840495022893,4.9113614197916675e-8,r
13_scholander1952,13,scholander1952,neutral,green algae,20.0117,dendrescoides,42.4840495022893,5.1957968260416664e-8,r
13_scholander1952,13,scholander1952,neutral,green algae,20.0117,dendrescoides,42.4840495022893,5.0964669479166674e-8,r
13_scholander1952,13,scholander1952,neutral,green algae,20.0117,dendrescoides,42.4840495022893,5.492687490625e-8,r
13_scholander1952,13,scholander1952,neutral,green algae,20.0117,dendrescoides,42.4840495022893,5.702203725e-8,r
13_scholander1952,13,scholander1952,neutral,green algae,20.0117,dendrescoides,42.4840495022893,6.141923164583334e-8,r
13_scholander1952,13,scholander1952,neutral,green algae,20.0117,dendrescoides,42.4840495022893,5.699286041666667e-8,r
13_scholander1952,13,scholander1952,neutral,green algae,20.0117,dendrescoides,40.9836416088657,1.0790984458333333e-7,r
13_scholander1952,13,scholander1952,neutral,green algae,20.0117,dendrescoides,40.9836416088657,1.2066478843749998e-7,r
13_scholander1952,13,scholander1952,neutral,green algae,20.0117,dendrescoides,40.9836416088657,1.3004577114583333e-7,r
13_scholander1952,13,scholander1952,neutral,green algae,20.0117,dendrescoides,40.9836416088657,1.2073538875e-7,r
13_scholander1952,13,scholander1952,neutral,green algae,20.0117,dendrescoides,39.58559823145258,2.2858274510416669e-7,r
13_scholander1952,13,scholander1952,neutral,green algae,20.0117,dendrescoides,39.58559823145258,2.462456689583333e-7,r
13_scholander1952,13,scholander1952,neutral,green algae,20.0117,dendrescoides,39.58559823145258,2.858968931250001e-7,r
13_scholander1952,13,scholander1952,neutral,green algae,20.0117,dendrescoides,39.58559823145258,2.5569468500000004e-7,r
13_scholander1952,13,scholander1952,neutral,green algae,20.0117,dendrescoides,38.27978928434875,1.6724777343750002e-7,r
13_scholander1952,13,scholander1952,neutral,green algae,20.0117,dendrescoides,38.27978928434875,2.296548776041667e-7,r
13_scholander1952,13,scholander1952,neutral,green algae,20.0117,dendrescoides,38.27978928434875,2.6659561500000005e-7,r
13_scholander1952,13,scholander1952,neutral,green algae,20.0117,dendrescoides,38.27978928434875,2.872378489583334e-7,r
14_scholander1952,14,scholander1952,neutral,green algae,20.0117,leptosperma,42.4840495022893,4.4919590916666675e-8,r
14_scholander1952,14,scholander1952,neutral,green algae,20.0117,leptosperma,42.4840495022893,5.120900784375e-8,r
14_scholander1952,14,scholander1952,neutral,green algae,20.0117,leptosperma,42.4840495022893,5.7296335854166675e-8,r
14_scholander1952,14,scholander1952,neutral,green algae,20.0117,leptosperma,42.4840495022893,5.7296335854166675e-8,r
14_scholander1952,14,scholander1952,neutral,green algae,20.0117,leptosperma,40.9836416088657,1.1453543177083335e-7,r
14_scholander1952,14,scholander1952,neutral,green algae,20.0117,leptosperma,40.9836416088657,1.2577382364583334e-7,r
14_scholander1952,14,scholander1952,neutral,green algae,20.0117,leptosperma,40.9836416088657,1.4609350697916666e-7,r
14_scholander1952,14,scholander1952,neutral,green algae,20.0117,leptosperma,40.9836416088657,1.6345996520833338e-7,r
14_scholander1952,14,scholander1952,neutral,green algae,20.0117,leptosperma,39.58559823145258,2.084982716666667e-7,r
14_scholander1952,14,scholander1952,neutral,green algae,20.0117,leptosperma,39.58559823145258,2.4218269604166666e-7,r
14_scholander1952,14,scholander1952,neutral,green algae,20.0117,leptosperma,39.58559823145258,2.8662485052083333e-7,r
14_scholander1952,14,scholander1952,neutral,green algae,20.0117,leptosperma,39.58559823145258,3.2675663156249997e-7,r
14_scholander1952,14,scholander1952,neutral,green algae,20.0117,leptosperma,38.27978928434875,1.7616990791666665e-7,r
14_scholander1952,14,scholander1952,neutral,green algae,20.0117,leptosperma,38.27978928434875,2.20542708125e-7,r
14_scholander1952,14,scholander1952,neutral,green algae,20.0117,leptosperma,38.27978928434875,2.376911589583334e-7,r
14_scholander1952,14,scholander1952,neutral,green algae,20.0117,leptosperma,38.27978928434875,3.2675663156249997e-7,r
15_scholander1952,15,scholander1952,neutral,green algae,20.0117,flavicans,42.4840495022893,4.387388592708333e-8,r
15_scholander1952,15,scholander1952,neutral,green algae,20.0117,flavicans,42.4840495022893,5.4878704072916675e-8,r
15_scholander1952,15,scholander1952,neutral,green algae,20.0117,flavicans,42.4840495022893,6.490977365625e-8,r
15_scholander1952,15,scholander1952,neutral,green algae,20.0117,flavicans,42.4840495022893,7.53507228125e-8,r
15_scholander1952,15,scholander1952,neutral,green algae,20.0117,flavicans,40.9836416088657,1.2643610291666666e-7,r
15_scholander1952,15,scholander1952,neutral,green algae,20.0117,flavicans,40.9836416088657,1.7038280239583337e-7,r
15_scholander1952,15,scholander1952,neutral,green algae,20.0117,flavicans,40.9836416088657,2.473825586458334e-7,r
15_scholander1952,15,scholander1952,neutral,green algae,20.0117,flavicans,40.9836416088657,2.7666363135416664e-7,r
15_scholander1952,15,scholander1952,neutral,green algae,20.0117,flavicans,39.58559823145258,2.556199151041667e-7,r
15_scholander1952,15,scholander1952,neutral,green algae,20.0117,flavicans,39.58559823145258,4.309653445833333e-7,r
15_scholander1952,15,scholander1952,neutral,green algae,20.0117,flavicans,39.58559823145258,4.641987835416667e-7,r
15_scholander1952,15,scholander1952,neutral,green algae,20.0117,flavicans,39.58559823145258,4.307448297916667e-7,r
15_scholander1952,15,scholander1952,neutral,green algae,20.0117,flavicans,38.27978928434875,3.428852993750001e-7,r
15_scholander1952,15,scholander1952,neutral,green algae,20.0117,flavicans,38.27978928434875,3.834704135416667e-7,r
15_scholander1952,15,scholander1952,neutral,green algae,20.0117,flavicans,38.27978928434875,4.0541176291666675e-7,r
15_scholander1952,15,scholander1952,neutral,green algae,20.0117,flavicans,38.27978928434875,4.289220420833333e-7,r
2_schroeter1995,2,schroeter1995,neutral,green algae,-77,aprina,43.765861291911456,-7.97342196e-9,r
2_schroeter1995,2,schroeter1995,neutral,green algae,-77,aprina,43.42195742394882,-3.189368772e-8,r
2_schroeter1995,2,schroeter1995,neutral,green algae,-77,aprina,43.11543050919681,-2.112956808e-8,r
2_schroeter1995,2,schroeter1995,neutral,green algae,-77,aprina,42.79741147538382,-4.62458472e-8,r
2_schroeter1995,2,schroeter1995,neutral,green algae,-77,aprina,42.4840495022893,-6.179401992e-8,r
2_schroeter1995,2,schroeter1995,neutral,green algae,-77,aprina,42.17524303670842,-1.2159468444e-7,r
2_schroeter1995,2,schroeter1995,neutral,green algae,-77,aprina,41.87089345679351,-1.801993356e-7,r
1_shelyakin2019,1,shelyakin2019,neutral,green algae,-69,decussata,41.720359955241136,6.624e-7,r
1_shelyakin2019,1,shelyakin2019,neutral,green algae,-69,decussata,40.27249044438772,1.3728e-6,r
1_shelyakin2019,1,shelyakin2019,neutral,green algae,-69,decussata,38.92174449622782,2.4288000000000004e-6,r
1_shelyakin2019,1,shelyakin2019,neutral,green algae,-69,decussata,37.65866662842876,3.2064000000000003e-6,r
2_shelyakin2019,2,shelyakin2019,neutral,green algae,-68,sphacelata,41.720359955241136,5.472e-7,r
2_shelyakin2019,2,shelyakin2019,neutral,green algae,-68,sphacelata,40.27249044438772,1.1520000000000002e-6,r
2_shelyakin2019,2,shelyakin2019,neutral,green algae,-68,sphacelata,38.92174449622782,1.8432e-6,r
2_shelyakin2019,2,shelyakin2019,neutral,green algae,-68,sphacelata,37.65866662842876,2.9136e-6,r
3_shelyakin2019,3,shelyakin2019,neutral,green algae,-62,aurantiaco-atra,41.720359955241136,3.552e-7,r
3_shelyakin2019,3,shelyakin2019,neutral,green algae,-62,aurantiaco-atra,40.27249044438772,8.832000000000001e-7,r
3_shelyakin2019,3,shelyakin2019,neutral,green algae,-62,aurantiaco-atra,38.92174449622782,1.2960000000000002e-6,r
3_shelyakin2019,3,shelyakin2019,neutral,green algae,-62,aurantiaco-atra,37.65866662842876,1.5696e-6,r
1_shelyakin2020,1,shelyakin2020,neutral,green algae,-62,terebrata,41.720359955241136,4.2512077300000004e-7,r
1_shelyakin2020,1,shelyakin2020,neutral,green algae,-62,terebrata,40.27249044438772,6.95652174e-7,r
1_shelyakin2020,1,shelyakin2020,neutral,green algae,-62,terebrata,38.92174449622782,1.2753623188e-6,r
1_shelyakin2020,1,shelyakin2020,neutral,green algae,-62,terebrata,37.65866662842876,1.6038647342e-6,r
2_shelyakin2020,2,shelyakin2020,neutral,green algae,-69,decussata,41.720359955241136,6.376811594e-7,r
2_shelyakin2020,2,shelyakin2020,neutral,green algae,-69,decussata,40.27249044438772,1.3526570048000005e-6,r
2_shelyakin2020,2,shelyakin2020,neutral,green algae,-69,decussata,38.92174449622782,2.4154589380000003e-6,r
2_shelyakin2020,2,shelyakin2020,neutral,green algae,-69,decussata,37.65866662842876,3.188405798e-6,r
3_shelyakin2020,3,shelyakin2020,neutral,green algae,-68,sphacelata,41.720359955241136,3.479809736000001e-7,r
3_shelyakin2020,3,shelyakin2020,neutral,green algae,-68,sphacelata,40.27249044438772,8.682522012e-7,r
3_shelyakin2020,3,shelyakin2020,neutral,green algae,-68,sphacelata,38.92174449622782,1.2715312216e-6,r
3_shelyakin2020,3,shelyakin2020,neutral,green algae,-68,sphacelata,37.65866662842876,1.4992004858e-6,r
4_shelyakin2020,4,shelyakin2020,neutral,green algae,-62,aurantiaco-atra,41.720359955241136,5.311173172000001e-7,r
4_shelyakin2020,4,shelyakin2020,neutral,green algae,-62,aurantiaco-atra,40.27249044438772,1.1758508730000002e-6,r
4_shelyakin2020,4,shelyakin2020,neutral,green algae,-62,aurantiaco-atra,38.92174449622782,1.8424721296e-6,r
4_shelyakin2020,4,shelyakin2020,neutral,green algae,-62,aurantiaco-atra,37.65866662842876,2.926776106e-6,r
1_smith2001,1,smith2001,neutral,green algae,-46.8964,complicatulum,38.92174449622782,-2.5280128013333332e-6,r
1_smith2001,1,smith2001,neutral,green algae,-46.8964,complicatulum,38.92174449622782,-2.3695969596666664e-6,r
1_smith2001,1,smith2001,neutral,green algae,-46.8964,complicatulum,39.58559823145258,-1.7557555756666665e-6,r
1_smith2001,1,smith2001,neutral,green algae,-46.8964,complicatulum,39.58559823145258,-1.5379337933333333e-6,r
1_smith2001,1,smith2001,neutral,green algae,-46.8964,complicatulum,40.27249044438772,-1.1616961696666666e-6,r
1_smith2001,1,smith2001,neutral,green algae,-46.8964,complicatulum,40.27249044438772,-1.0428842883333337e-6,r
1_smith2001,1,smith2001,neutral,green algae,-46.8964,complicatulum,40.27249044438772,-9.438743873333332e-7,r
1_smith2001,1,smith2001,neutral,green algae,-46.8964,complicatulum,40.9836416088657,-8.646464646666666e-7,r
1_smith2001,1,smith2001,neutral,green algae,-46.8964,complicatulum,40.9836416088657,-7.458345833333334e-7,r
1_smith2001,1,smith2001,neutral,green algae,-46.8964,complicatulum,40.9836416088657,-6.270227023333333e-7,r
1_smith2001,1,smith2001,neutral,green algae,-46.8964,complicatulum,41.720359955241136,-2.903890389e-7,r
2_uchida2006,2,uchida2006,neutral,green algae,79,delisei,41.87089345679351,2.0628826781792018e-8,r
2_uchida2006,2,uchida2006,neutral,green algae,79,delisei,41.42251694288889,2.6373369688707113e-8,r
2_uchida2006,2,uchida2006,neutral,green algae,79,delisei,40.696188397511214,4.118982049534197e-8,r
2_uchida2006,2,uchida2006,neutral,green algae,79,delisei,40.27249044438772,5.3556472013936225e-8,r
2_uchida2006,2,uchida2006,neutral,green algae,79,delisei,39.58559823145258,7.954858744224799e-8,r
3_zotz2003,3,zotz2003,neutral,green algae,9,endosulphureum,40.9836416088657,-2.36170212e-7,r
3_zotz2003,3,zotz2003,neutral,green algae,9,endosulphureum,40.27249044438772,-2.2500000000000007e-7,r
3_zotz2003,3,zotz2003,neutral,green algae,9,endosulphureum,39.58559823145258,-3.9255319200000004e-7,r
3_zotz2003,3,zotz2003,neutral,green algae,9,endosulphureum,38.92174449622782,-4.59574464e-7,r
3_zotz2003,3,zotz2003,neutral,green algae,9,endosulphureum,38.27978928434875,-7.61170212e-7,r
3_zotz2003,3,zotz2003,neutral,green algae,9,endosulphureum,37.65866662842876,-1.1409574440000002e-6,r
1_lange2005oecologia,1,lange2005oecologia,neutral,green algae,48.7938,muralis,42.17524303670842,-4.6887001548387094e-4,r
1_lange2005oecologia,1,lange2005oecologia,neutral,green algae,48.7938,muralis,42.17524303670842,-5.455227406451613e-4,r
1_lange2005oecologia,1,lange2005oecologia,neutral,green algae,48.7938,muralis,42.17524303670842,-6.605018264516128e-4,r
1_lange2005oecologia,1,lange2005oecologia,neutral,green algae,48.7938,muralis,42.17524303670842,-6.03012284516129e-4,r
1_lange2005oecologia,1,lange2005oecologia,neutral,green algae,48.7938,muralis,41.42251694288889,-0.00110922414580645,r
1_lange2005oecologia,1,lange2005oecologia,neutral,green algae,48.7938,muralis,41.42251694288889,-0.00119545846064516,r
1_lange2005oecologia,1,lange2005oecologia,neutral,green algae,48.7938,muralis,41.42251694288889,-0.00134877941225806,r
1_lange2005oecologia,1,lange2005oecologia,neutral,green algae,48.7938,muralis,41.42251694288889,-0.00150206935741935,r
1_lange2005oecologia,1,lange2005oecologia,neutral,green algae,48.7938,muralis,41.407736383765645,-0.00167450697870967,r
1_lange2005oecologia,1,lange2005oecologia,neutral,green algae,48.7938,muralis,40.696188397511214,-0.00161546701548387,r
1_lange2005oecologia,1,lange2005oecologia,neutral,green algae,48.7938,muralis,40.696188397511214,-0.00174960928451612,r
1_lange2005oecologia,1,lange2005oecologia,neutral,green algae,48.7938,muralis,40.696188397511214,-0.00182626200774193,r
1_lange2005oecologia,1,lange2005oecologia,neutral,green algae,48.7938,muralis,40.696188397511214,-0.00197956745612903,r
1_lange2005oecologia,1,lange2005oecologia,neutral,green algae,48.7938,muralis,40.696188397511214,-0.00213285740129032,r
1_lange2005oecologia,1,lange2005oecologia,neutral,green algae,48.7938,muralis,40.696188397511214,-0.00222867330580645,r
1_lange2005oecologia,1,lange2005oecologia,neutral,green algae,48.7938,muralis,39.99489271601007,-0.00180550189548387,r
1_lange2005oecologia,1,lange2005oecologia,neutral,green algae,48.7938,muralis,39.99489271601007,-0.00213126046838709,r
1_lange2005oecologia,1,lange2005oecologia,neutral,green algae,48.7938,muralis,39.99489271601007,-0.00226540273548387,r
1_lange2005oecologia,1,lange2005oecologia,neutral,green algae,48.7938,muralis,39.99489271601007,-0.0023803818232258,r
1_lange2005oecologia,1,lange2005oecologia,neutral,green algae,48.7938,muralis,39.99489271601007,-0.00251453959354838,r
1_lange2005oecologia,1,lange2005oecologia,neutral,green algae,48.7938,muralis,39.99489271601007,-0.00264868186064516,r
1_lange2005oecologia,1,lange2005oecologia,neutral,green algae,48.7938,muralis,39.99489271601007,-0.00278282412967741,r
1_lange2005oecologia,1,lange2005oecologia,neutral,green algae,48.7938,muralis,39.99489271601007,-0.00287864003419354,r
1_lange2005oecologia,1,lange2005oecologia,neutral,green algae,48.7938,muralis,39.99489271601007,-0.00303194548258064,r
1_lange2005oecologia,1,lange2005oecologia,neutral,green algae,48.7938,muralis,39.31735768778696,-0.00289620628451612,r
1_lange2005oecologia,1,lange2005oecologia,neutral,green algae,48.7938,muralis,39.31735768778696,-0.00303992238967741,r
1_lange2005oecologia,1,lange2005oecologia,neutral,green algae,48.7938,muralis,39.31735768778696,-0.00314531213225806,r
1_lange2005oecologia,1,lange2005oecologia,neutral,green algae,48.7938,muralis,38.66239587389746,-0.00469593286645161,r
1_lange2005oecologia,1,lange2005oecologia,neutral,green algae,48.7938,muralis,38.64951913921839,-0.00471506503935483,r
1_lange2005oecologia,1,lange2005oecologia,neutral,green algae,48.7938,muralis,38.64951913921839,-0.0049258755348387,r
1_lange2005oecologia,1,lange2005oecologia,neutral,green algae,48.7938,muralis,38.64951913921839,-0.00500252826,r
1_lange2005oecologia,1,lange2005oecologia,neutral,green algae,48.7938,muralis,38.64951913921839,-0.00511750734580645,r
1_lange2005oecologia,1,lange2005oecologia,neutral,green algae,48.7938,muralis,38.66239587389746,-0.00540497056645161,r
1_lange2005oecologia,1,lange2005oecologia,neutral,green algae,48.7938,muralis,38.66239587389746,-0.00557743919612903,r
1_lange2005oecologia,1,lange2005oecologia,neutral,green algae,48.7938,muralis,38.66239587389746,-0.00574990782580645,r
2_lange2002florai,2,lange2002florai,neutral,green algae,49.9174,muralis,42.17524303670842,-5.170780838709677e-4,r
2_lange2002florai,2,lange2002florai,neutral,green algae,49.9174,muralis,41.42251694288889,-0.00167607756774193,r
2_lange2002florai,2,lange2002florai,neutral,green algae,49.9174,muralis,41.42251694288889,-0.00142237192064516,r
2_lange2002florai,2,lange2002florai,neutral,green algae,49.9174,muralis,41.42251694288889,-0.00121930587096774,r
2_lange2002florai,2,lange2002florai,neutral,green algae,49.9174,muralis,41.42251694288889,-0.00106700633225806,r
2_lange2002florai,2,lange2002florai,neutral,green algae,49.9174,muralis,40.696188397511214,-0.0021247266232258,r
2_lange2002florai,2,lange2002florai,neutral,green algae,49.9174,muralis,40.696188397511214,-0.00192166057354838,r
2_lange2002florai,2,lange2002florai,neutral,green algae,49.9174,muralis,40.696188397511214,-0.0017693610348387,r
2_lange2002florai,2,lange2002florai,neutral,green algae,49.9174,muralis,40.696188397511214,-0.00161706149612903,r
2_lange2002florai,2,lange2002florai,neutral,green algae,49.9174,muralis,39.99489271601007,-0.00303002045999999,r
2_lange2002florai,2,lange2002florai,neutral,green algae,49.9174,muralis,39.99489271601007,-0.00282695441032258,r
2_lange2002florai,2,lange2002florai,neutral,green algae,49.9174,muralis,39.99489271601007,-0.00247158881999999,r
2_lange2002florai,2,lange2002florai,neutral,green algae,49.9174,muralis,39.99489271601007,-0.00216698974451612,r
2_lange2002florai,2,lange2002florai,neutral,green algae,49.9174,muralis,39.99489271601007,-0.0017608576432258,r
2_lange2002florai,2,lange2002florai,neutral,green algae,49.9174,muralis,39.31735768778696,-0.00312305009419354,r
2_lange2002florai,2,lange2002florai,neutral,green algae,49.9174,muralis,39.31735768778696,-0.00297075055548387,r
2_lange2002florai,2,lange2002florai,neutral,green algae,49.9174,muralis,39.31735768778696,-0.00281845101870967,r
2_lange2002florai,2,lange2002florai,neutral,green algae,49.9174,muralis,38.66239587389746,-0.00570363884903225,r
2_lange2002florai,2,lange2002florai,neutral,green algae,49.9174,muralis,38.66239587389746,-0.00555133931032258,r
2_lange2002florai,2,lange2002florai,neutral,green algae,49.9174,muralis,38.66239587389746,-0.00534827326064516,r
2_lange2002florai,2,lange2002florai,neutral,green algae,49.9174,muralis,38.66239587389746,-0.0050436741832258,r
2_lange2002florai,2,lange2002florai,neutral,green algae,49.9174,muralis,38.66239587389746,-0.00489137464645161,r
2_lange2002florai,2,lange2002florai,neutral,green algae,49.9174,muralis,38.66239587389746,-0.00463754208193548,r
1_green1998,1,green1998,neutral,green algae,-77.01,aprina,42.4840495022893,-0.01403449573741935,r
1_green1998,1,green1998,neutral,green algae,-77.01,aprina,41.720359955241136,-0.02013121209677419,r
1_green1998,1,green1998,neutral,green algae,-77.01,aprina,40.9836416088657,-0.03105897220645161,r
1_green1998,1,green1998,neutral,green algae,-77.01,aprina,40.27249044438772,-0.06250950801290323,r
1_green1998,1,green1998,neutral,green algae,-77.01,aprina,39.58559823145258,-0.05834359445806451,r
4_green1998,4,green1998,neutral,green algae,-77.01,aprina,42.4840495022893,-0.01400551142903225,r
4_green1998,4,green1998,neutral,green algae,-77.01,aprina,41.720359955241136,-0.01984114118709677,r
4_green1998,4,green1998,neutral,green algae,-77.01,aprina,40.9836416088657,-0.03112335872903225,r
4_green1998,4,green1998,neutral,green algae,-77.01,aprina,40.27249044438772,-0.0626357594516129,r
4_green1998,4,green1998,neutral,green algae,-77.01,aprina,39.58559823145258,-0.05874533959354838,r
3_sundberg1997,3,sundberg1997,neutral,green algae,64.14,glauca,41.720359955241136,-2.3473335483870965e-4,r
3_sundberg1997,3,sundberg1997,neutral,green algae,64.14,glauca,40.9836416088657,-2.17662e-4,r
3_sundberg1997,3,sundberg1997,neutral,green algae,64.14,glauca,40.27249044438772,-2.261976774193548e-4,r
3_sundberg1997,3,sundberg1997,neutral,green algae,64.14,glauca,39.58559823145258,-4.0544864516129026e-4,r
4_sundberg1997,4,sundberg1997,neutral,cyanobacteria + green algae,64.14,pulmonaria,42.022517188304626,-8.10898064516129e-5,r
4_sundberg1997,4,sundberg1997,neutral,cyanobacteria + green algae,64.14,pulmonaria,41.42251694288889,-4.1398451612903225e-4,r
4_sundberg1997,4,sundberg1997,neutral,cyanobacteria + green algae,64.14,pulmonaria,40.696188397511214,-9.005227741935483e-4,r
4_sundberg1997,4,sundberg1997,neutral,cyanobacteria + green algae,64.14,pulmonaria,40.27249044438772,-0.00121634593548387,r
4_sundberg1997,4,sundberg1997,neutral,cyanobacteria + green algae,64.14,pulmonaria,39.857524030741274,-0.00161752683870967,r
4_sundberg1997,4,sundberg1997,neutral,cyanobacteria + green algae,64.14,pulmonaria,39.451022000851,-0.00202724322580645,r
4_sundberg1997,4,sundberg1997,neutral,cyanobacteria + green algae,64.14,pulmonaria,38.79163670917708,-0.00265888954838709,r
1_tretiach1997,1,tretiach1997,neutral,green algae,45.39,baldensis,41.570904967043965,-1.714241051612903e-4,r
2_tretiach1997,2,tretiach1997,neutral,green algae,45.39,baldensis,41.570904967043965,-1.6524787354838707e-4,r
2_tretiach1997,2,tretiach1997,neutral,green algae,45.39,baldensis,41.42251694288889,-2.077888335483871e-4,r
2_tretiach1997,2,tretiach1997,neutral,green algae,45.39,baldensis,41.42251694288889,-2.4423052645161284e-4,r
2_tretiach1997,2,tretiach1997,neutral,green algae,45.39,baldensis,41.42251694288889,-2.8071069870967734e-4,r
2_tretiach1997,2,tretiach1997,neutral,green algae,45.39,baldensis,41.570904967043965,-2.8076842064516126e-4,r
2_tretiach1997,2,tretiach1997,neutral,green algae,45.39,baldensis,41.570904967043965,-2.7474611419354836e-4,r
2_tretiach1997,2,tretiach1997,neutral,green algae,45.39,baldensis,41.570904967043965,-2.5041637935483866e-4,r
2_tretiach1997,2,tretiach1997,neutral,green algae,45.39,baldensis,41.570904967043965,-2.504452393548387e-4,r
2_tretiach1997,2,tretiach1997,neutral,green algae,45.39,baldensis,41.570904967043965,-2.3214743032258064e-4,r
2_tretiach1997,2,tretiach1997,neutral,green algae,45.39,baldensis,41.42251694288889,-2.564386858064516e-4,r
2_tretiach1997,2,tretiach1997,neutral,green algae,45.39,baldensis,40.9836416088657,-2.012085503225806e-4,r
2_tretiach1997,2,tretiach1997,neutral,green algae,45.39,baldensis,40.9836416088657,-2.254709438709677e-4,r
2_tretiach1997,2,tretiach1997,neutral,green algae,45.39,baldensis,40.839409190745464,-2.6186453419354834e-4,r
2_tretiach1997,2,tretiach1997,neutral,green algae,45.39,baldensis,40.839409190745464,-1.645936935483871e-4,r
2_tretiach1997,2,tretiach1997,neutral,green algae,45.39,baldensis,40.839409190745464,-1.8893304967741937e-4,r
2_tretiach1997,2,tretiach1997,neutral,green algae,45.39,baldensis,40.839409190745464,-2.0711541290322576e-4,r
2_tretiach1997,2,tretiach1997,neutral,green algae,45.39,baldensis,40.839409190745464,-2.314066683870968e-4,r
2_tretiach1997,2,tretiach1997,neutral,green algae,45.39,baldensis,40.696188397511214,-2.4960827419354836e-4,r
2_tretiach1997,2,tretiach1997,neutral,green algae,45.39,baldensis,40.696188397511214,-2.0702883096774193e-4,r
2_tretiach1997,2,tretiach1997,neutral,green algae,45.39,baldensis,40.696188397511214,-1.9483991225806448e-4,r
2_tretiach1997,2,tretiach1997,neutral,green algae,45.39,baldensis,40.696188397511214,-1.6449749032258063e-4,r
2_tretiach1997,2,tretiach1997,neutral,green algae,45.39,baldensis,40.1332115564597,-3.645804638709677e-4,r
2_tretiach1997,2,tretiach1997,neutral,green algae,45.39,baldensis,40.1332115564597,-3.706172032258064e-4,r
2_tretiach1997,2,tretiach1997,neutral,green algae,45.39,baldensis,40.1332115564597,-3.341225980645161e-4,r
2_tretiach1997,2,tretiach1997,neutral,green algae,45.39,baldensis,40.1332115564597,-3.098505851612903e-4,r
2_tretiach1997,2,tretiach1997,neutral,green algae,45.39,baldensis,40.1332115564597,-3.0371283483870965e-4,r
2_tretiach1997,2,tretiach1997,neutral,green algae,45.39,baldensis,40.27249044438772,-2.733896516129032e-4,r
2_tretiach1997,2,tretiach1997,neutral,green algae,45.39,baldensis,40.1332115564597,-2.55120704516129e-4,r
2_tretiach1997,2,tretiach1997,neutral,green algae,45.39,baldensis,40.1332115564597,-2.733223103225806e-4,r
2_tretiach1997,2,tretiach1997,neutral,green algae,45.39,baldensis,40.1332115564597,-2.489733329032258e-4,r
2_tretiach1997,2,tretiach1997,neutral,green algae,45.39,baldensis,40.1332115564597,-2.1250278e-4,r
2_tretiach1997,2,tretiach1997,neutral,green algae,45.39,baldensis,40.1332115564597,-2.0036196387096772e-4,r
2_tretiach1997,2,tretiach1997,neutral,green algae,45.39,baldensis,39.7210957437971,-5.46461833548387e-4,r
2_tretiach1997,2,tretiach1997,neutral,green algae,45.39,baldensis,39.7210957437971,-5.403337045161289e-4,r
2_tretiach1997,2,tretiach1997,neutral,green algae,45.39,baldensis,39.7210957437971,-5.16013589032258e-4,r
2_tretiach1997,2,tretiach1997,neutral,green algae,45.39,baldensis,39.58559823145258,-5.646057174193549e-4,r
2_tretiach1997,2,tretiach1997,neutral,green algae,45.39,baldensis,39.58559823145258,-5.828361851612903e-4,r
2_tretiach1997,2,tretiach1997,neutral,green algae,45.39,baldensis,39.58559823145258,-5.098469767741934e-4,r
2_tretiach1997,2,tretiach1997,neutral,green algae,45.39,baldensis,39.58559823145258,-4.79523795483871e-4,r
2_tretiach1997,2,tretiach1997,neutral,green algae,45.39,baldensis,39.58559823145258,-4.612259864516128e-4,r
2_tretiach1997,2,tretiach1997,neutral,green algae,45.39,baldensis,39.58559823145258,-4.491140303225806e-4,r
2_tretiach1997,2,tretiach1997,neutral,green algae,45.39,baldensis,39.58559823145258,-4.3082584258064514e-4,r
2_tretiach1997,2,tretiach1997,neutral,green algae,45.39,baldensis,39.58559823145258,-4.004256987096774e-4,r
2_tretiach1997,2,tretiach1997,neutral,green algae,45.39,baldensis,39.451022000851,-6.252328412903225e-4,r
2_tretiach1997,2,tretiach1997,neutral,green algae,45.39,baldensis,39.451022000851,-5.765829909677419e-4,r
2_tretiach1997,2,tretiach1997,neutral,green algae,45.39,baldensis,39.31735768778696,-5.521955322580645e-4,r
2_tretiach1997,2,tretiach1997,neutral,green algae,45.39,baldensis,39.451022000851,-5.400643354838709e-4,r
2_tretiach1997,2,tretiach1997,neutral,green algae,45.39,baldensis,39.451022000851,-5.401220574193548e-4,r
2_tretiach1997,2,tretiach1997,neutral,green algae,45.39,baldensis,39.451022000851,-5.219204516129032e-4,r
2_tretiach1997,2,tretiach1997,neutral,green algae,45.39,baldensis,39.58559823145258,-5.097892548387097e-4,r
2_tretiach1997,2,tretiach1997,neutral,green algae,45.39,baldensis,39.451022000851,-4.7936025096774194e-4,r
2_tretiach1997,2,tretiach1997,neutral,green algae,45.39,baldensis,39.451022000851,-5.157442199999999e-4,r
2_tretiach1997,2,tretiach1997,neutral,green algae,45.39,baldensis,39.451022000851,-5.036418851612903e-4,r
2_tretiach1997,2,tretiach1997,neutral,green algae,45.39,baldensis,39.31735768778696,-4.853055948387096e-4,r
2_tretiach1997,2,tretiach1997,neutral,green algae,45.39,baldensis,39.31735768778696,-4.670655077419354e-4,r
2_tretiach1997,2,tretiach1997,neutral,green algae,45.39,baldensis,39.451022000851,-4.731743980645161e-4,r
2_tretiach1997,2,tretiach1997,neutral,green algae,45.39,baldensis,39.451022000851,-4.793121483870967e-4,r
2_tretiach1997,2,tretiach1997,neutral,green algae,45.39,baldensis,39.451022000851,-4.428512167741935e-4,r
2_tretiach1997,2,tretiach1997,neutral,green algae,45.39,baldensis,39.451022000851,-4.124414516129032e-4,r
2_tretiach1997,2,tretiach1997,neutral,green algae,45.39,baldensis,39.451022000851,-4.3063343612903223e-4,r
2_tretiach1997,2,tretiach1997,neutral,green algae,45.39,baldensis,39.31735768778696,-3.941147825806451e-4,r
2_tretiach1997,2,tretiach1997,neutral,green algae,45.39,baldensis,39.451022000851,-3.6984276774193546e-4,r
2_zotz1998,2,zotz1998,high,cyanobacteria,8,tomentosa,40.9836416088657,-1.3046701261971833e-7,r
2_zotz1998,2,zotz1998,high,cyanobacteria,8,tomentosa,40.696188397511214,-1.541882876056338e-7,r
2_zotz1998,2,zotz1998,high,cyanobacteria,8,tomentosa,40.41273940989142,-1.7790956264788738e-7,r
2_zotz1998,2,zotz1998,high,cyanobacteria,8,tomentosa,40.1332115564597,-3.676797627605635e-7,r
2_zotz1998,2,zotz1998,high,cyanobacteria,8,tomentosa,39.857524030741274,-2.9058561898591554e-7,r
2_zotz1998,2,zotz1998,high,cyanobacteria,8,tomentosa,39.58559823145258,-3.202372127323944e-7,r
2_zotz1998,2,zotz1998,high,cyanobacteria,8,tomentosa,39.31735768778696,-3.91401037802817e-7,r
2_zotz1998,2,zotz1998,high,cyanobacteria,8,tomentosa,39.05272798771773,-4.625648628732395e-7,r
2_zotz1998,2,zotz1998,high,cyanobacteria,8,tomentosa,38.79163670917708,-5.930318754929578e-7,r
2_zotz1998,2,zotz1998,high,cyanobacteria,8,tomentosa,38.53401335397749,-8.183839881690142e-7,r
2_zotz1998,2,zotz1998,high,cyanobacteria,8,tomentosa,38.27978928434875,-1.0140845070422538e-6,r
2_zotz1998,2,zotz1998,high,cyanobacteria,8,tomentosa,38.028897661970575,-1.3521126760563382e-6,r
1_kappen2000,1,kappen2000,neutral,green algae,-72.18,frigida,43.771201123893825,-5.627361963190184e-9,r
1_kappen2000,1,kappen2000,neutral,green algae,-72.18,frigida,43.13348055188322,-1.0336029084299023e-7,r
1_kappen2000,1,kappen2000,neutral,green algae,-72.18,frigida,42.35809546941839,-1.838418609406953e-7,r
1_kappen2000,1,kappen2000,neutral,green algae,-72.18,frigida,41.80947250877146,-3.125349564492919e-7,r
1_kappen2000,1,kappen2000,neutral,green algae,-72.18,frigida,41.0711088080806,-5.164886934787549e-7,r
1_kappen2000,1,kappen2000,neutral,green algae,-72.18,frigida,40.31719190669667,-9.411009709914414e-7,r
1_harrisson1986,1,harrisson1986,neutral,green algae,-60.43,antarctica,42.4840495022893,3.0392478982049534e-8,r
1_harrisson1986,1,harrisson1986,neutral,green algae,-60.43,antarctica,41.42251694288889,1.260621101264864e-7,r
1_harrisson1986,1,harrisson1986,neutral,green algae,-60.43,antarctica,40.55396862327563,2.2651819586457625e-7,r
1_harrisson1986,1,harrisson1986,neutral,green algae,-60.43,antarctica,39.7210957437971,3.281701136105431e-7,r
1_harrisson1986,1,harrisson1986,neutral,green algae,-60.43,antarctica,43.35706378311348,0,r
2_lange1991,2,lange1991,neutral,green algae,53.728189,portentosa,41.87089345679351,-1.3684665228000004e-7,r
2_lange1991,2,lange1991,neutral,green algae,53.728189,portentosa,41.720359955241136,-7.049676024000001e-8,r
2_lange1991,2,lange1991,neutral,green algae,53.728189,portentosa,41.720359955241136,-3.732181428e-8,r
2_lange1991,2,lange1991,neutral,green algae,53.728189,portentosa,41.570904967043965,-5.805615552000001e-8,r
2_lange1991,2,lange1991,neutral,green algae,53.728189,portentosa,41.720359955241136,-8.708423328e-8,r
2_lange1991,2,lange1991,neutral,green algae,53.728189,portentosa,41.720359955241136,-1.0367170632000003e-7,r
2_lange1991,2,lange1991,neutral,green algae,53.728189,portentosa,41.720359955241136,-1.2440604756000002e-7,r
2_lange1991,2,lange1991,neutral,green algae,53.728189,portentosa,41.42251694288889,-5.805615552000001e-8,r
2_lange1991,2,lange1991,neutral,green algae,53.728189,portentosa,41.42251694288889,-7.879049676e-8,r
2_lange1991,2,lange1991,neutral,green algae,53.728189,portentosa,41.42251694288889,-9.53779698e-8,r
2_lange1991,2,lange1991,neutral,green algae,53.728189,portentosa,41.275184497778135,-1.8038876892e-7,r
2_lange1991,2,lange1991,neutral,green algae,53.728189,portentosa,40.9836416088657,-1.6172786172000006e-7,r
2_lange1991,2,lange1991,neutral,green algae,53.728189,portentosa,40.9836416088657,-1.49287257e-7,r
2_lange1991,2,lange1991,neutral,green algae,53.728189,portentosa,40.9836416088657,-1.4514038880000006e-7,r
2_lange1991,2,lange1991,neutral,green algae,53.728189,portentosa,40.9836416088657,-1.8246220308000002e-7,r
2_lange1991,2,lange1991,neutral,green algae,53.728189,portentosa,40.839409190745464,-1.6172786172000006e-7,r
2_lange1991,2,lange1991,neutral,green algae,53.728189,portentosa,40.839409190745464,-1.2440604756000002e-7,r
2_lange1991,2,lange1991,neutral,green algae,53.728189,portentosa,40.9836416088657,-8.708423328e-8,r
2_lange1991,2,lange1991,neutral,green algae,53.728189,portentosa,40.839409190745464,-2.7784017276000004e-7,r
2_lange1991,2,lange1991,neutral,green algae,53.728189,portentosa,40.55396862327563,-1.6380129588e-7,r
2_lange1991,2,lange1991,neutral,green algae,53.728189,portentosa,40.55396862327563,-1.7416846656e-7,r
2_lange1991,2,lange1991,neutral,green algae,53.728189,portentosa,40.55396862327563,-2.0734341252e-7,r
2_lange1991,2,lange1991,neutral,green algae,53.728189,portentosa,40.41273940989142,-1.8246220308000002e-7,r
2_lange1991,2,lange1991,neutral,green algae,53.728189,portentosa,40.41273940989142,-2.6539956804e-7,r
2_lange1991,2,lange1991,neutral,green algae,53.728189,portentosa,40.41273940989142,-1.949028078e-7,r
2_lange1991,2,lange1991,neutral,green algae,53.728189,portentosa,40.27249044438772,-1.8660907128000002e-7,r
2_lange1991,2,lange1991,neutral,green algae,53.728189,portentosa,40.27249044438772,-2.0734341252e-7,r
2_lange1991,2,lange1991,neutral,green algae,53.728189,portentosa,40.27249044438772,-2.3222462208000002e-7,r
2_lange1991,2,lange1991,neutral,green algae,53.728189,portentosa,40.27249044438772,-2.6125269984e-7,r
2_lange1991,2,lange1991,neutral,green algae,53.728189,portentosa,40.27249044438772,-2.8613390928e-7,r
2_lange1991,2,lange1991,neutral,green algae,53.728189,portentosa,40.1332115564597,-2.6125269984e-7,r
2_lange1991,2,lange1991,neutral,green algae,53.728189,portentosa,40.1332115564597,-2.3429805612000005e-7,r
2_lange1991,2,lange1991,neutral,green algae,53.728189,portentosa,40.1332115564597,-2.1149028072000006e-7,r
2_lange1991,2,lange1991,neutral,green algae,53.728189,portentosa,39.99489271601007,-1.9075593948e-7,r
2_lange1991,2,lange1991,neutral,green algae,53.728189,portentosa,40.27249044438772,-3.856587472800001e-7,r
2_lange1991,2,lange1991,neutral,green algae,53.728189,portentosa,40.1332115564597,-3.48336933e-7,r
2_lange1991,2,lange1991,neutral,green algae,53.728189,portentosa,40.1332115564597,-3.6907127424000003e-7,r
2_lange1991,2,lange1991,neutral,green algae,53.728189,portentosa,39.58559823145258,-3.6492440604e-7,r
2_lange1991,2,lange1991,neutral,green algae,53.728189,portentosa,39.58559823145258,-2.8198704108e-7,r
2_lange1991,2,lange1991,neutral,green algae,53.728189,portentosa,39.58559823145258,-2.8406047512e-7,r
2_lange1991,2,lange1991,neutral,green algae,53.728189,portentosa,39.58559823145258,-3.193088552400001e-7,r
2_lange1991,2,lange1991,neutral,green algae,53.728189,portentosa,39.18459605453426,-4.437149028e-7,r
2_lange1991,2,lange1991,neutral,green algae,53.728189,portentosa,38.92174449622782,-6.4898488116e-7,r
2_lange1991,2,lange1991,neutral,green algae,53.728189,portentosa,38.27978928434875,-7.7961123108e-7,r
1_coxson2003,1,coxson2003,neutral,green algae,53.37,sarmentosa,42.4840495022893,-7.574036203893055e-9,r
1_coxson2003,1,coxson2003,neutral,green algae,53.37,sarmentosa,41.720359955241136,-1.514807240778611e-7,r
1_coxson2003,1,coxson2003,neutral,green algae,53.37,sarmentosa,40.27249044438772,-2.9538741195182917e-7,r
1_coxson2003,1,coxson2003,neutral,green algae,53.37,sarmentosa,38.92174449622782,-3.7870181019465275e-7,r
3_coxson2003,3,coxson2003,neutral,green algae,53.37,sarmentosa,41.720359955241136,-3.787018101946528e-8,r
3_coxson2003,3,coxson2003,neutral,green algae,53.37,sarmentosa,40.27249044438772,-2.9538741195182917e-7,r
3_coxson2003,3,coxson2003,neutral,green algae,53.37,sarmentosa,38.92174449622782,-4.317200636219041e-7,r
5_coxson2003,5,coxson2003,neutral,green algae,53.37,spp,42.4840495022893,-1.3633265167007496e-7,r
5_coxson2003,5,coxson2003,neutral,green algae,53.37,spp,41.720359955241136,-2.80239339544043e-7,r
5_coxson2003,5,coxson2003,neutral,green algae,53.37,spp,40.27249044438772,-2.9538741195182917e-7,r
5_coxson2003,5,coxson2003,neutral,green algae,53.37,spp,38.92174449622782,-4.468681360296902e-7,r
7_coxson2003,7,coxson2003,neutral,green algae,53.37,spp,41.720359955241136,-2.1207301370900553e-7,r
7_coxson2003,7,coxson2003,neutral,green algae,53.37,spp,40.27249044438772,-2.7266530334014993e-7,r
7_coxson2003,7,coxson2003,neutral,green algae,53.37,spp,38.92174449622782,-4.468681360296902e-7,r
1_lange1980,1,lange1980,neutral,green algae,30.7141,maciformis,38.92174449622782,6.670245421495114e-7,r
1_lange1980,1,lange1980,neutral,green algae,30.7141,maciformis,40.27249044438772,6.516828395061729e-7,r
1_lange1980,1,lange1980,neutral,green algae,30.7141,maciformis,41.720359955241136,5.160298879042642e-7,r
2_adams1971,2,adams1971,neutral,green algae,44.0197,rangiferina,42.4840495022893,-3.1457290009846243e-8,r
2_adams1971,2,adams1971,neutral,green algae,44.0197,rangiferina,42.17524303670842,-4.5203058395819135e-8,r
2_adams1971,2,adams1971,neutral,green algae,44.0197,rangiferina,41.720359955241136,-5.2354639854578504e-8,r
2_adams1971,2,adams1971,neutral,green algae,44.0197,rangiferina,41.42251694288889,-7.533226918124669e-8,r
2_adams1971,2,adams1971,neutral,green algae,44.0197,rangiferina,40.9836416088657,-8.380268802544878e-8,r
2_adams1971,2,adams1971,neutral,green algae,44.0197,rangiferina,40.696188397511214,-1.0546147920927064e-7,r
2_adams1971,2,adams1971,neutral,green algae,44.0197,rangiferina,40.27249044438772,-1.376908763159888e-7,r
2_adams1971,2,adams1971,neutral,green algae,44.0197,rangiferina,39.99489271601007,-1.672825986518216e-7,r
2_adams1971,2,adams1971,neutral,green algae,44.0197,rangiferina,39.58559823145258,-2.0477739074452777e-7,r
2_adams1971,2,adams1971,neutral,green algae,44.0197,rangiferina,39.31735768778696,-2.488564159660683e-7,r
2_adams1971,2,adams1971,neutral,green algae,44.0197,rangiferina,38.92174449622782,-2.863611618571537e-7,r
2_adams1971,2,adams1971,neutral,green algae,44.0197,rangiferina,38.66239587389746,-3.46276187230175e-7,r
2_adams1971,2,adams1971,neutral,green algae,44.0197,rangiferina,38.27978928434875,-4.167419116867379e-7,r
2_adams1971,2,adams1971,neutral,green algae,44.0197,rangiferina,38.028897661970575,-4.911741005832007e-7,r
2_adams1971,2,adams1971,neutral,green algae,44.0197,rangiferina,37.65866662842876,-5.590021502688781e-7,r
2_brownkershaw1984,2,brownkershaw1984,neutral,green algae,58.7679,rufescens,41.720359955241136,-4.016534348254185e-7,r
2_brownkershaw1984,2,brownkershaw1984,neutral,green algae,58.7679,rufescens,40.27249044438772,-6.217492403241688e-7,r
2_brownkershaw1984,2,brownkershaw1984,neutral,green algae,58.7679,rufescens,38.92174449622782,-1.0535313519654624e-6,r
2_brownkershaw1984,2,brownkershaw1984,neutral,green algae,58.7679,rufescens,37.65866662842876,-1.614636344770128e-6,r
2_brownkershaw1984,2,brownkershaw1984,neutral,green algae,58.7679,rufescens,36.47499016674626,-1.9077459607664926e-6,r
4_brownkershaw1984,4,brownkershaw1984,neutral,green algae,58.7679,rufescens,41.720359955241136,-6.885487457396046e-7,r
4_brownkershaw1984,4,brownkershaw1984,neutral,green algae,58.7679,rufescens,40.27249044438772,-6.782718988108762e-7,r
4_brownkershaw1984,4,brownkershaw1984,neutral,green algae,58.7679,rufescens,38.92174449622782,-1.0535313519654624e-6,r
4_brownkershaw1984,4,brownkershaw1984,neutral,green algae,58.7679,rufescens,37.65866662842876,-1.614636344770128e-6,r
4_brownkershaw1984,4,brownkershaw1984,neutral,green algae,58.7679,rufescens,36.47499016674626,-1.9077459607664926e-6,r
6_brownkershaw1984,6,brownkershaw1984,neutral,green algae,58.7679,rufescens,41.720359955241136,-4.016534348254185e-7,r
6_brownkershaw1984,6,brownkershaw1984,neutral,green algae,58.7679,rufescens,40.27249044438772,-8.478398735135953e-7,r
6_brownkershaw1984,6,brownkershaw1984,neutral,green algae,58.7679,rufescens,38.92174449622782,-7.6879314852685e-7,r
6_brownkershaw1984,6,brownkershaw1984,neutral,green algae,58.7679,rufescens,37.65866662842876,-1.1625800249943195e-6,r
6_brownkershaw1984,6,brownkershaw1984,neutral,green algae,58.7679,rufescens,36.47499016674626,-1.5091124767098388e-6,r
8_brownkershaw1984,8,brownkershaw1984,neutral,green algae,45.1166,rufescens,41.720359955241136,-2.964584874649701e-7,r
8_brownkershaw1984,8,brownkershaw1984,neutral,green algae,45.1166,rufescens,40.27249044438772,-8.186079534954176e-7,r
8_brownkershaw1984,8,brownkershaw1984,neutral,green algae,45.1166,rufescens,38.92174449622782,-1.407699658410967e-6,r
8_brownkershaw1984,8,brownkershaw1984,neutral,green algae,45.1166,rufescens,37.65866662842876,-1.9221985821404225e-6,r
8_brownkershaw1984,8,brownkershaw1984,neutral,green algae,45.1166,rufescens,36.47499016674626,-2.8192245868363253e-6,r
10_brownkershaw1984,10,brownkershaw1984,neutral,green algae,45.1166,rufescens,41.720359955241136,-5.259747360448383e-7,r
10_brownkershaw1984,10,brownkershaw1984,neutral,green algae,45.1166,rufescens,40.27249044438772,-1.2776404506551542e-6,r
10_brownkershaw1984,10,brownkershaw1984,neutral,green algae,45.1166,rufescens,38.92174449622782,-1.0270852124517157e-6,r
10_brownkershaw1984,10,brownkershaw1984,neutral,green algae,45.1166,rufescens,37.65866662842876,-2.0752094145270016e-6,r
10_brownkershaw1984,10,brownkershaw1984,neutral,green algae,45.1166,rufescens,36.47499016674626,-2.283686673483299e-6,r
12_brownkershaw1984,12,brownkershaw1984,neutral,green algae,45.1166,rufescens,41.720359955241136,-7.554909846247066e-7,r
12_brownkershaw1984,12,brownkershaw1984,neutral,green algae,45.1166,rufescens,40.27249044438772,-1.1246296182685754e-6,r
12_brownkershaw1984,12,brownkershaw1984,neutral,green algae,45.1166,rufescens,38.92174449622782,-1.5616668083011438e-6,r
12_brownkershaw1984,12,brownkershaw1984,neutral,green algae,45.1166,rufescens,37.65866662842876,-2.840263576459895e-6,r
12_brownkershaw1984,12,brownkershaw1984,neutral,green algae,45.1166,rufescens,36.47499016674626,-3.354762500189351e-6,r
13_brownkershaw1984,13,brownkershaw1984,neutral,green algae,45.1166,rufescens,41.720359955241136,-5.259747360448383e-7,r
13_brownkershaw1984,13,brownkershaw1984,neutral,green algae,45.1166,rufescens,40.27249044438772,-6.655971211088389e-7,r
13_brownkershaw1984,13,brownkershaw1984,neutral,green algae,45.1166,rufescens,38.92174449622782,-1.7156339581913198e-6,r
13_brownkershaw1984,13,brownkershaw1984,neutral,green algae,45.1166,rufescens,37.65866662842876,-2.3047256631068695e-6,r
13_brownkershaw1984,13,brownkershaw1984,neutral,green algae,45.1166,rufescens,36.47499016674626,-3.125246251609483e-6,r
14_brownkershaw1984,14,brownkershaw1984,neutral,green algae,45.1166,rufescens,40.27249044438772,-1.5071566992350223e-6,r
14_brownkershaw1984,14,brownkershaw1984,neutral,green algae,45.1166,rufescens,38.92174449622782,-1.5626231258047414e-6,r
14_brownkershaw1984,14,brownkershaw1984,neutral,green algae,45.1166,rufescens,37.65866662842876,-2.840263576459895e-6,r
2_eickmeieradams1973,2,eickmeieradams1973,high,green algae,39.6636,ecmocyna,42.4840495022893,-4.2566756040293875e-8,r
2_eickmeieradams1973,2,eickmeieradams1973,high,green algae,39.6636,ecmocyna,42.17524303670842,-4.947576762856926e-8,r
2_eickmeieradams1973,2,eickmeieradams1973,high,green algae,39.6636,ecmocyna,41.720359955241136,-7.356674013481785e-8,r
2_eickmeieradams1973,2,eickmeieradams1973,high,green algae,39.6636,ecmocyna,41.42251694288889,-9.444903355298039e-8,r
2_eickmeieradams1973,2,eickmeieradams1973,high,green algae,39.6636,ecmocyna,40.9836416088657,-1.30339666742407e-7,r
2_eickmeieradams1973,2,eickmeieradams1973,high,green algae,39.6636,ecmocyna,40.696188397511214,-1.587131909414527e-7,r
2_eickmeieradams1973,2,eickmeieradams1973,high,green algae,39.6636,ecmocyna,40.27249044438772,-1.9246901689010074e-7,r
2_eickmeieradams1973,2,eickmeieradams1973,high,green algae,39.6636,ecmocyna,39.99489271601007,-2.176468007271075e-7,r
2_eickmeieradams1973,2,eickmeieradams1973,high,green algae,39.6636,ecmocyna,39.58559823145258,-2.610416034234644e-7,r
2_eickmeieradams1973,2,eickmeieradams1973,high,green algae,39.6636,ecmocyna,39.31735768778696,-3.023145368476861e-7,r
2_eickmeieradams1973,2,eickmeieradams1973,high,green algae,39.6636,ecmocyna,38.92174449622782,-3.70421346663637e-7,r
2_eickmeieradams1973,2,eickmeieradams1973,high,green algae,39.6636,ecmocyna,38.66239587389746,-4.2566756267514955e-7,r
2_eickmeieradams1973,2,eickmeieradams1973,high,green algae,39.6636,ecmocyna,38.27978928434875,-4.884050094675453e-7,r
2_eickmeieradams1973,2,eickmeieradams1973,high,green algae,39.6636,ecmocyna,37.9046811090979,-5.565247580095433e-7,r
2_eickmeieradams1973,2,eickmeieradams1973,high,green algae,39.6636,ecmocyna,37.65866662842876,-6.19262204801939e-7,r
2_kershaw1977,2,kershaw1977,neutral,cyanobacteria,43.3247,polydactyla,41.720359955241136,-9.895111815496475e-7,r
2_kershaw1977,2,kershaw1977,neutral,cyanobacteria,43.3247,polydactyla,40.27249044438772,-1.209402555479815e-6,r
2_kershaw1977,2,kershaw1977,neutral,cyanobacteria,43.3247,polydactyla,38.92174449622782,-2.1989137362720595e-6,r
2_kershaw1977,2,kershaw1977,neutral,cyanobacteria,43.3247,polydactyla,37.65866662842876,-2.2172380178747257e-6,r
4_kershaw1977,4,kershaw1977,neutral,cyanobacteria,43.3247,polydactyla,41.720359955241136,-6.96322683481027e-7,r
4_kershaw1977,4,kershaw1977,neutral,cyanobacteria,43.3247,polydactyla,40.27249044438772,-9.528626191017192e-7,r
4_kershaw1977,4,kershaw1977,neutral,cyanobacteria,43.3247,polydactyla,38.92174449622782,-1.86907667575551e-6,r
4_kershaw1977,4,kershaw1977,neutral,cyanobacteria,43.3247,polydactyla,37.65866662842876,-2.8219392956146333e-6,r
6_kershaw1977,6,kershaw1977,neutral,cyanobacteria,43.3247,polydactyla,41.720359955241136,-5.497284344467166e-7,r
6_kershaw1977,6,kershaw1977,neutral,cyanobacteria,43.3247,polydactyla,40.27249044438772,-1.3193482420661972e-6,r
6_kershaw1977,6,kershaw1977,neutral,cyanobacteria,43.3247,polydactyla,38.92174449622782,-2.968533544648943e-6,r
6_kershaw1977,6,kershaw1977,neutral,cyanobacteria,43.3247,polydactyla,37.65866662842876,-2.125616612133606e-6,r
7_kershaw1977,7,kershaw1977,neutral,cyanobacteria,43.3247,canina var. praetextata,41.720359955241136,-8.262584950390063e-7,r
7_kershaw1977,7,kershaw1977,neutral,cyanobacteria,43.3247,canina var. praetextata,40.27249044438772,-1.6855673293948344e-6,r
7_kershaw1977,7,kershaw1977,neutral,cyanobacteria,43.3247,canina var. praetextata,38.92174449622782,-2.181322426721199e-6,r
7_kershaw1977,7,kershaw1977,neutral,cyanobacteria,43.3247,canina var. praetextata,37.65866662842876,-2.644027183973339e-6,r
9_kershaw1977,9,kershaw1977,neutral,cyanobacteria,43.3247,canina var. praetextata,41.720359955241136,-4.957550973263652e-7,r
9_kershaw1977,9,kershaw1977,neutral,cyanobacteria,43.3247,canina var. praetextata,40.27249044438772,-1.421164611073241e-6,r
9_kershaw1977,9,kershaw1977,neutral,cyanobacteria,43.3247,canina var. praetextata,38.92174449622782,-1.7516680095432857e-6,r
9_kershaw1977,9,kershaw1977,neutral,cyanobacteria,43.3247,canina var. praetextata,37.65866662842876,-2.247423106112247e-6,r
11_kershaw1977,11,kershaw1977,neutral,cyanobacteria,43.3247,canina var. praetextata,41.720359955241136,-4.296544171779141e-7,r
11_kershaw1977,11,kershaw1977,neutral,cyanobacteria,43.3247,canina var. praetextata,40.27249044438772,-1.586416310686965e-6,r
11_kershaw1977,11,kershaw1977,neutral,cyanobacteria,43.3247,canina var. praetextata,38.92174449622782,-1.9499700484738317e-6,r
11_kershaw1977,11,kershaw1977,neutral,cyanobacteria,43.3247,canina var. praetextata,37.65866662842876,-2.908429902294933e-6,r
13_kershaw1977,13,kershaw1977,neutral,cyanobacteria,43.3247,canina var. praetextata,41.720359955241136,-6.610067961826857e-7,r
13_kershaw1977,13,kershaw1977,neutral,cyanobacteria,43.3247,canina var. praetextata,40.27249044438772,-1.520315630538514e-6,r
13_kershaw1977,13,kershaw1977,neutral,cyanobacteria,43.3247,canina var. praetextata,38.92174449622782,-2.577926504582292e-6,r
13_kershaw1977,13,kershaw1977,neutral,cyanobacteria,43.3247,canina var. praetextata,37.65866662842876,-2.280473446186472e-6,r
15_kershaw1977,15,kershaw1977,neutral,cyanobacteria,43.3247,canina var. praetextata,40.27249044438772,-2.0160707278648794e-6,r
15_kershaw1977,15,kershaw1977,neutral,cyanobacteria,43.3247,canina var. praetextata,38.92174449622782,-2.577926504582292e-6,r
15_kershaw1977,15,kershaw1977,neutral,cyanobacteria,43.3247,canina var. praetextata,37.65866662842876,-3.2389333000075743e-6,r
2_kershaw1983,2,kershaw1983,neutral,green algae,47.9885,stellaris,41.720359955241136,-1.073485442702416e-7,r
2_kershaw1983,2,kershaw1983,neutral,green algae,47.9885,stellaris,40.27249044438772,-3.220456335681285e-7,r
2_kershaw1983,2,kershaw1983,neutral,green algae,47.9885,stellaris,38.92174449622782,-4.89032258577596e-7,r
2_kershaw1983,2,kershaw1983,neutral,green algae,47.9885,stellaris,37.65866662842876,-9.66136901461789e-7,r
4_kershaw1983,4,kershaw1983,neutral,green algae,47.9885,stellaris,41.720359955241136,-1.7891424070287057e-7,r
4_kershaw1983,4,kershaw1983,neutral,green algae,47.9885,stellaris,40.27249044438772,-2.5047993713549953e-7,r
4_kershaw1983,4,kershaw1983,neutral,green algae,47.9885,stellaris,38.92174449622782,-4.174665621449671e-7,r
4_kershaw1983,4,kershaw1983,neutral,green algae,47.9885,stellaris,37.65866662842876,-1.2046892229038851e-6,r
6_kershaw1983,6,kershaw1983,neutral,green algae,47.9885,stellaris,41.720359955241136,-1.550590085586609e-7,r
6_kershaw1983,6,kershaw1983,neutral,green algae,47.9885,stellaris,40.27249044438772,-1.7891424070287057e-7,r
6_kershaw1983,6,kershaw1983,neutral,green algae,47.9885,stellaris,38.92174449622782,-2.5047993713549953e-7,r
6_kershaw1983,6,kershaw1983,neutral,green algae,47.9885,stellaris,37.65866662842876,-1.0615578300386275e-6,r
8_kershaw1983,8,kershaw1983,neutral,green algae,47.9885,stellaris,41.720359955241136,-1.073485442702416e-7,r
8_kershaw1983,8,kershaw1983,neutral,green algae,47.9885,stellaris,40.27249044438772,-1.7891424070287057e-7,r
8_kershaw1983,8,kershaw1983,neutral,green algae,47.9885,stellaris,38.92174449622782,-5.844531871544345e-7,r
8_kershaw1983,8,kershaw1983,neutral,green algae,47.9885,stellaris,37.65866662842876,-1.2285444550480951e-6,r
10_kershaw1983,10,kershaw1983,neutral,green algae,47.9885,stellaris,41.720359955241136,-3.3716677270317354e-7,r
10_kershaw1983,10,kershaw1983,neutral,green algae,47.9885,stellaris,40.27249044438772,-3.958044724683784e-7,r
10_kershaw1983,10,kershaw1983,neutral,green algae,47.9885,stellaris,38.92174449622782,-1.128775718397334e-6,r
10_kershaw1983,10,kershaw1983,neutral,green algae,47.9885,stellaris,37.65866662842876,-1.070138018632129e-6,r
12_kershaw1983,12,kershaw1983,neutral,green algae,47.9885,stellaris,41.720359955241136,-2.785290729379686e-7,r
12_kershaw1983,12,kershaw1983,neutral,green algae,47.9885,stellaris,40.27249044438772,-3.078479231992729e-7,r
12_kershaw1983,12,kershaw1983,neutral,green algae,47.9885,stellaris,38.92174449622782,-6.010364212678937e-7,r
14_kershaw1983,14,kershaw1983,neutral,green algae,47.9885,stellaris,41.720359955241136,-1.3193482390365825e-7,r
14_kershaw1983,14,kershaw1983,neutral,green algae,47.9885,stellaris,40.27249044438772,-2.49210223434068e-7,r
14_kershaw1983,14,kershaw1983,neutral,green algae,47.9885,stellaris,38.92174449622782,-6.010364212678937e-7,r
14_kershaw1983,14,kershaw1983,neutral,green algae,47.9885,stellaris,37.65866662842876,-1.24605111717034e-6,r
16_kershaw1983,16,kershaw1983,neutral,green algae,47.9885,stellaris,41.720359955241136,-1.3193482390365825e-7,r
16_kershaw1983,16,kershaw1983,neutral,green algae,47.9885,stellaris,40.27249044438772,-5.423987215026889e-7,r
16_kershaw1983,16,kershaw1983,neutral,green algae,47.9885,stellaris,38.92174449622782,-9.235437695978186e-7,r
16_kershaw1983,16,kershaw1983,neutral,green algae,47.9885,stellaris,37.65866662842876,-1.4366236415966068e-6,r
2_larson1980,2,larson1980,neutral,green algae,44.55,vellea,42.4840495022893,-1.059120874043778e-7,r
2_larson1980,2,larson1980,neutral,green algae,44.55,vellea,40.41273940989142,-2.0630305991062637e-7,r
2_larson1980,2,larson1980,neutral,green algae,44.55,vellea,38.53401335397749,-9.292580352950088e-7,r
4_larson1980,4,larson1980,neutral,green algae,44.55,vellea,42.4840495022893,-1.059120874043778e-7,r
4_larson1980,4,larson1980,neutral,green algae,44.55,vellea,40.41273940989142,-4.320466643944558e-7,r
4_larson1980,4,larson1980,neutral,green algae,44.55,vellea,38.53401335397749,-1.794906608346588e-6,r
6_larson1980,6,larson1980,neutral,green algae,44.55,mammulata,42.4840495022893,-1.676221123986973e-7,r
6_larson1980,6,larson1980,neutral,green algae,44.55,mammulata,40.41273940989142,-3.724935840339317e-7,r
6_larson1980,6,larson1980,neutral,green algae,44.55,mammulata,38.53401335397749,-1.50859901461789e-6,r
8_larson1980,8,larson1980,neutral,green algae,44.55,mammulata,42.4840495022893,-9.312339619783382e-8,r
8_larson1980,8,larson1980,neutral,green algae,44.55,mammulata,40.41273940989142,-2.7937018783609784e-7,r
8_larson1980,8,larson1980,neutral,green algae,44.55,mammulata,38.53401335397749,-6.332390926304629e-7,r
10_larson1980,10,larson1980,neutral,green algae,44.55,papulosa,42.4840495022893,-9.772949935620693e-8,r
10_larson1980,10,larson1980,neutral,green algae,44.55,papulosa,40.41273940989142,-3.713720980080285e-7,r
10_larson1980,10,larson1980,neutral,green algae,44.55,papulosa,38.53401335397749,-1.035932693327274e-6,r
12_larson1980,12,larson1980,neutral,green algae,44.55,papulosa,42.4840495022893,-9.772949935620693e-8,r
12_larson1980,12,larson1980,neutral,green algae,44.55,papulosa,40.41273940989142,-3.322802976596228e-7,r
12_larson1980,12,larson1980,neutral,green algae,44.55,papulosa,38.53401335397749,-1.0066138438233734e-6,r
14_larson1980,14,larson1980,neutral,green algae,44.55,muhlenbergii,42.4840495022893,-6.925786487919412e-8,r
14_larson1980,14,larson1980,neutral,green algae,44.55,muhlenbergii,40.41273940989142,-1.862784359615239e-7,r
14_larson1980,14,larson1980,neutral,green algae,44.55,muhlenbergii,38.53401335397749,-1.1476629576611376e-6,r
16_larson1980,16,larson1980,neutral,green algae,44.55,muhlenbergii,42.4840495022893,-2.2503955919109293e-8,r
16_larson1980,16,larson1980,neutral,green algae,44.55,muhlenbergii,40.41273940989142,-2.236815632810725e-7,r
16_larson1980,16,larson1980,neutral,green algae,44.55,muhlenbergii,38.53401335397749,-8.857634696659848e-7,r
18_larson1980,18,larson1980,neutral,green algae,44.55,deusta,42.4840495022893,-1.4438413618117097e-7,r
18_larson1980,18,larson1980,neutral,green algae,44.55,deusta,40.41273940989142,-7.116513224267211e-7,r
18_larson1980,18,larson1980,neutral,green algae,44.55,deusta,38.53401335397749,-2.046055029917443e-6,r
20_larson1980,20,larson1980,neutral,green algae,44.55,deusta,42.4840495022893,-1.0698527304400517e-7,r
20_larson1980,20,larson1980,neutral,green algae,44.55,deusta,40.41273940989142,-2.4447207831553437e-7,r
20_larson1980,20,larson1980,neutral,green algae,44.55,deusta,38.53401335397749,-1.4475199416799211e-6,r
1_lechowicz1973,1,lechowicz1973,neutral,green algae,43.8673,uncialis,42.17524303670842,-1.0389831098992654e-8,r
1_lechowicz1973,1,lechowicz1973,neutral,green algae,43.8673,uncialis,41.12889640811739,-1.4448963720366584e-7,r
1_lechowicz1973,1,lechowicz1973,neutral,green algae,43.8673,uncialis,40.27249044438772,-1.6918430735438918e-7,r
1_lechowicz1973,1,lechowicz1973,neutral,green algae,43.8673,uncialis,39.99489271601007,-1.2256989017647504e-7,r
1_lechowicz1973,1,lechowicz1973,neutral,green algae,43.8673,uncialis,39.58559823145258,-2.150243278042869e-7,r
1_lechowicz1973,1,lechowicz1973,neutral,green algae,43.8673,uncialis,39.18459605453426,-4.2135819662197987e-7,r
1_lechowicz1973,1,lechowicz1973,neutral,green algae,43.8673,uncialis,38.92174449622782,-3.958245959251685e-7,r
1_lechowicz1973,1,lechowicz1973,neutral,green algae,43.8673,uncialis,38.27978928434875,-4.711885147315004e-7,r
1_lechowicz1973,1,lechowicz1973,neutral,green algae,43.8673,uncialis,37.53685305369666,-5.084994084677724e-7,r
2_lechowicz1973,2,lechowicz1973,neutral,green algae,43.8673,rangiferina,42.022517188304626,-1.1147019465273045e-7,r
2_lechowicz1973,2,lechowicz1973,neutral,green algae,43.8673,rangiferina,41.12889640811739,-1.6561347572521398e-7,r
2_lechowicz1973,2,lechowicz1973,neutral,green algae,43.8673,rangiferina,40.27249044438772,-2.2401594183140194e-7,r
2_lechowicz1973,2,lechowicz1973,neutral,green algae,43.8673,rangiferina,39.857524030741274,-3.080595637355146e-7,r
2_lechowicz1973,2,lechowicz1973,neutral,green algae,43.8673,rangiferina,39.58559823145258,-3.162337582367644e-7,r
2_lechowicz1973,2,lechowicz1973,neutral,green algae,43.8673,rangiferina,39.31735768778696,-3.834342384306597e-7,r
2_lechowicz1973,2,lechowicz1973,neutral,green algae,43.8673,rangiferina,38.92174449622782,-3.5364145194274026e-7,r
2_lechowicz1973,2,lechowicz1973,neutral,green algae,43.8673,rangiferina,38.27978928434875,-5.723226562144967e-7,r
2_lechowicz1973,2,lechowicz1973,neutral,green algae,43.8673,rangiferina,37.65866662842876,-6.519457608119367e-7,r
3_lechowicz1973,3,lechowicz1973,neutral,green algae,43.8673,mitis,41.87089345679351,-1.1129810649094901e-7,r
3_lechowicz1973,3,lechowicz1973,neutral,green algae,43.8673,mitis,41.12889640811739,-1.0232800424146028e-7,r
3_lechowicz1973,3,lechowicz1973,neutral,green algae,43.8673,mitis,40.41273940989142,-1.3982174202832688e-7,r
3_lechowicz1973,3,lechowicz1973,neutral,green algae,43.8673,mitis,39.857524030741274,-2.953895629781111e-7,r
3_lechowicz1973,3,lechowicz1973,neutral,green algae,43.8673,mitis,39.58559823145258,-2.993691047489207e-7,r
3_lechowicz1973,3,lechowicz1973,neutral,green algae,43.8673,mitis,39.18459605453426,-3.201702779671287e-7,r
3_lechowicz1973,3,lechowicz1973,neutral,green algae,43.8673,mitis,38.92174449622782,-4.843425138226161e-7,r
3_lechowicz1973,3,lechowicz1973,neutral,green algae,43.8673,mitis,38.15393102597508,-5.006048579868211e-7,r
3_lechowicz1973,3,lechowicz1973,neutral,green algae,43.8673,mitis,37.53685305369666,-5.506610414299781e-7,r
4_lechowicz1973,4,lechowicz1973,neutral,green algae,43.8673,caroliniana,41.720359955241136,-1.9977300234795121e-7,r
4_lechowicz1973,4,lechowicz1973,neutral,green algae,43.8673,caroliniana,40.9836416088657,-1.697220836173597e-7,r
4_lechowicz1973,4,lechowicz1973,neutral,green algae,43.8673,caroliniana,40.27249044438772,-1.523411656441718e-7,r
4_lechowicz1973,4,lechowicz1973,neutral,green algae,43.8673,caroliniana,39.857524030741274,-2.110878080739226e-7,r
4_lechowicz1973,4,lechowicz1973,neutral,green algae,43.8673,caroliniana,39.58559823145258,-2.487751450427933e-7,r
4_lechowicz1973,4,lechowicz1973,neutral,green algae,43.8673,caroliniana,39.18459605453426,-2.9698137998939634e-7,r
4_lechowicz1973,4,lechowicz1973,neutral,green algae,43.8673,caroliniana,38.92174449622782,-3.4523063621904114e-7,r
4_lechowicz1973,4,lechowicz1973,neutral,green algae,43.8673,caroliniana,38.27978928434875,-3.952437976217526e-7,r
4_lechowicz1973,4,lechowicz1973,neutral,green algae,43.8673,caroliniana,37.53685305369666,-4.790077770203741e-7,r
18_lechowiczadams1974,18,lechowiczadams1974,neutral,green algae,43.7972,uncialis,42.329083062375794,-1.532681360296902e-8,r
18_lechowiczadams1974,18,lechowiczadams1974,neutral,green algae,43.7972,uncialis,41.12889640811739,-1.4313438460955845e-7,r
18_lechowiczadams1974,18,lechowiczadams1974,neutral,green algae,43.7972,uncialis,40.27249044438772,-1.6709041732939486e-7,r
18_lechowiczadams1974,18,lechowiczadams1974,neutral,green algae,43.7972,uncialis,39.99489271601007,-1.2692426493978645e-7,r
18_lechowiczadams1974,18,lechowiczadams1974,neutral,green algae,43.7972,uncialis,39.58559823145258,-2.187492532000303e-7,r
18_lechowiczadams1974,18,lechowiczadams1974,neutral,green algae,43.7972,uncialis,39.31735768778696,-4.230355858517004e-7,r
18_lechowiczadams1974,18,lechowiczadams1974,neutral,green algae,43.7972,uncialis,38.92174449622782,-3.98691286828751e-7,r
18_lechowiczadams1974,18,lechowiczadams1974,neutral,green algae,43.7972,uncialis,38.27978928434875,-4.780529250927819e-7,r
18_lechowiczadams1974,18,lechowiczadams1974,neutral,green algae,43.7972,uncialis,37.53685305369666,-5.157147602817541e-7,r
19_lechowiczadams1974,19,lechowiczadams1974,neutral,green algae,43.7972,rangiferina,42.17524303670842,-1.1364555631295917e-7,r
19_lechowiczadams1974,19,lechowiczadams1974,neutral,green algae,43.7972,rangiferina,41.12889640811739,-1.6689628417783836e-7,r
19_lechowiczadams1974,19,lechowiczadams1974,neutral,green algae,43.7972,rangiferina,40.27249044438772,-2.282035385897145e-7,r
19_lechowiczadams1974,19,lechowiczadams1974,neutral,green algae,43.7972,rangiferina,39.99489271601007,-3.0626448534423997e-7,r
19_lechowiczadams1974,19,lechowiczadams1974,neutral,green algae,43.7972,rangiferina,39.58559823145258,-3.213292191168674e-7,r
19_lechowiczadams1974,19,lechowiczadams1974,neutral,green algae,43.7972,rangiferina,39.31735768778696,-3.875674558812391e-7,r
19_lechowiczadams1974,19,lechowiczadams1974,neutral,green algae,43.7972,rangiferina,38.92174449622782,-3.5528310989926533e-7,r
19_lechowiczadams1974,19,lechowiczadams1974,neutral,green algae,43.7972,rangiferina,38.27978928434875,-5.76459028251155e-7,r
19_lechowiczadams1974,19,lechowiczadams1974,neutral,green algae,43.7972,rangiferina,37.65866662842876,-6.558789070665758e-7,r
20_lechowiczadams1974,20,lechowiczadams1974,neutral,green algae,43.7972,mitis,41.87089345679351,-1.1306315685828978e-7,r
20_lechowiczadams1974,20,lechowiczadams1974,neutral,green algae,43.7972,mitis,41.12889640811739,-1.037253518139817e-7,r
20_lechowiczadams1974,20,lechowiczadams1974,neutral,green algae,43.7972,mitis,40.55396862327563,-1.379122025297281e-7,r
20_lechowiczadams1974,20,lechowiczadams1974,neutral,green algae,43.7972,mitis,39.99489271601007,-2.9838267893660533e-7,r
20_lechowiczadams1974,20,lechowiczadams1974,neutral,green algae,43.7972,mitis,39.58559823145258,-3.0950650912671365e-7,r
20_lechowiczadams1974,20,lechowiczadams1974,neutral,green algae,43.7972,mitis,39.31735768778696,-3.244547633113687e-7,r
20_lechowiczadams1974,20,lechowiczadams1974,neutral,green algae,43.7972,mitis,38.92174449622782,-4.892738226160721e-7,r
20_lechowiczadams1974,20,lechowiczadams1974,neutral,green algae,43.7972,mitis,38.27978928434875,-5.034067174127093e-7,r
20_lechowiczadams1974,20,lechowiczadams1974,neutral,green algae,43.7972,mitis,37.53685305369666,-5.609477883814285e-7,r
21_lechowiczadams1974,21,lechowiczadams1974,neutral,green algae,43.7972,uncialis,41.570904967043965,-2.2806577444520187e-7,r
21_lechowiczadams1974,21,lechowiczadams1974,neutral,green algae,43.7972,uncialis,40.9836416088657,-1.567041975308642e-7,r
21_lechowiczadams1974,21,lechowiczadams1974,neutral,green algae,43.7972,uncialis,40.27249044438772,-2.0744373475725217e-7,r
21_lechowiczadams1974,21,lechowiczadams1974,neutral,green algae,43.7972,uncialis,39.99489271601007,-2.663388813148527e-7,r
21_lechowiczadams1974,21,lechowiczadams1974,neutral,green algae,43.7972,uncialis,39.58559823145258,-2.739702007119594e-7,r
21_lechowiczadams1974,21,lechowiczadams1974,neutral,green algae,43.7972,uncialis,39.31735768778696,-3.1709783685526016e-7,r
21_lechowiczadams1974,21,lechowiczadams1974,neutral,green algae,43.7972,uncialis,38.92174449622782,-3.365742073771113e-7,r
21_lechowiczadams1974,21,lechowiczadams1974,neutral,green algae,43.7972,uncialis,38.40648062733848,-4.3469394834507313e-7,r
21_lechowiczadams1974,21,lechowiczadams1974,neutral,green algae,43.7972,uncialis,37.9046811090979,-5.406974445201849e-7,r
22_lechowiczadams1974,22,lechowiczadams1974,neutral,green algae,43.7972,rangiferina,41.720359955241136,-4.251984889797774e-7,r
22_lechowiczadams1974,22,lechowiczadams1974,neutral,green algae,43.7972,rangiferina,40.9836416088657,-3.261855154131637e-7,r
22_lechowiczadams1974,22,lechowiczadams1974,neutral,green algae,43.7972,rangiferina,40.27249044438772,-3.49331909414527e-7,r
22_lechowiczadams1974,22,lechowiczadams1974,neutral,green algae,43.7972,rangiferina,39.857524030741274,-3.6486640233280314e-7,r
22_lechowiczadams1974,22,lechowiczadams1974,neutral,green algae,43.7972,rangiferina,39.58559823145258,-4.710640793758994e-7,r
22_lechowiczadams1974,22,lechowiczadams1974,neutral,green algae,43.7972,rangiferina,39.31735768778696,-4.826566946906006e-7,r
22_lechowiczadams1974,22,lechowiczadams1974,neutral,green algae,43.7972,rangiferina,38.92174449622782,-5.572999333484813e-7,r
22_lechowiczadams1974,22,lechowiczadams1974,neutral,green algae,43.7972,rangiferina,38.40648062733848,-7.302959304703476e-7,r
22_lechowiczadams1974,22,lechowiczadams1974,neutral,green algae,43.7972,rangiferina,37.781273389387344,-9.387688252669848e-7,r
23_lechowiczadams1974,23,lechowiczadams1974,neutral,green algae,43.7972,mitis,41.570904967043965,-1.8076324320230254e-7,r
23_lechowiczadams1974,23,lechowiczadams1974,neutral,green algae,43.7972,mitis,40.9836416088657,-1.8029720821025526e-7,r
23_lechowiczadams1974,23,lechowiczadams1974,neutral,green algae,43.7972,mitis,40.27249044438772,-2.153663258350375e-7,r
23_lechowiczadams1974,23,lechowiczadams1974,neutral,green algae,43.7972,mitis,39.857524030741274,-2.5445499431947284e-7,r
23_lechowiczadams1974,23,lechowiczadams1974,neutral,green algae,43.7972,mitis,39.58559823145258,-2.8973771112625916e-7,r
23_lechowiczadams1974,23,lechowiczadams1974,neutral,green algae,43.7972,mitis,39.31735768778696,-3.6438094978413994e-7,r
23_lechowiczadams1974,23,lechowiczadams1974,neutral,green algae,43.7972,mitis,38.92174449622782,-3.483998401878361e-7,r
23_lechowiczadams1974,23,lechowiczadams1974,neutral,green algae,43.7972,mitis,38.27978928434875,-5.804851639778838e-7,r
23_lechowiczadams1974,23,lechowiczadams1974,neutral,green algae,43.7972,mitis,37.781273389387344,-6.943335794895099e-7,r
24_lechowiczadams1974,24,lechowiczadams1974,neutral,green algae,43.7972,uncialis,42.022517188304626,-7.798578959327426e-8,r
24_lechowiczadams1974,24,lechowiczadams1974,neutral,green algae,43.7972,uncialis,40.839409190745464,-6.548044383852154e-8,r
24_lechowiczadams1974,24,lechowiczadams1974,neutral,green algae,43.7972,uncialis,40.27249044438772,-1.159237855032947e-7,r
24_lechowiczadams1974,24,lechowiczadams1974,neutral,green algae,43.7972,uncialis,39.857524030741274,-1.3913155873665078e-7,r
24_lechowiczadams1974,24,lechowiczadams1974,neutral,green algae,43.7972,uncialis,39.58559823145258,-2.132621722335833e-7,r
24_lechowiczadams1974,24,lechowiczadams1974,neutral,green algae,43.7972,uncialis,39.18459605453426,-2.1690636824964026e-7,r
24_lechowiczadams1974,24,lechowiczadams1974,neutral,green algae,43.7972,uncialis,38.92174449622782,-2.558033628720746e-7,r
24_lechowiczadams1974,24,lechowiczadams1974,neutral,green algae,43.7972,uncialis,38.27978928434875,-3.7264778686662123e-7,r
24_lechowiczadams1974,24,lechowiczadams1974,neutral,green algae,43.7972,uncialis,37.65866662842876,-4.113529818980535e-7,r
25_lechowiczadams1974,25,lechowiczadams1974,neutral,green algae,43.7972,rangiferina,42.17524303670842,-9.367501098235249e-8,r
25_lechowiczadams1974,25,lechowiczadams1974,neutral,green algae,43.7972,rangiferina,40.9836416088657,-1.3598604180867985e-7,r
25_lechowiczadams1974,25,lechowiczadams1974,neutral,green algae,43.7972,rangiferina,40.27249044438772,-1.472255093539347e-7,r
25_lechowiczadams1974,25,lechowiczadams1974,neutral,green algae,43.7972,rangiferina,39.99489271601007,-1.6653974626978718e-7,r
25_lechowiczadams1974,25,lechowiczadams1974,neutral,green algae,43.7972,rangiferina,39.58559823145258,-2.406128205710823e-7,r
25_lechowiczadams1974,25,lechowiczadams1974,neutral,green algae,43.7972,rangiferina,39.31735768778696,-2.9126714155873665e-7,r
25_lechowiczadams1974,25,lechowiczadams1974,neutral,green algae,43.7972,rangiferina,38.92174449622782,-3.790347201393622e-7,r
25_lechowiczadams1974,25,lechowiczadams1974,neutral,green algae,43.7972,rangiferina,38.27978928434875,-4.548339915170795e-7,r
25_lechowiczadams1974,25,lechowiczadams1974,neutral,green algae,43.7972,rangiferina,37.65866662842876,-5.952122487313489e-7,r
26_lechowiczadams1974,26,lechowiczadams1974,neutral,green algae,43.7972,mitis,41.87089345679351,-1.992032485041279e-7,r
26_lechowiczadams1974,26,lechowiczadams1974,neutral,green algae,43.7972,mitis,40.9836416088657,-1.320925062485799e-7,r
26_lechowiczadams1974,26,lechowiczadams1974,neutral,green algae,43.7972,mitis,40.27249044438772,-1.550317602060138e-7,r
26_lechowiczadams1974,26,lechowiczadams1974,neutral,green algae,43.7972,mitis,39.99489271601007,-2.01773365901689e-7,r
26_lechowiczadams1974,26,lechowiczadams1974,neutral,green algae,43.7972,mitis,39.58559823145258,-2.621519359236537e-7,r
26_lechowiczadams1974,26,lechowiczadams1974,neutral,green algae,43.7972,mitis,39.31735768778696,-2.736695122320685e-7,r
26_lechowiczadams1974,26,lechowiczadams1974,neutral,green algae,43.7972,mitis,38.92174449622782,-3.184068105733545e-7,r
26_lechowiczadams1974,26,lechowiczadams1974,neutral,green algae,43.7972,mitis,38.40648062733848,-4.666488578353404e-7,r
26_lechowiczadams1974,26,lechowiczadams1974,neutral,green algae,43.7972,mitis,37.53685305369666,-5.795230273422707e-7,r
2_macfarlane1983,2,macfarlane1983,neutral,green algae,45.1166,rangiferina,41.720359955241136,-1.6595460577141557e-7,r
2_macfarlane1983,2,macfarlane1983,neutral,green algae,45.1166,rangiferina,40.27249044438772,-2.2473019541013406e-7,r
2_macfarlane1983,2,macfarlane1983,neutral,green algae,45.1166,rangiferina,38.92174449622782,-6.613039597061274e-7,r
2_macfarlane1983,2,macfarlane1983,neutral,green algae,45.1166,rangiferina,37.65866662842876,-7.59053737029463e-7,r
4_macfarlane1983,4,macfarlane1983,neutral,green algae,45.1166,rangiferina,41.720359955241136,-4.727191804892827e-7,r
4_macfarlane1983,4,macfarlane1983,neutral,green algae,45.1166,rangiferina,40.27249044438772,-4.164580542300992e-7,r
4_macfarlane1983,4,macfarlane1983,neutral,green algae,45.1166,rangiferina,38.92174449622782,-7.012210717261229e-7,r
4_macfarlane1983,4,macfarlane1983,neutral,green algae,45.1166,rangiferina,37.65866662842876,-1.8324154404302052e-6,r
6_macfarlane1983,6,macfarlane1983,neutral,green algae,45.1166,rangiferina,41.720359955241136,-3.56739541013406e-7,r
6_macfarlane1983,6,macfarlane1983,neutral,green algae,45.1166,rangiferina,38.92174449622782,-8.137433234870863e-7,r
6_macfarlane1983,6,macfarlane1983,neutral,green algae,45.1166,rangiferina,37.65866662842876,-1.2188862909944708e-6,r
8_macfarlane1983,8,macfarlane1983,neutral,green algae,45.1166,rangiferina,41.720359955241136,-2.813056290237068e-7,r
8_macfarlane1983,8,macfarlane1983,neutral,green algae,45.1166,rangiferina,38.92174449622782,-7.383094114973869e-7,r
10_macfarlane1983,10,macfarlane1983,neutral,green algae,45.1166,rangiferina,41.720359955241136,-2.0587171779141106e-7,r
10_macfarlane1983,10,macfarlane1983,neutral,green algae,45.1166,rangiferina,40.27249044438772,-5.321233855941831e-7,r
10_macfarlane1983,10,macfarlane1983,neutral,green algae,45.1166,rangiferina,38.92174449622782,-8.542890509732636e-7,r
10_macfarlane1983,10,macfarlane1983,neutral,green algae,45.1166,rangiferina,37.65866662842876,-9.504672884950392e-7,r
12_macfarlane1983,12,macfarlane1983,neutral,green algae,45.1166,rangiferina,41.720359955241136,-3.283973127319549e-7,r
12_macfarlane1983,12,macfarlane1983,neutral,green algae,45.1166,rangiferina,40.27249044438772,-8.783135401045217e-7,r
12_macfarlane1983,12,macfarlane1983,neutral,green algae,45.1166,rangiferina,38.92174449622782,-5.299138453381807e-7,r
12_macfarlane1983,12,macfarlane1983,neutral,green algae,45.1166,rangiferina,37.65866662842876,-1.0750533848367794e-6,r
14_macfarlane1983,14,macfarlane1983,neutral,green algae,45.1166,rangiferina,41.720359955241136,-3.812394258880558e-7,r
14_macfarlane1983,14,macfarlane1983,neutral,green algae,45.1166,rangiferina,40.27249044438772,-3.0421532909187306e-7,r
14_macfarlane1983,14,macfarlane1983,neutral,green algae,45.1166,rangiferina,38.92174449622782,-4.776688184503521e-7,r
14_macfarlane1983,14,macfarlane1983,neutral,green algae,45.1166,rangiferina,37.65866662842876,-8.921957903506779e-7,r
16_macfarlane1983,16,macfarlane1983,neutral,green algae,45.1166,rangiferina,41.720359955241136,-3.289943990002272e-7,r
16_macfarlane1983,16,macfarlane1983,neutral,green algae,45.1166,rangiferina,40.27249044438772,-1.997252745588124e-7,r
16_macfarlane1983,16,macfarlane1983,neutral,green algae,45.1166,rangiferina,38.92174449622782,-6.344038998712414e-7,r
16_macfarlane1983,16,macfarlane1983,neutral,green algae,45.1166,rangiferina,37.65866662842876,-7.615832227524047e-7,r
18_macfarlane1983,18,macfarlane1983,neutral,green algae,45.1166,rangiferina,41.720359955241136,-2.256985170037113e-7,r
18_macfarlane1983,18,macfarlane1983,neutral,green algae,45.1166,rangiferina,40.27249044438772,-3.5646035597970157e-7,r
18_macfarlane1983,18,macfarlane1983,neutral,green algae,45.1166,rangiferina,38.92174449622782,-5.287196735590396e-7,r
18_macfarlane1983,18,macfarlane1983,neutral,green algae,45.1166,rangiferina,37.65866662842876,-1.4401714875407105e-6,r
20_macfarlane1983,20,macfarlane1983,neutral,green algae,45.1166,rangiferina,41.720359955241136,-3.301885707793683e-7,r
20_macfarlane1983,20,macfarlane1983,neutral,green algae,45.1166,rangiferina,40.27249044438772,-5.131954366431871e-7,r
20_macfarlane1983,20,macfarlane1983,neutral,green algae,45.1166,rangiferina,38.92174449622782,-4.7528047413466646e-7,r
20_macfarlane1983,20,macfarlane1983,neutral,green algae,45.1166,rangiferina,37.65866662842876,-1.1789463531015677e-6,r
2_sanchokappen1989,2,sanchokappen1989,high,green algae,40.2997,decussata,43.276218987694655,-6.8365068545027645e-9,r
2_sanchokappen1989,2,sanchokappen1989,high,green algae,40.2997,decussata,42.4840495022893,-6.043845035219268e-8,r
2_sanchokappen1989,2,sanchokappen1989,high,green algae,40.2997,decussata,41.720359955241136,-1.21041582216163e-7,r
2_sanchokappen1989,2,sanchokappen1989,high,green algae,40.2997,decussata,40.9836416088657,-2.4689976141785956e-7,r
2_sanchokappen1989,2,sanchokappen1989,high,green algae,40.2997,decussata,40.27249044438772,-3.0046672801635994e-7,r
2_sanchokappen1989,2,sanchokappen1989,high,green algae,40.2997,decussata,39.58559823145258,-3.7694932666818145e-7,r
2_sanchokappen1989,2,sanchokappen1989,high,green algae,40.2997,decussata,38.92174449622782,-5.715893796864348e-7,r
2_sanchokappen1989,2,sanchokappen1989,high,green algae,40.2997,decussata,38.27978928434875,-6.780587533136407e-7,r
4_sanchokappen1989,4,sanchokappen1989,high,green algae,40.2997,subglabra,43.276218987694655,-5.2965288192077564e-9,r
4_sanchokappen1989,4,sanchokappen1989,high,green algae,40.2997,subglabra,42.4840495022893,-6.532385518442778e-8,r
4_sanchokappen1989,4,sanchokappen1989,high,green algae,40.2997,subglabra,41.720359955241136,-1.1122710520336287e-7,r
4_sanchokappen1989,4,sanchokappen1989,high,green algae,40.2997,subglabra,40.9836416088657,-2.0303360448382946e-7,r
4_sanchokappen1989,4,sanchokappen1989,high,green algae,40.2997,subglabra,40.27249044438772,-2.55998892675907e-7,r
4_sanchokappen1989,4,sanchokappen1989,high,green algae,40.2997,subglabra,39.58559823145258,-3.9017762251003556e-7,r
4_sanchokappen1989,4,sanchokappen1989,high,green algae,40.2997,subglabra,38.92174449622782,-5.420114489131258e-7,r
4_sanchokappen1989,4,sanchokappen1989,high,green algae,40.2997,subglabra,38.27978928434875,-7.009073127319548e-7,r
6_sanchokappen1989,6,sanchokappen1989,high,green algae,40.2997,havaasii,43.276218987694655,-2.3531507990608193e-9,r
6_sanchokappen1989,6,sanchokappen1989,high,green algae,40.2997,havaasii,42.4840495022893,-2.8902189653866548e-8,r
6_sanchokappen1989,6,sanchokappen1989,high,green algae,40.2997,havaasii,41.720359955241136,-8.53908982806938e-8,r
6_sanchokappen1989,6,sanchokappen1989,high,green algae,40.2997,havaasii,40.9836416088657,-2.014709406952965e-7,r
6_sanchokappen1989,6,sanchokappen1989,high,green algae,40.2997,havaasii,40.27249044438772,-2.765492130576384e-7,r
6_sanchokappen1989,6,sanchokappen1989,high,green algae,40.2997,havaasii,39.58559823145258,-4.076187275619177e-7,r
6_sanchokappen1989,6,sanchokappen1989,high,green algae,40.2997,havaasii,38.92174449622782,-6.151476399303188e-7,r
8_sanchokappen1989,8,sanchokappen1989,high,green algae,40.2997,cinereorufescens,43.276218987694655,-8.407150647580096e-9,r
8_sanchokappen1989,8,sanchokappen1989,high,green algae,40.2997,cinereorufescens,42.4840495022893,-3.144750132545633e-8,r
8_sanchokappen1989,8,sanchokappen1989,high,green algae,40.2997,cinereorufescens,41.720359955241136,-5.4434976899189586e-8,r
8_sanchokappen1989,8,sanchokappen1989,high,green algae,40.2997,cinereorufescens,40.9836416088657,-6.991418011058092e-8,r
8_sanchokappen1989,8,sanchokappen1989,high,green algae,40.2997,cinereorufescens,40.27249044438772,-1.0417728395061728e-7,r
8_sanchokappen1989,8,sanchokappen1989,high,green algae,40.2997,cinereorufescens,39.58559823145258,-1.3840073165189728e-7,r
8_sanchokappen1989,8,sanchokappen1989,high,green algae,40.2997,cinereorufescens,38.92174449622782,-1.764576278118609e-7,r
8_sanchokappen1989,8,sanchokappen1989,high,green algae,40.2997,cinereorufescens,38.27978928434875,-2.1817612891009621e-07,r
10_sanchokappen1989,10,sanchokappen1989,high,green algae,40.5926,pustulata,43.276218987694655,-1.7536356888585932e-8,r
10_sanchokappen1989,10,sanchokappen1989,high,green algae,40.5926,pustulata,42.4840495022893,-5.928958872983413e-8,r
10_sanchokappen1989,10,sanchokappen1989,high,green algae,40.5926,pustulata,41.720359955241136,-1.2275450049231236e-7,r
10_sanchokappen1989,10,sanchokappen1989,high,green algae,40.5926,pustulata,40.9836416088657,-2.0960122244944334e-7,r
10_sanchokappen1989,10,sanchokappen1989,high,green algae,40.5926,pustulata,40.27249044438772,-3.198297538438234e-7,r
10_sanchokappen1989,10,sanchokappen1989,high,green algae,40.5926,pustulata,39.58559823145258,-4.601206119821253e-7,r
10_sanchokappen1989,10,sanchokappen1989,high,green algae,40.5926,pustulata,38.92174449622782,-6.104322449443309e-7,r
12_sanchokappen1989,12,sanchokappen1989,high,green algae,40.5926,hispanica,43.276218987694655,-2.6575565401802625e-8,r
12_sanchokappen1989,12,sanchokappen1989,high,green algae,40.5926,hispanica,42.4840495022893,-7.64047511929107e-8,r
12_sanchokappen1989,12,sanchokappen1989,high,green algae,40.5926,hispanica,41.720359955241136,-1.395217193062183e-7,r
12_sanchokappen1989,12,sanchokappen1989,high,green algae,40.5926,hispanica,40.9836416088657,-2.059606339468303e-7,r
12_sanchokappen1989,12,sanchokappen1989,high,green algae,40.5926,hispanica,40.27249044438772,-3.056190047716428e-7,r
12_sanchokappen1989,12,sanchokappen1989,high,green algae,40.5926,hispanica,39.58559823145258,-3.820237559645535e-7,r
12_sanchokappen1989,12,sanchokappen1989,high,green algae,40.5926,hispanica,38.92174449622782,-5.946282806937817e-7,r
12_sanchokappen1989,12,sanchokappen1989,high,green algae,40.5926,hispanica,38.27978928434875,-6.677110861167916e-7,r
14_sanchokappen1989,14,sanchokappen1989,high,green algae,40.2997,spodochroa,42.4840495022893,-7.336798379156252e-8,r
14_sanchokappen1989,14,sanchokappen1989,high,green algae,40.2997,spodochroa,41.720359955241136,-1.1532823449216088e-7,r
14_sanchokappen1989,14,sanchokappen1989,high,green algae,40.2997,spodochroa,41.12889640811739,-2.1353698477618725e-7,r
14_sanchokappen1989,14,sanchokappen1989,high,green algae,40.2997,spodochroa,40.27249044438772,-2.941323661289101e-7,r
14_sanchokappen1989,14,sanchokappen1989,high,green algae,40.2997,spodochroa,39.7210957437971,-3.46673846852988e-7,r
14_sanchokappen1989,14,sanchokappen1989,high,green algae,40.2997,spodochroa,38.92174449622782,-5.045682034386124e-7,r
14_sanchokappen1989,14,sanchokappen1989,high,green algae,40.2997,spodochroa,38.27978928434875,-5.992450920245398e-7,r
16_sanchokappen1989,16,sanchokappen1989,high,green algae,40.2997,grisea,42.4840495022893,-6.307175111717034e-8,r
16_sanchokappen1989,16,sanchokappen1989,high,green algae,40.2997,grisea,41.720359955241136,-1.1828573051579186e-7,r
16_sanchokappen1989,16,sanchokappen1989,high,green algae,40.2997,grisea,41.12889640811739,-1.49004822388851e-7,r
16_sanchokappen1989,16,sanchokappen1989,high,green algae,40.2997,grisea,40.27249044438772,-2.3555801787472545e-7,r
16_sanchokappen1989,16,sanchokappen1989,high,green algae,40.2997,grisea,39.7210957437971,-2.768996000908885e-7,r
16_sanchokappen1989,16,sanchokappen1989,high,green algae,40.2997,grisea,38.92174449622782,-3.9492981670832386e-7,r
16_sanchokappen1989,16,sanchokappen1989,high,green algae,40.2997,grisea,38.27978928434875,-4.6410806407634627e-7,r
3_sonesson1989,3,sonesson1989,neutral,green algae,68.2,olivacea,43.276218987694655,-4.1889153980156035e-9,r
3_sonesson1989,3,sonesson1989,neutral,green algae,68.2,olivacea,42.4840495022893,-9.115848292054837e-8,r
3_sonesson1989,3,sonesson1989,neutral,green algae,68.2,olivacea,41.720359955241136,-1.3979575702491858e-7,r
3_sonesson1989,3,sonesson1989,neutral,green algae,68.2,olivacea,40.9836416088657,-2.3981540710444594e-7,r
3_sonesson1989,3,sonesson1989,neutral,green algae,68.2,olivacea,40.27249044438772,-4.035858888131486e-7,r
3_sonesson1989,3,sonesson1989,neutral,green algae,68.2,olivacea,39.58559823145258,-7.079081148223889e-7,r
3_sonesson1989,3,sonesson1989,neutral,green algae,68.2,olivacea,38.92174449622782,-8.716785957736877e-7,r
3_sonesson1989,3,sonesson1989,neutral,green algae,68.2,olivacea,38.27978928434875,-1.1505822850867229e-6,r
4_sonesson1989,4,sonesson1989,neutral,green algae,68.2,ambigua,43.276218987694655,-1.0577630841475422e-8,r
4_sonesson1989,4,sonesson1989,neutral,green algae,68.2,ambigua,42.4840495022893,-9.768352419904567e-8,r
4_sonesson1989,4,sonesson1989,neutral,green algae,68.2,ambigua,41.720359955241136,-1.399320828599561e-7,r
4_sonesson1989,4,sonesson1989,neutral,green algae,68.2,ambigua,40.9836416088657,-2.334266916609862e-7,r
4_sonesson1989,4,sonesson1989,neutral,green algae,68.2,ambigua,40.27249044438772,-4.035858888131486e-7,r
4_sonesson1989,4,sonesson1989,neutral,green algae,68.2,ambigua,39.58559823145258,-7.591541657199122e-7,r
4_sonesson1989,4,sonesson1989,neutral,green algae,68.2,ambigua,38.92174449622782,-8.909810686965084e-7,r
2_kappen1983,2,kappen1983,neutral,green algae,-70.47,sulphurea,42.640154773287975,-4.7379244082739775e-8,r
2_kappen1983,2,kappen1983,neutral,green algae,-70.47,sulphurea,41.87089345679351,-1.1331942946527663e-7,r
2_kappen1983,2,kappen1983,neutral,green algae,-70.47,sulphurea,41.720359955241136,-1.36764828664989e-7,r
2_kappen1983,2,kappen1983,neutral,green algae,-70.47,sulphurea,41.570904967043965,-1.36764828664989e-7,r
2_kappen1983,2,kappen1983,neutral,green algae,-70.47,sulphurea,41.275184497778135,-1.7779427708669142e-7,r
2_kappen1983,2,kappen1983,neutral,green algae,-70.47,sulphurea,41.275184497778135,-2.232197380805828e-7,r
2_kappen1983,2,kappen1983,neutral,green algae,-70.47,sulphurea,40.9836416088657,-2.701105364800076e-7,r
2_kappen1983,2,kappen1983,neutral,green algae,-70.47,sulphurea,40.839409190745464,-2.6571452390781864e-7,r
2_kappen1983,2,kappen1983,neutral,green algae,-70.47,sulphurea,40.27249044438772,-4.210402935170161e-7,r
2_kappen1983,2,kappen1983,neutral,green algae,-70.47,sulphurea,39.99489271601007,-6.994544087469095e-7,r
2_kappen1983,2,kappen1983,neutral,green algae,-70.47,sulphurea,39.58559823145258,-7.023850835579764e-7,r
4_kappen1983,4,kappen1983,neutral,green algae,-70.47,sulphurea,43.4382111980173,-2.2224284635836428e-8,r
4_kappen1983,4,kappen1983,neutral,green algae,-70.47,sulphurea,43.11543050919681,-2.6391338005055757e-8,r
4_kappen1983,4,kappen1983,neutral,green algae,-70.47,sulphurea,41.87089345679351,-2.222428463583643e-7,r
4_kappen1983,4,kappen1983,neutral,green algae,-70.47,sulphurea,41.87089345679351,-2.680804334197769e-7,r
4_kappen1983,4,kappen1983,neutral,green algae,-70.47,sulphurea,41.42251694288889,-4.9726836872684e-7,r
4_kappen1983,4,kappen1983,neutral,green algae,-70.47,sulphurea,41.12889640811739,-5.326883223652044e-7,r
4_kappen1983,4,kappen1983,neutral,green algae,-70.47,sulphurea,40.839409190745464,-6.056117563265427e-7,r
4_kappen1983,4,kappen1983,neutral,green algae,-70.47,sulphurea,40.55396862327563,-8.056303180490705e-7,r
4_kappen1983,4,kappen1983,neutral,green algae,-70.47,sulphurea,40.27249044438772,-9.160572323333828e-7,r
4_kappen1983,4,kappen1983,neutral,green algae,-70.47,sulphurea,39.99489271601007,-1.1056581606328625e-6,r
4_kappen1983,4,kappen1983,neutral,green algae,-70.47,sulphurea,39.7210957437971,-1.2223356549710035e-6,r
4_kappen1983,4,kappen1983,neutral,green algae,-70.47,sulphurea,39.451022000851,-1.3848507363705575e-6,r
